DST1401*01  X220   0   4   3   1   1  -1  -4  -6  -7  -5   3  12  10  -1 -19 -32 -39 -32 -27 -26 -26 -27 -25 -17 -13 -11
DST1401*02  X220   0 -15 -14 -15 -23 -24 -19 -17 -22 -19 -20 -24 -23 -15 -20 -25 -27 -24 -18 -18 -12 -11 -15 -16 -13 -19
DST1401*03  X220   0  -9  -6  -5  -9 -13 -11 -15 -18 -17 -20 -22 -19 -19 -17 -15 -16 -26 -29 -28 -31 -30 -24 -21 -19 -18
DST1401*04  X220   0 -14 -10 -10 -12 -12 -13 -10  -8  -8 -12 -12  -6  -1  -4  -7 -10 -10  -7  -5 -11 -15 -14 -11 -10 -10
DST1401*05  X220   0 -10  -8  -8  -8  -9  -7  -4  -6  -7  -9 -11 -13 -14 -12  -9 -10 -10  -5  -3  -5  -8  -8  -7  -8  -8
DST1401*06  X220   0 -10  -9  -8  -8  -6  -3  -3  -6  -8 -10 -10  -9  -5  -6  -5  -2  -2  -5  -6  -9  -9  -8 -10 -10  -7
DST1401*07  X220   0 -10  -8  -7 -10 -10  -6  -6  -9 -10 -10 -11  -9  -9 -12 -10  -2  -2  -8  -9  -3  -1   0   4   2  -7
DST1401*08  X220   0  -1  -8 -12 -13 -14 -11 -11 -11 -12 -13 -12 -10 -12 -14 -13  -9  -9  -5  -3  -4  -7  -3   1   0  -9
DST1401*09  X220   0   0  -5 -14 -22 -22 -20 -16 -15 -19 -21 -21 -18 -17 -15  -9  -4  -1   0   1  -3   4   3   4   6  -9
DST1401*10  X220   0   5   2  -1  -2  -5  -8  -6  -4  -3   3   4   2  -1  -3  -2   0  -5  -7  -6  -5  -4  -2  -2  -4  -2
DST1401*11  X220   0  -4  -5  -6  -8  -8  -5   0   3   4   6   8  10  10   9   9   8   5   6   5  -2  -7 -10  -8  -2   1
DST1401*12  X220   0  -2  -8  -9  -7  -6  -5  -2   1  -2  -6  -7  -7  -8 -12 -13 -10  -8  -8  -6  -9 -13  -8 -13 -15  -8
DST1401*13  X220   0 -15 -17 -19 -20 -20 -13  -8  -1   1   3   4   2  -1  -2  -2  -4  -3  -4  -3  -3  -5  -5  -4  -6  -6
DST1401*14  X220   0 -10 -17 -14 -12 -10 -11 -10  -8 -10  -8  -3  -1  -5  -9 -11 -13 -10  -7  -4  -7 -10  -8  -5  -8  -9
DST1401*15  X220   0 -10 -12 -11 -12 -17 -18 -18 -15 -14 -13 -11  -9  -7  -5  -4  -4  -4  -3  -2  -3  -5  -7  -8  -8  -9
DST1401*16  X220   0  -8  -9  -7  -6  -5  -4  -4  -3   0   1   0   0  -2  -3  -2  -1   0   2   4   3   4   5   4   0  -1
DST1401*17  X220   0  -1   0   2   2   0  -1   0   3   6   6   5   4   3   2   2   3   6   9   8   4   0  -1  -4  -5   2
DST1401*18  X220   0  -7  -9 -10  -8  -8  -6  -4  -4  -4  -4  -3  -1   1   3   4   4   2   0   2   5  12  14  14  12   0
DST1401*19  X220   0  13  13  13  11   6   7   8   9   9   8   8  11  11  12  12  13  11  11  10   6   2   0   0   0   9
DST1401*20  X220   0  -1  -1   2   6   9   9   7   4   4   1  -1  -3  -2  -3  -3   0   0   1   2   1   2   6   5   8   2
DST1401*21  X220   0   7   5   9  11  10  10   5   1   7   9   0  -5   0   2  11  17  12   2   1   3   3  -9  -8  -6   4
DST1401*22  X220   0  -6  -9 -10 -10 -12 -12 -13 -16 -17 -13  -9  -9 -12 -10 -11  -9  -4  -3  -1  -3  -4  -6  -6  -5  -9
DST1401*23  X220   0  -5  -9  -8  -7 -12 -14 -10  -8  -6  -4  -3  -1  -3  -9  -9  -4  -4  -2   0  -3  -7 -10 -13 -16  -7
DST1401*24  X220   0 -15 -12 -12  -9 -11  -8  -5  -2  -2  -3  -3  -1   0   3   3   3   3   5   5   5   6   6   1  -1  -2
DST1401*25  X220   0  -1  -5 -11 -15 -15 -13 -12 -12  -5  -2  -1   0   2   1  -5  -9 -11  -7  -2  -1  -2 -11 -17 -21  -7
DST1401*26  X220   0 -21 -19 -19 -21 -24 -26 -27 -26 -24 -17 -12  -8  -8  -9  -8  -8  -8  -8  -6  -9  -7  -5  -3  -1 -14
DST1401*27  X220   0   0   0  -3  -8 -13 -13 -10  -8  -6  -2   1   0  -2  -4  -3  -1   0   1   2   0  -2  -3  -4  -4  -3
DST1401*28  X220   0  -2  -1  -2  -6 -10 -10  -6  -2   1  -1  -5  -5  -5  -5  -2  -1   2   3   2  -2  -4 -11 -12 -12  -4
DST1401*29  X220   0 -10  -2  -4  -6 -12 -13 -15 -15 -12  -6  -2   0   2  -1  -5  -8 -10  -8  -7  -6  -5  -6  -4  -5  -7
DST1401*30  X220   0  -5  -4  -5 -11 -15 -11 -11 -13 -13 -11  -7  -5  -4  -4  -6  -8  -7  -5  -1  -5  -2  -1  -7  -8  -7
DST1401*31  X220   0  -7  -8  -9  -8  -7  -7  -6  -4  -1   2   5   5   4   2   0   0   1   3   5   6   4   1  -2  -3  -1
DST1402*01  X220   0   0   3   4   3   3   4   4   4   4   2   1   5   8   8  11  12  11  11   9   4   3  -3  -6  -3   4
DST1402*02  X220   0  -3  -2  -1  -1  -4  -5  -5  -5  -5  -5  -2   1   4   4   2   1   4   8   9   7   2  -2  -4  -5   0
DST1402*03  X220   0   3   8   9   9   5   0   2   6   4   5   3   5   6   4   0  -1  -4  -1   4   5   3   0  -8 -12   2
DST1402*04  X220   0  -9 -11  -5   0   2   4   2   3   3   3   2   0  -2  -1  -1   0  -2   0   5   9  10   9   8   6   1
DST1402*05  X220   0   6   4   5   4   8  10   8   7   8   8   5   4   5   3   1   3   7  10  12  13  14  12   7  -1   7
DST1402*06  X220   0  -2  -2  -3  -1  -4 -10 -15 -15 -16 -21 -28 -29 -28 -31 -31 -25 -27 -20 -16 -11 -11 -16 -18 -19 -17
DST1402*07  X220   0 -20 -20 -20 -18 -15 -14 -16 -17 -20 -20 -19 -19 -18 -16 -15 -11 -11   9   7   9   7  10   4 -22 -11
DST1402*08  X220   0 -26   6  15  17   8  -6 -10 -19 -29 -23 -21 -20 -17 -28 -28 -28 -27 -32 -31 -25 -22 -29 -32 -28 -18
DST1402*09  X220   0 -31 -39 -35 -31 -26 -31 -38 -35 -34 -28 -23 -24 -22 -28 -28 -25 -26 -27 -28 -21 -27 -31 -31 -28 -29
DST1402*10  X220   0 -25 -24 -21 -19 -22 -26 -27 -27 -29 -30 -29 -27 -26 -25 -24 -23 -21 -20 -12 -13 -22 -21 -21 -23 -23
DST1402*11  X220   0 -21 -20 -18 -16 -14 -14 -17 -17 -14 -14 -17 -17 -15 -13 -13 -14 -11  -8  -6  -6 -13 -19 -23 -24 -15
DST1402*12  X220   0 -17 -14 -13 -13 -17 -20 -20 -17 -14 -16 -22 -20 -16 -14 -14 -15 -18 -17 -14 -11 -10  -9  -4  -3 -15
DST1402*13  X220   0   0   5   5   6   7   7   8   5   3   0   4   4   5   5   3   3   3   2   2   3   3   2   2   2   4
DST1402*14  X220   0   4   5   6   6   6   5   7   8   5   3   3   3   0   5   9   5   4   0   0   1   0   2   2   1   4
DST1402*15  X220   0  -3  -7  -9  -5   0   2   3   3   1  -5  -6  -1   8  24  24  29  31  34  38  39  42  44  38  27  15
DST1402*16  X220   0   6 -13  -5  -1  -9 -13  -9  -8 -10 -15 -23 -24 -18 -12 -14 -12 -23 -25 -24 -27 -30 -31 -28 -22 -16
DST1402*17  X220   0 -21 -23 -25 -22 -17 -19 -21 -23 -23 -25 -27 -25 -22 -17 -18 -21 -22 -17 -13 -14 -14 -11 -15 -17 -20
DST1402*18  X220   0 -14 -13 -11  -9 -10 -11  -8  -4  -8 -10 -11  -8  -2   0  -1  -3 -10 -19 -16 -20 -27 -35 -43 -52 -14
DST1402*19  X220   0 -61 -62 -67 -58 -55 -74 -97-107-119 -98 -87 -76 -71 -58 -60 -59 -53 -51 -49 -45 -44 -44 -42 -47 -66
DST1402*20  X220   0 -49 -52 -53 -37 -50 -74 -80 -65 -64 -62 -78 -93 -95 -85 -67 -64 -65 -57 -47 -47 -45 -49 -50 -50 -62
DST1402*21  X220   0 -52 -56 -56 -48 -46 -46 -49 -49 -52 -53 -53 -51 -46 -45 -47 -49 -43 -40 -40 -40 -40 -38 -43 -56 -47
DST1402*22  X220   0 -61 -64 -54 -54 -50 -50 -51 -44 -41 -41 -36 -36 -32 -30 -29 -29 -26 -27 -26 -24 -21 -21 -26 -27 -38
DST1402*23  X220   0 -26 -28 -27 -24 -17  -8  -4   8   2   2  -2 -14 -20 -18 -10 -24 -38 -42 -48 -55 -51 -44 -50 -54 -25
DST1402*24  X220   0 -52 -49 -47 -46 -41 -38 -37 -36 -38 -36 -32 -31 -32 -31 -31 -31 -27 -24 -20 -14 -12 -11  -9 -11 -31
DST1402*25  X220   0 -13 -17 -18 -17 -16 -17 -17 -17 -16 -13 -13 -16 -19 -19 -18 -15 -13 -13 -15 -14 -13 -11 -12 -10 -15
DST1402*26  X220   0 -12 -14 -14 -11  -8  -6  -6  -6  -6  -4  -5  -5  -6  -7  -8  -9  -8  -7  -8  -7  -4   1   5   1  -6
DST1402*27  X220   0  -1  -1  -4  -8  -8  -5  -5  -5  -4  -3  -2  -4 -11 -13 -16 -20 -15  -8 -19 -36 -64 -94 -95 -97 -22
DST1402*28  X220   0 -93 -94 -92 -81 -74 -70 -67 -65 -68 -62 -56 -53 -56 -58 -58 -56 -54 -57 -50 -44 -39 -36 -34 -32 -60
DST1403*01  X220   0 -33 -33 -32 -32 -34 -39 -46 -51 -52 -50 -48 -46 -43 -41 -37 -35 -35 -32 -31 -30 -27 -23 -24 -24 -37
DST1403*02  X220   0 -28 -29 -30 -28 -26 -26 -26 -24 -24 -25 -26 -27 -26 -25 -25 -24 -24 -22 -19 -14 -10  -4  -1  -2 -21
DST1403*03  X220   0  -5 -12 -18 -23 -25 -26 -24 -25 -25 -24 -22 -22 -25 -23 -19 -15 -12 -12 -12  -9  -6  -4  -5  -6 -17
DST1403*04  X220   0  -9 -14 -15 -13  -9  -4  -3  -2  -4  -9 -16 -19 -17 -17 -15 -16 -14 -11  -9  -6  -6  -5  -4  -8 -10
DST1403*05  X220   0  -9 -11 -10  -9  -7  -5  -6  -7  -8 -10 -12 -12 -11  -8  -9  -9  -6  -4  -7  -7 -12  -6  -6  -6  -8
DST1403*06  X220   0  -6  -9  -9  -6  -5  -4  -5  -6  -5  -8 -12 -10  -8  -8 -11 -14 -17 -15 -14 -11  -8  -6  -4  -5  -9
DST1403*07  X220   0  -7  -9  -9  -7  -7  -6  -6  -6  -4  -6  -6  -5  -4  -5  -5  -6  -7  -8  -8  -8  -7  -7  -8  -9  -7
DST1403*08  X220   0 -11 -12 -10  -9  -7  -6  -6  -5  -6  -6  -6  -6  -7  -7  -7  -8  -7  -7  -9  -8  -6  -2  -2  -6  -7
DST1403*09  X220   0  -5  -5  -5  -3  -3  -3  -6  -6  -3  -3  -2  -2  -4  -5  -5  -3   0   1   0   2   4   4   6   5  -2
DST1403*10  X220   0   4   3   3   3   7   9  10  11   9   4  -4  -2  -1  -2  -3  -1  -2  -5  -9 -10  -7  -5  -3  -2   0
DST1403*11  X220   0  -1  -2  -5  -5  -3  -1   0   1  -1   0   0   0   2   1  -1  -2  -2  -3  -6  -8 -10  -9  -7  -5  -3
DST1403*12  X220   0  -6  -7  -9 -11 -10  -8  -8  -9  -8  -5  -2  -1  -4  -6  -5  -5  -6  -3  -4  -3  -1  -1  -6 -12  -6
DST1403*13  X220   0 -12 -20 -33 -41 -43 -36 -35 -33 -24 -24 -22 -22 -20 -24 -22 -19 -15 -14 -13  -9 -13 -12  -7  -5 -22
DST1403*14  X220   0  -7 -12 -19 -21 -19 -17 -15 -12 -12 -11 -13 -15 -16 -16 -15 -14 -13 -12 -13 -12 -11  -7  -4  -7 -13
DST1403*15  X220   0 -10 -12 -14 -17 -15 -14 -11 -10  -7  -6  -6  -3   0   1   1   1   1   1  -2  -5  -8  -7  -3  -2  -6
DST1403*16  X220   0  -4  -6  -8 -10 -12 -12 -10  -8  -7  -5  -2  -3  -5  -5  -4  -3  -3  -3  -2  -4  -4  -4  -4  -3  -5
DST1403*17  X220   0   0   2   4   3   2   3   4   5   5   5   4   0   3   5   7   5   5   4   6   7   4   0  -4  -4   3
DST1403*18  X220   0  -5  -5  -3  -3  -4  -7  -5  -3  -2  -8 -10 -11 -12 -14 -15 -12 -10  -6  -4  -4  -2   1   3   1  -6
DST1403*19  X220   0  -2  -3  -4  -3  -4  -4  -6  -4  -6  -4   0   2   1  -1  -2  -3  -2  -1  -2  -1  -3   0   2   0  -2
DST1403*20  X220   0  -3  -3  -3  -3  -2  -1   4   9   7   2   2   5  14  19  19  18  18  15  14  10   9  15  16  10   8
DST1403*21  X220   0   3  -1  -6 -13 -15 -15 -16 -17 -21 -21 -22 -17  -7  -7 -13  -8  -9  -9  -7  -6  -9  -9 -10  -6 -11
DST1403*22  X220   0  -2   2  -4  -1   0   3   4   7   6   5   4   3   3   3   2   3   1   1   3   3   0   0   1   0   2
DST1403*23  X220   0  -3  -4  -4  -3  -4  -5  -1   0  -2  -4  -6  -7  -5  -3  -2  -4  -6  -6  -6 -12 -10  -9 -11 -11  -5
DST1403*24  X220   0 -10  -9  -7  -5  -2   0   3   4   3   3   0  -2   2   5   4   4   2  -2  -4  -3  -1  -2  -3  -6  -1
DST1403*25  X220   0  -8  -8  -4   1   4   5   7   8   9  13   8   8  11   8  11  11   7   2   0   1  14  16  11  -2   6
DST1403*26  X220   0  -8 -14 -17 -13 -11 -12 -12 -19 -23 -13 -11 -15 -14  -9  -6  -5  -4  -5 -10 -13 -10  -7  -5  -3 -11
DST1403*27  X220   0  -2  -1   0   0   1  -1  -4  -3  -2  -4 -10 -14 -15 -14 -17 -19 -19 -22 -24 -24 -19 -15 -13 -11 -11
DST1403*28  X220   0 -10  -9  -8  -6  -6  -6  -8  -7  -4  -9 -15 -12 -13 -12  -9  -8  -8  -8  -8  -8 -12 -11 -11 -17  -9
DST1403*29  X220   0 -19 -18 -19 -22 -23 -17 -14 -16 -12 -10  -8  -8  -9  -7  -6  -5  -4  -3  -3  -4  -5  -7  -4  -3 -10
DST1403*30  X220   0  -3   0   3   4   0  -4  -5  -1   2   2  -2  -2  -2   3   6   7   6   6   4   1  -1  -4  -4  -3   1
DST1403*31  X220   0  -5  -4  -3  -3  -3   0   2   1   0  -2  -1  -4  -2   3   6   7   1  -8 -13  -9  -8  -8 -10 -13  -3
DST1404*01  X220   0 -15 -15 -12  -9  -7  -4  -4  -6  -6  -6  -5  -2   3   7  10   5  -1  -4  -7  -5  -4  -2  -6  -6  -4
DST1404*02  X220   0  -6  -4  -1   1   2   2   1   0  -2  -5  -5  -2   2   3   4   4   1  -2  -1  -1  -3  -5  -5  -6  -1
DST1404*03  X220   0  -8  -7  -4  -1   2   2   1   2   0  -4  -3  -2   3   6   6   6   1  -1   0   3   2  -3  -4  -4   0
DST1404*04  X220   0  -4  -2   1   4   4   5   3   0  -3  -2  -1   1   0   5   6   5   4   2   1   1   2   0  -1  -1   1
DST1404*05  X220   0  -2  -3   0   4   5   4   1   4   4  -5  -9  -5 -15  -8  -3   0   2   8  10   8  10   5   6  -5   1
DST1404*06  X220   0  -9  -7  -5  -2  -2  -1   1   1   0  -3  -5  -3  -2  -4  -6  -6  -7  -6  -5  -4  -3  -2  -1  -2  -3
DST1404*07  X220   0 -10 -12 -12 -12 -15 -15 -14 -12  -8  -6  -4  -2   3   9   4 -10  -7  -9  -8 -13 -18 -21 -21 -23 -10
DST1404*08  X220   0 -19 -16 -15 -12 -14 -13  -9  -8  -8  -6  -8  -8  -9 -16 -14 -11 -12 -15 -15 -16 -18 -16 -13 -10 -13
DST1404*09  X220   0  -9  -7  -6  -6  -6  -5  -6 -10 -12 -13 -13 -12 -10 -10 -10 -10 -11 -12 -13 -17 -18 -16 -15 -13 -11
DST1404*10  X220   0 -11  -9  -8  -7  -7  -7  -8 -12 -15 -12 -10 -10  -9  -5  -4  -5  -5  -5  -6  -9  -5  -2  -2  -1  -7
DST1404*11  X220   0  -1   1   4   6   9  15  16  10   2   4   6   5   3   1  -3  -3  -6 -10 -17 -24 -31 -34 -41 -51  -6
DST1404*12  X220   0 -61 -53 -56 -57 -67 -76 -83 -82 -86 -87 -85 -82 -76 -62 -60 -59 -57 -57 -52 -51 -57 -56 -52 -49 -65
DST1404*13  X220   0 -45 -46 -49 -54 -58 -63 -59 -52 -52 -50 -41 -32 -32 -32 -35 -34 -30 -29 -33 -35 -36 -42 -46 -40 -43
DST1404*14  X220   0 -34 -30 -30 -27 -26 -23 -25 -24 -24 -22 -22 -21 -20 -20 -18 -18 -18 -19 -20 -25 -29 -30 -28 -29 -24
DST1404*15  X220   0 -24 -18 -17 -17 -19 -16 -18 -16 -16 -16 -15 -14 -13 -15 -13 -13 -13 -13 -15 -19 -21 -21 -20 -16 -17
DST1404*16  X220   0 -11  -7  -5  -4  -3  -5  -6  -6  -5  -5  -8  -9  -5   1   3   4   3   3   5   3   0  -2  -2  -3  -3
DST1404*17  X220   0  -4  -2 -10 -12  -9  -3  -4  -5  -6  -6  -4   1   4   4  -8 -17 -18 -16 -15 -13 -14 -12 -11 -11  -8
DST1404*18  X220   0 -12 -10  -7  -5 -11 -11  -9  -9 -12 -13 -13  -7  -2   2   0   3   7  10  11   8   5   2   4   0  -3
DST1404*19  X220   0  -1  -3  -7   3   7 -11 -19 -13  -6 -13 -17 -12  -8  -1  -1  -1  -2  -1   3   2  -1  -4 -10 -14  -5
DST1404*20  X220   0 -11   0   5   4   4  -6  -7  -4  -5  -5  -2  22  19  10  13   0  -3  -2  -6  -3   6  -1  -9 -14   0
DST1404*21  X220   0 -14 -13 -21 -23 -22 -19 -19 -16  -3 -13 -20 -16 -17 -25 -32 -29 -17 -18 -19 -12  -8 -13 -13 -13 -17
DST1404*22  X220   0 -17 -18 -19 -20 -15 -12 -10  -5  -1   0  -4 -10 -12 -12 -13 -14 -15 -14 -16 -15 -13 -12 -11 -10 -12
DST1404*23  X220   0 -11 -10  -5  -6  -5  -4  -2  -2  -3  -3  -5  -8  -9 -10  -9  -9  -7 -10 -13 -18 -15 -10  -6  -7  -8
DST1404*24  X220   0 -10  -7   0   4   0  -3  -4  -6 -16 -19 -15 -18 -17 -17 -20 -20 -21 -20 -18 -17 -15 -12 -16 -21 -13
DST1404*25  X220   0 -20 -16 -13 -12 -14 -11 -10  -9 -10 -11  -9 -11 -15 -16 -14 -15 -15 -17 -13 -19 -21 -21 -21 -22 -15
DST1404*26  X220   0 -20 -18 -16 -16 -18 -18 -15 -12 -10  -9 -14 -18 -19 -20 -21 -20 -20 -23 -25 -25 -24 -21 -17 -13 -18
DST1404*27  X220   0 -10  -7  -8  -9  -9  -9  -6  -4  -4  -3  -3  -4  -3  -3  -3  -4  -5  -4  -3  -5  -3  -2  -1   4  -5
DST1404*28  X220   0   6   8   5  -2  -8 -11 -11 -14 -18 -16 -11 -11 -12 -15 -13 -11 -11 -10  -9  -8  -8  -8 -10  -7  -9
DST1404*29  X220   0  -3  -3  -5  -4  -5  -5  -4   0  -1  -1   1   2   4   7   7   7   9  10  14  15  19  10   3  -2   3
DST1404*30  X220   0 -11 -19 -24 -30 -39 -48 -58 -62 -63 -67 -65 -59 -56 -52 -53 -56 -55 -52 -49 -39 -39 -39 -34 -27 -46
DST1405*01  X220   0 -27 -24 -20 -20 -23 -24 -21 -20 -17 -15 -13 -11 -10 -11 -13 -10  -9 -11 -11 -14 -14 -14 -13 -11 -16
DST1405*02  X220   0 -13 -11 -10 -12 -13 -12  -9  -8  -8  -6  -4  -1  -1  -4  -6  -7  -6  -4  -1   0  -1  -2  -2  -2  -6
DST1405*03  X220   0  -3  -2   2   3   6   7   9   6   5   6   9  12  11   9   7   7   9  11  13   2  -2 -14 -24 -27   3
DST1405*04  X220   0 -31 -33 -30 -28 -35 -40 -43 -42 -47 -45 -33 -29 -24 -33 -32 -29 -29 -31 -28 -21 -17 -19 -18 -14 -30
DST1405*05  X220   0 -13 -11 -10  -7 -16 -27 -23 -19 -21 -17 -11 -10 -13 -13 -14 -20 -28 -31 -25 -21 -17 -16 -13 -14 -17
DST1405*06  X220   0 -13 -12 -11 -11 -11 -13 -11 -10  -9  -7  -7  -8  -6  -4  -6  -8  -7  -5  -5  -5  -4  -4  -4  -2  -8
DST1405*07  X220   0  -1  -1  -1   0  -1  -2  -2  -3  -3  -4  -4  -2  -3  -6  -7  -7  -5  -4  -3  -4  -5  -6  -2   0  -3
DST1405*08  X220   0  -1  -4  -6 -11 -18 -22 -29 -39 -46 -38 -26 -15 -18 -23 -27 -29 -36 -35 -33 -24 -30 -38 -41 -34 -26
DST1405*09  X220   0 -34 -38 -35 -34 -36 -35 -30 -31 -26 -21 -18 -17 -15 -14 -11 -10 -12 -13 -12  -9  -9 -10  -8  -6 -20
DST1405*10  X220   0  -5  -5  -5  -7 -10 -16 -12 -13 -20 -19 -14 -10 -11 -12 -14 -13 -13 -13 -15 -22 -29 -32 -24 -20 -15
DST1405*11  X220   0 -25 -32 -25 -25 -25 -24 -15 -12 -14 -16 -21 -18 -15 -15 -17 -19 -19 -20 -21 -24 -25 -27 -22 -15 -20
DST1405*12  X220   0 -13 -16 -14 -16 -18 -17 -16 -16 -19 -18 -17 -18 -18 -16 -15 -14 -14 -11  -9 -12 -13 -12 -10  -7 -15
DST1405*13  X220   0  -5  -2  -3  -5  -5  -1   0  -2  -2  -3  -1  -2  -2   2   3   5   4   3   6   8   6   4   4   5   1
DST1405*14  X220   0   6   6   5   4   3   4   6   7   6   6   6   5   3  -1  -3  -3  -4  -1   2   4   3   1   3   6   3
DST1405*15  X220   0   5   2   2   3   5   6   5   5   4   3   4   6   7   5   8  10  12  10   9   9   9  10  11   9   7
DST1405*16  X220   0   5   3   2  -3  -7  -4   2   5   6   8  12  11  10   9  10   9   6   5   2  -1  -2  -3  -2  -1   3
DST1405*17  X220   0   1   2   2  -2  -4  -2   0  -1  -2  -3  -3  -5  -7  -7  -7  -3   0   2   3   8  10   9   7   3   0
DST1405*18  X220   0   1  -3   1   2  -4  -1   4   4   5   6   8   7   6   6   4   2   1   0   1   3   5   5   3   1   3
DST1405*19  X220   0   1   1   1  -1  -1   2   7   8   8   9   9   7   3   0  -2  -1   1   2   3   6   6   5   3   4   3
DST1405*20  X220   0   4   1   0   0  -1   1   2  -1  -4  -3  -1   2  -1  -3  -1   0   0   1   5   5   6   6   6   6   1
DST1405*21  X220   0   5   3   3   2   3   4   4   6   7   8   9   7   7   7   8  11  12  14  15  15  15  18  18  16   9
DST1405*22  X220   0  14  13  14  14  15  10   7   6   6   8  11  11  10   7   8   1  -1  -4 -10 -14 -15  -9  -5  -2   4
DST1405*23  X220   0 -11 -14 -21 -25 -19 -15 -11  -8  -2  -1   1   2   0  -4  -4  -4  -7 -14 -16 -24 -28 -36 -19 -23 -13
DST1405*24  X220   0 -21 -21 -24 -23 -23 -20 -20 -16 -15 -12  -9  -8  -9 -10 -14 -17 -19 -20 -19 -19 -19 -19 -15 -14 -17
DST1405*25  X220   0 -11 -11 -14 -14 -14 -12 -10  -9  -7  -4  -3  -5  -8 -11 -12 -13 -11  -8  -6  -5  -5  -6  -5  -5  -9
DST1405*26  X220   0  -6  -6  -6  -6  -7  -8  -6  -6  -7  -5  -6  -4  -4  -4  -4  -5  -6  -5  -4  -6  -8 -10  -9  -6  -6
DST1405*27  X220   0  -5  -7  -5  -4  -3  -1   2   2   1   2   3   5   4   5   8  10  12  11  10   8   8   6   9  15   4
DST1405*28  X220   0  18  11   4   1  -2   0   3   4   3   3   4   3   2   1   2   0  -2  -5  -4  -2  -2   2   5   3   2
DST1405*29  X220   0   7   6   5   2   0   1   4   5   2  -1  -6 -14 -15 -15 -14 -13 -11 -10  -8 -10  -9  -6  -6  -7  -5
DST1405*30  X220   0  -9  -9  -7  -4   0   1   0  -2  -1   4  11  16  10  10   5  -1  -6  -9 -16 -28 -22 -14  -9  -9  -4
DST1405*31  X220   0  -7  -7  -4   1   6  11   8   5   3   3   5   8  13  14  15  14  12  10   8  10  11  10  11  15   7
DST1406*01  X220   0  13  10   8   7   9  11  12  12  15  12   8  10  11  10  11  10   8   8  10  12  12  11  12   9  10
DST1406*02  X220   0   7   5   6   7   5   8   8   8   9  11  11  12  12  12  11   6   4   8  11  13  15  14  11   8   9
DST1406*03  X220   0   0  -6 -10  -1   8   6   4   2   1   3   6   9   9   8   5   4   3   5   9  13  13  10  11  11   5
DST1406*04  X220   0   8   8   6   4   2   4   3   0  -2  -1   1   3   7   8   6   1  -2   1   1  -3  -2  -3  -1  -3   2
DST1406*05  X220   0  -4  -4  -6  -9  -9  -3   2   0   0   1   3   3   0   0   1   0   1   3   3   1   0  -3  -3  -4  -1
DST1406*06  X220   0 -10 -16 -16 -17 -15  -9  -7  -6  -5  -3   0   1   0   0  -1  -1   6   7   4   1   4   6   9  11  -2
DST1406*07  X220   0  10   7   2   3   4   3   3   5  -2  -8  -9  -6  -1  -1  -4  -6  -4  17  22  29  14   8  13   6   4
DST1406*08  X220   0   0  -4  17  15   8 -12 -34 -25  -8  -7 -20 -34 -30 -32 -30 -33 -25 -22 -25 -26 -30 -36 -36 -37 -19
DST1406*09  X220   0 -35 -33 -32 -30 -23 -19 -17 -22 -24 -23 -24 -23 -21 -23 -24 -25 -26 -24 -24 -22 -21 -18 -13  -9 -23
DST1406*10  X220   0  -8 -10 -12 -15 -15 -13  -9 -10 -11  -9  -7   2   5   6   3   5   2   1  -2  -2  -4 -11  -9  -6  -5
DST1406*11  X220   0   0   3   6   5   2   4   2   3   4   1  -1   3   5   5   2  -2  -1   0  -1  -5  -8  -8  -6  -6   0
DST1406*12  X220   0  -6  -6  -8  -8  -7  -6  -6  -7  -8  -7  -6  -6  -5  -3   0   0  -1   0   2   0   1  -1   2   5  -3
DST1406*13  X220   0   3   2   3   6   9  11  11   9   9   7  10  14  21  24  23  22  19  17  17  15  14  11   8   6  12
DST1406*14  X220   0   1   2   2   6  11   4   2   2  -5  -6  -2   0  -1  -1  -1  -1   0  -2  -5  -4   0  -2  -5  -2   0
DST1406*15  X220   0  -2  -4  -2  -2  -1   0   0   1  -1  -1   0   0   1   1   0   2   2   4   5   6   7   7   4   2   1
DST1406*16  X220   0   2   2   3   5   4   5   8   4   3   5   6   7   6   5   4   2   1  -2  -3   0  -1   0  -1  -6   2
DST1406*17  X220   0  -8  -9  -4  -2   1  -1  -3  -8 -15  -9  -4   1   5   8   8   9   9   9   8  10   5  -8 -14 -14  -1
DST1406*18  X220   0 -23 -26 -25 -22 -18 -14 -17 -21 -22 -25 -22 -19 -15 -13 -14 -15 -22 -26 -24 -21 -14 -17 -34 -25 -21
DST1406*19  X220   0 -14  -8  -9 -17 -13 -13 -11 -13 -18 -16 -13 -16 -14 -16 -16 -14 -14 -15 -15 -13 -15 -14 -14 -14 -14
DST1406*20  X220   0 -14 -12 -11  -9  -8  -7  -8  -6  -7  -7  -5  -1   2   1   6   3   6   7   8   8   4   1  -4  -4  -2
DST1406*21  X220   0  -1   4   9   9   5   2   0  -8 -17 -23 -21 -18 -18 -16 -16 -14 -13 -10  -9 -11 -13 -14 -12  -6  -9
DST1406*22  X220   0  -3  -4  -4  -4  -6  -7  -6  -5  -5  -5  -4  -5  -5  -8  -9  -9  -8  -9  -9 -10 -14 -15 -13 -11  -7
DST1406*23  X220   0  -9  -2   2   2   1   0  -2  -4  -5  -3  -3  -4  -3   0   2   3   3   2   3   2   3   1  -1  10   0
DST1406*24  X220   0   9  14  16  12   3  -1  -5  -5  -5  -4  -3  -2  -1  -1   0  -1   0   1   3   9   7   3  -2  -4   2
DST1406*25  X220   0  -1   1   3   4   6   7   3  -2  -9  -5   0   7  14  14  18  15  12   9  17  19  16   1   1   1   6
DST1406*26  X220   0   0   3   6  10  12  14  11   6   5   3   1   0  -3  -4  -6  -7  -2   2   1  -2  -1  -1   0   0   2
DST1406*27  X220   0  -2   3   6   7   5   3   1   1   2   4   5   4   3   2   2   2   3   3   4   3   6   6   5   5   3
DST1406*28  X220   0   6   6  11  14  10   7   5   7   9   9   8   4   3   0  -3  -5  -4   2   7   6   0  -5  -2  -1   4
DST1406*29  X220   0   2   2   3   7  10   6   2   0   3   3   2   1   1   3   4   4   5   9  13  18  16  14  12   8   6
DST1406*30  X220   0  -2  -5   1   3   5   5   5   5   5   7  10  11   7   6   5   5   3   1   4   7   6   6   1  -4   4
DST1407*01  X220   0  -5  -1   4   4   2   3   4   3   2   0   1   4   8  10  12  10  11  11   9   4   2   2   1   4   4
DST1407*02  X220   0   8  12  14  15  16  12  11  11  10  11  11  11   9  11  14  16  15  13  11  11  12  11  12  14  12
DST1407*03  X220   0  19  32  32  27  16   4  -2 -11 -13  -7 -12 -12 -15 -14 -10  -9  -8  -7  -6  -8  -9  -6  -1  -1  -1
DST1407*04  X220   0   0   1   0   0   1   1  -1  -3  -6  -8  -3   0  -2  -2  -1   1   2   4   5   6   7   7   6   4   1
DST1407*05  X220   0   4   7   7   6   5   6   6   4   5   4   4   4   4   8  10  13  15  17  17  12   9   7   9   8   8
DST1407*06  X220   0   7   6   6   6   9   8   8   7   7   7   6  14  12  13  16  17  17  18  19  19  18  17  14  10  12
DST1407*07  X220   0  11  12  13  12   8   6   5   5   7   7   8   7   4   0   2   6   7   7   8   6  10   7   4   6   7
DST1407*08  X220   0  10  12   9   6   8   9   8   6   1   3   9  10  10   9  10  14  19  18  15   8   2  -3   1  -3   8
DST1407*09  X220   0  -2   2   5   4   3   1   4   7   8   4   1  -2  -8  -8  -2   3   8  11  10   8   5  -1  -5  -8   2
DST1407*10  X220   0  -8 -14 -18 -23 -19 -17 -15 -12  -9  -7  -5  -7  -8  -9 -12 -12  -7   0   1  -1  -3  -4  -7  -6  -9
DST1407*11  X220   0  -6  -7  -7  -8  -7  -3  -4  -5  -5  -7  -5  -8 -12 -12 -12  -9  -7  -5  -5  -5  -4  -6  -6  -3  -7
DST1407*12  X220   0   3   8   7   4  -6 -12  -9  -8 -11 -16 -18 -22 -28 -28 -24 -21 -18 -16 -14 -10  -5  -6 -11 -11 -11
DST1407*13  X220   0  -9  -7  -5  -2  -5  -9  -7  -6  -1   4   5   2  -2  -3  -2   0   1   4   4   4   4   7   5   2  -1
DST1407*14  X220   0   1   7  10   6   2   3   6   9  14  17  24  28  31  31  37  46  39  32  30  24  14   9   8  13  18
DST1407*15  X220   0  17  21  21  20  16  16  12   6   0  -2   0  -3  -3  -6  -5  -6  -9  -9  -7  -7  -4  -2  -2  -3   3
DST1407*16  X220   0  -2  -2  -2  -3   0  -1  -5  -6  -3   0   1   0  -2  -2   1   3   3   5   3   3   6   5   3   4   0
DST1407*17  X220   0   7   8   7   6   4   4   6   4   3   5   5   4   0   2   1   1   1   3   3   2   4   4   3   2   4
DST1407*18  X220   0  -2  -3  -3  -2  -2   0  -1  -1   1   3   3   3   2   1   0   2   4   4   2  -1  -2  -1   1   3   0
DST1407*19  X220   0   4   4   4   3   2   2   3   2   4   4   5   4   4   2   0   1   0   0   2   4   7   9   7   9   4
DST1407*20  X220   0  12  13  11   9   5   5   5   7   8   8   9   8  10  14  10   8   6   5   8  10  12  12  12  12   9
DST1407*21  X220   0  12   9   6   4   6   8  10  12  14  15  13   8   3   0   1   3   3   4   4   1   2   4   0  -3   6
DST1407*22  X220   0  -6  -7  -5  -2  -1   1   0   0   1   2   4   3   3   3   3   2   1   0  -2  -2  -5  -6  -3   2  -1
DST1407*23  X220   0   8   8   6   3   2   1   3   3   3   2   2   4   6   9  13  17  14  11   9   4   8   9   7   3   6
DST1407*24  X220   0   1   5   8   7   9   7   6   6   6   2   1   2   0  -4  -4  -2  -2   0   0   3   6  11  14  17   4
DST1407*25  X220   0  12   4   0   3   6   4   2   0  -5  -8  -7  -5  -3  -1  -2   1   4   4   4   2  -1   0   2   3   1
DST1407*26  X220   0   3   5   3   0   1  -2  -5 -10 -19 -18 -16 -14 -12 -10  -9  -8  -9 -10 -10  -7  -7  -9  -7  -6  -7
DST1407*27  X220   0  -8  -9  -7  -4  -5  -5  -4  -3  -3  -6  -3   1   5   6   7   6   6   8  10   8   6   3   5  10   1
DST1407*28  X220   0  14  12  16  13  14  11  12   2  -9  -4   0   4   7   9  12  12   7   7   8   1  -7 -10 -11 -13   4
DST1407*29  X220   0 -14 -13 -10  -5   2   5   5   3   1   1   0  -1  -3  -4  -2   1   3   3   5   8   7   7   8   7   1
DST1407*30  X220   0   3  -1   1   5   5   1   0   0  -1  -3  -6  -4   0   2   3   3   4   4   5   4   4   4   5   4   2
DST1407*31  X220   0   2  -1   0   3   4   5   5   7   8   9  10  13  12  10   9   6   6   6   4   4   6   3   2   4   6
DST1408*01  X220   0   1  -2  -3   0   3   9  14  14  11   7   1  -3   2   6   9   7   9  12  12   4  -2   0  -3  -3   4
DST1408*02  X220   0  -6 -10 -11 -11 -14 -15 -15 -14  -7  -6 -11 -12 -12 -15 -18 -17 -13 -11  -8  -6  -5  -5  -5  -5 -11
DST1408*03  X220   0  -4  -3  -4  -9 -10  -5  -1   1  -1  -1  -4  -3   2   4   2   3   4   2   0  -4  -6 -10 -10  -3  -3
DST1408*04  X220   0  -1  -2  -1  -6 -12 -14 -10  -7  -9 -15 -19 -16 -13 -12 -12 -14 -13 -14  -8 -11 -18 -15  -9  -6 -11
DST1408*05  X220   0  -7 -13 -11 -11 -11 -15 -18 -14  -9  -8 -11 -18 -22 -22 -22 -20 -18 -16 -21 -25 -25 -21 -15 -11 -16
DST1408*06  X220   0  -8 -10 -11 -18 -24 -28 -25 -23 -18 -18 -19 -21 -24 -24 -23 -20 -19 -16 -16 -17 -14  -9  -4   1 -17
DST1408*07  X220   0   3   3  -3  -7  -9  -8  -7  -9  -9 -10  -9 -12 -13 -11  -7  -2   0  -3  -7 -13 -13  -8  -4  -4  -7
DST1408*08  X220   0  -9 -14 -18 -13 -11 -13 -18 -23 -20 -17 -14 -10  -7  -6  -6  -6  -4  -3  -4  -8  -8  -7  -4  -3 -10
DST1408*09  X220   0  -5  -8  -9 -10 -13 -11  -9  -8  -5  -4  -1   1   1   0   0  -2  -3  -2  -2  -3  -2  -1   3   7  -4
DST1408*10  X220   0   8   6   4   4   3   3   4   3   4   7   7   3  -2  -5 -10 -12  -8  -7  -8  -7  -8  -4   6  14   0
DST1408*11  X220   0  14  12   5   2   2   4  10  13  12  11  14  14  12   9   7   1  -6  -4  -2  -2  -2  -2   2  -2   5
DST1408*12  X220   0  -7 -11 -13 -13  -8  -3   0   2   3   1   2   3   2   0  -3  -6  -4  -9 -16 -11 -14  -9  -7  -9  -5
DST1408*13  X220   0 -14 -15 -13 -14 -11  -9  -9 -10 -14 -14 -12  -6  -3  -5 -10 -11 -10  -5  -4  -5  -8  -6  -2   1  -9
DST1408*14  X220   0  -3  -8 -11 -12  -9  -7  -6  -4  -5  -4  -5  -3   0  -3  -7 -10  -8  -5  -5  -3  -1   0   4   8  -4
DST1408*15  X220   0   6   1  -2  -6  -3  -1   1   2   3   2   1   1  -2  -1  -7 -10  -8  -5  -3  -2  -1  -1  -1  -1  -2
DST1408*16  X220   0  -2  -6  -9  -9  -6  -3   0   1   2   2   3   5   6   5   4   4   4   5   2   0  -1   0   4   6   1
DST1408*17  X220   0   9   5   1   1   4   8  13  15  16  16  16  20  28  19  18  18  20  21  19  19  19  17  13  14  15
DST1408*18  X220   0   8   5   1   1   3   3   5   2   4   4   5   7   8   4   1   1   1   0  -2  -3  -1   0   0   2   2
DST1408*19  X220   0   0  -1  -2  -2  -1   0   2   9   7   4   4  13  14  11  10  12  16  18   5  -4  -7 -13 -12 -11   3
DST1408*20  X220   0 -10  -8 -12 -11  -9  -8  -2   0   0   0  -1   2   0  -1  -6 -10 -10  -8  -8  -6   1  -2  -4  -5  -5
DST1408*21  X220   0 -11 -22 -26 -28 -27 -28 -30 -30 -28 -20 -19 -20 -20 -21 -24 -26 -27 -28 -29 -27 -25 -23 -18 -13 -24
DST1408*22  X220   0 -15 -19 -18 -16 -14 -10  -9  -7  -7  -8  -9  -8  -8  -7  -7  -9  -8  -7  -7  -6  -5  -5  -6  -4  -9
DST1408*23  X220   0  -2  -2  -5  -6  -6  -7  -6  -6  -5  -3   0   2   4   6   2   0   1   0   0   0  -1   2   4   5  -1
DST1408*24  X220   0   7   8   6   3   2   1  -1  -4  -5  -6  -3  -4  -5  -4  -1  -2   2   3   1   3   5   4   2   0   1
DST1408*25  X220   0  -2  -1   5   9  12  10   8  10   9   8   6   6   4   6   4  -2   0   1   2   6   8   7   5   3   5
DST1408*26  X220   0   1   1   1   3   5   5   7   8   8   8   9   6   6  12  15  15  12  11  13  14  13   9   7   7   8
DST1408*27  X220   0   8   8   9  11   0 -12 -20 -28 -38 -49 -58 -62 -58 -54 -60 -70 -74 -71 -79 -75 -74 -71 -64 -53 -43
DST1408*28  X220   0 -48 -48 -49 -46 -53 -57 -63 -60 -51 -44 -40 -41 -41 -40 -36 -40 -50 -52 -50 -40 -37 -37 -32 -27 -45
DST1408*29  X220   0 -26 -29 -34 -30 -33 -37 -41 -37 -31 -26 -32 -36 -26 -20 -22 -23 -24 -20 -15 -22 -32 -28 -24 -32 -28
DST1408*30  X220   0 -40 -43 -41 -38 -39 -32 -27 -21 -21 -22 -22 -23 -21 -17 -16 -16 -14 -15 -19 -22 -19 -13 -11 -13 -24
DST1408*31  X220   0 -18 -22 -23 -21 -19 -21 -17 -15 -12 -13 -22 -26 -28 -23 -19 -20 -19 -20 -18 -19 -21 -20 -26 -32 -21
DST1409*01  X220   0 -30 -32 -39 -36 -32 -26 -23 -26 -27 -25 -22 -18 -18 -20 -21 -25 -24 -20 -22 -21 -20 -14 -13 -16 -24
DST1409*02  X220   0 -19 -19 -17 -17 -15 -15 -17 -13 -12 -14 -13 -18 -16 -14 -17 -23 -23 -22 -21 -17 -19 -22 -20 -19 -18
DST1409*03  X220   0 -20 -20 -21 -22 -23 -23 -23 -21 -20 -19 -20 -16 -14  -9  -9 -12 -17 -16 -15 -15 -14 -14 -14 -14 -17
DST1409*04  X220   0 -16 -19 -19 -20 -24 -25 -28 -27 -21 -19 -18 -19 -15 -13 -12 -14 -13 -13 -15 -15 -15 -16 -14 -13 -18
DST1409*05  X220   0  -7  -4  -4  -5  -9 -10 -13 -13 -12 -11  -9 -12 -13 -13 -10 -12 -18 -21 -22 -20 -15 -13 -11  -8 -12
DST1409*06  X220   0  -8  -7  -6  -5   0   3  -4 -14 -11  -4   1   0  -2  -5   6   4  -5  -2   1   0   3  -7 -12 -17  -4
DST1409*07  X220   0 -16 -22 -28 -27 -28 -22 -11  -8 -11 -11 -12 -14 -17 -17 -14 -17 -18 -18 -16 -14  -8  -7  -7  -5 -15
DST1409*08  X220   0  -7  -6  -6  -6  -6  -4  -3 -10  -9  -5  -3  -3  -5  -8 -10 -12 -10  -8  -9 -10  -8  -9  -7  -4  -7
DST1409*09  X220   0  -5  -5  -7  -7  -8  -9 -11 -10  -9  -7  -5  -3  -5  -4  -2  -3  -1   2   1   2   2  -3  -8  -9  -5
DST1409*10  X220   0  -8  -6  -5   0   3   5   6   5   0  -1  -2  -2  -4  -4   0   3   5   4   6   5   3   0   3   3   1
DST1409*11  X220   0  -5  -5  -8 -14 -13 -15 -13 -13 -15 -17 -21 -20 -15 -12 -11 -13 -15 -13 -11 -11 -11 -10  -7  -1 -12
DST1409*12  X220   0  16  -6 -31 -25 -23 -20 -19 -15 -12 -17 -22 -21 -21 -15 -10  -9  19   8   6  16  10 -20 -65 -88 -15
DST1409*13  X220   0 -63 -58 -62 -65 -61 -54 -33 -29 -43 -40 -41 -42 -44 -36 -32 -33 -26 -28 -26 -19 -22 -31 -39 -39 -40
DST1409*14  X220   0 -40 -40 -38 -36 -35 -34 -32 -31 -30 -32 -33 -31 -29 -27 -24 -23 -25 -29 -29 -28 -25 -22 -21 -21 -30
DST1409*15  X220   0 -22 -24 -25 -24 -23 -19 -16 -13 -14 -16 -18 -18 -16 -12  -9  -8 -11 -13 -14 -14 -14 -13 -12 -14 -16
DST1409*16  X220   0 -13 -11  -9  -6  -3  -7 -10  -7  -5  -6 -10 -10 -11  -8  -8 -10  -7  -8  -4  -2  -4  -8 -10 -14  -8
DST1409*17  X220   0 -21 -22 -18 -14 -12 -10 -11  -9  -8  -8  -4  -3  -4  -7  -7   2   3   2   2   3  -1   4   3   4  -6
DST1409*18  X220   0   7  11  10  10   8   6   8   8   9   6   2   1   4   8  10   8   7   3  -3  -7 -16 -18 -15 -19   2
DST1409*19  X220   0 -27 -35 -34 -30 -35 -32 -22 -10 -21 -19 -20 -18 -18 -14 -15 -19 -16 -25 -28 -23 -21 -24 -24 -23 -23
DST1409*20  X220   0 -23 -19 -16 -16 -17 -18 -18 -17 -17 -14 -15 -17 -17 -15 -17 -19 -19 -15 -12 -10 -10 -13 -14 -16 -16
DST1409*21  X220   0 -17 -11  -9 -10 -12 -16 -17 -16 -14 -11 -10  -9  -8  -9 -11 -13 -14 -12  -9  -7  -7 -11 -13 -14 -12
DST1409*22  X220   0 -12  -7  -6 -11 -15 -18 -22 -19 -16 -14 -20 -27 -25 -26 -26 -27 -26 -29 -29 -22 -18 -18 -16 -15 -19
DST1409*23  X220   0 -12 -10  -9  -5  -3  -5 -11 -11  -7  -4 -14 -18 -27 -25 -22 -17 -17 -19 -22 -30 -25 -18 -14 -20 -15
DST1409*24  X220   0 -32 -37 -40 -33 -35 -36 -34 -32 -33 -30 -28 -25 -21 -25 -24 -25 -30 -23 -25 -33 -35 -38 -31 -35 -31
DST1409*25  X220   0 -30 -25 -25 -27 -26 -23 -17 -16 -19 -23 -19 -16 -13 -11 -12 -11 -15 -17 -14 -17 -12 -12 -15 -21 -18
DST1409*26  X220   0 -23 -22 -16 -15 -18 -18 -15 -16 -13 -15 -22 -35 -30 -25 -32 -40 -40 -40 -35 -31 -33 -38 -38 -35 -27
DST1409*27  X220   0 -29 -30 -34 -33 -32 -36 -31 -33 -29 -24 -26 -28 -31 -27 -28 -31 -33 -32 -31 -30 -28 -25 -22 -20 -29
DST1409*28  X220   0 -19 -20 -17 -18 -16 -16 -15 -18 -20 -16 -11 -22 -30 -29 -29 -28 -29 -33 -34 -28 -23 -22 -22 -22 -22
DST1409*29  X220   0 -23 -21 -18 -14 -10  -8 -10 -15 -17 -12 -12 -14 -13 -18 -17 -18 -20 -20 -20 -21 -20 -24 -23 -22 -17
DST1409*30  X220   0 -23 -28 -31 -33 -39 -37 -36 -34 -35 -31 -32 -34 -34 -31 -28 -31 -35 -34 -36 -35 -30 -30 -34 -38 -33
DST1410*01  X220   0 -34 -32 -31 -27 -24 -23 -22 -26 -23 -23 -24 -23 -26 -28 -25 -25 -28 -31 -31 -28 -24 -22 -21 -19 -26
DST1410*02  X220   0 -19 -20 -17 -16 -15 -20 -19 -19 -15 -13  -8 -12 -16 -14 -16 -15 -15 -17 -16 -16 -19 -24 -27 -28 -17
DST1410*03  X220   0 -24 -23 -21 -19 -14  -9  -9  -7  -5  -7  -9  -9 -11 -12 -12  -8  -6  -4  -1  -1  -2  -2  -2  -2  -9
DST1410*04  X220   0   0   3   2   0  -2  -3  -5  -8  -6  -4  -2   2   3   2   2   3   2   0  -2  -5  -5  -4   1   6  -1
DST1410*05  X220   0   9   6  10  10   8   9   9  12  11   9   8   6   4   2  -1  -2  -8  -9  -9  -7  -5  -2  -1  -2   3
DST1410*06  X220   0  -3  -7  -9  -9  -5  -4  -5  -6  -8  -7  -6  -6  -7  -7  -4  -1  -1  -3  -5  -6  -6  -8  -6  -4  -6
DST1410*07  X220   0  -2  -6 -11 -11 -13 -12 -10  -9  -9  -8  -9 -12 -16 -15 -13 -11 -11 -11 -11  -9  -6  -7  -5  -2 -10
DST1410*08  X220   0   4   7   8  13  17  17  14  15  14  10  -5 -14 -23 -23 -19 -15 -18 -25 -28 -30 -30 -31 -29 -28  -8
DST1410*09  X220   0 -26 -27 -28 -30 -32 -34 -46 -51 -50 -40 -34 -30 -38 -39 -32 -27 -25 -26 -26 -23 -25 -24 -20 -18 -31
DST1410*10  X220   0 -19 -18 -22 -24 -29 -32 -27 -24 -25 -24 -21 -19 -19 -18 -16 -18 -21 -20 -18 -14 -12 -18 -22 -25 -21
DST1410*11  X220   0 -28 -30 -33 -31 -27 -25 -31 -39 -42 -40 -38 -34 -35 -33 -28 -25 -20 -14  -9  -7  -6  -9 -12 -14 -25
DST1410*12  X220   0 -14 -13 -10  -7  -6  -5  -4  -3  -4  -4  -4  -5  -4  -3   0  -2  -3  -4  -1   4  15  16  11   7  -2
DST1410*13  X220   0   7   6   7   7   8   9   9  -1  -3  -3  -3  -3   1   2   3   0  -3  -2  -7  -3  -1  -3 -12 -10   0
DST1410*14  X220   0  -9 -11 -11  -6   1   7   9   8   9   7  10   9   5   2   4   1 -26 -35 -46 -46 -36 -34 -47 -49 -12
DST1410*15  X220   0 -36 -40 -44 -41 -38 -34 -34 -29 -26 -21 -18 -16 -19 -21 -23 -27 -29 -25 -22 -18 -16 -15 -15 -16 -26
DST1410*16  X220   0 -16 -20 -17 -18 -18 -18 -20 -21 -18 -14 -13 -14 -22 -20 -20 -18 -16 -15 -15 -15 -11 -14 -20 -19 -17
DST1410*17  X220   0 -19 -18 -16 -22 -27 -21 -16 -16 -19 -18 -15 -12 -12 -11 -10 -12 -13 -16 -17 -18 -17 -21 -21 -20 -17
DST1410*18  X220   0 -24 -31 -28 -25 -19 -20 -14 -13 -16 -16 -16 -16  -4  -2  -5 -13 -21 -20 -23 -24 -28 -30 -32 -25 -19
DST1410*19  X220   0 -31 -37 -36 -30 -24 -23 -26 -33 -31 -27 -23 -24 -30 -32 -30 -28 -25 -26 -26 -30 -28 -21 -14 -12 -27
DST1410*20  X220   0 -16 -19 -18 -15 -16 -26 -34 -36 -33 -27 -26 -28 -41 -49 -44 -38 -48 -51 -50 -50 -41 -37 -38 -44 -34
DST1410*21  X220   0 -43 -39 -39 -39 -38 -37 -36 -46 -45 -34 -30 -31 -33 -28 -30 -33 -36 -36 -33 -38 -39 -33 -33 -36 -36
DST1410*22  X220   0 -40 -41 -46 -42 -37 -35 -35 -35 -29 -25 -22 -22 -22 -28 -30 -27 -31 -27 -31 -29 -28 -30 -28 -26 -31
DST1410*23  X220   0 -25 -25 -26 -27 -24 -22 -24 -24 -27 -32 -31 -25 -23 -25 -24 -16 -17 -18 -20 -20 -19 -15 -15 -19 -23
DST1410*24  X220   0 -22 -23 -21 -20 -19 -19 -22 -24 -30 -32 -32 -26 -20 -19 -26 -27 -33 -40 -40 -35 -33 -29 -26 -30 -27
DST1410*25  X220   0 -32 -34 -29 -27 -31 -36 -33 -32 -32 -29 -24 -26 -31 -33 -27 -21 -17 -17 -16 -19 -17 -20 -20 -20 -26
DST1410*26  X220   0 -26 -26 -30 -29 -24 -25 -32 -41 -36 -30 -27 -25 -26 -30 -34 -36 -35 -30 -27 -26 -20 -17 -17 -21 -28
DST1410*27  X220   0 -27 -30 -30 -27 -27 -32 -30 -31 -35 -35 -28 -29 -26 -21 -16 -13 -16 -21 -18 -20 -24 -31 -40 -49 -27
DST1410*28  X220   0 -54 -57 -50 -49 -48 -48 -45 -40 -39 -43 -44 -38 -35 -33 -29 -27 -26 -23 -24 -26 -34 -32 -30 -30 -38
DST1410*29  X220   0 -32 -38 -42 -41 -36 -32 -35 -38 -37 -36 -34 -31 -27 -23 -20 -22 -26 -28 -26 -27 -26 -23 -24 -27 -30
DST1410*30  X220   0 -29 -29 -28 -27 -27 -25 -26 -26 -28 -27 -27 -23 -17 -12 -11 -12  -9  -8 -10 -10 -11 -10  -4  -9 -19
DST1410*31  X220   0  -8  -6  -6  -7 -12 -10  -9 -10  -4  -3  -1  -1   1   0   3   3   0  -2  -3  -6 -15 -16 -15 -16  -6
DST1411*01  X220   0 -16 -15 -15 -15 -14 -14 -14  -4  -3   1   1  -1  -3  -5  -4  -3  -6  -8  -7  -4  -2  -2  -4  -6  -7
DST1411*02  X220   0  -8  -7  -7  -9 -13 -11 -13 -12  -7  -3   5   3  -3  -7  -4   3  -2  -1  -1   3   9   9   8   3  -3
DST1411*03  X220   0   2   2  -6  -6  -6  -6  -7  -7  -6   1   1  -4  -3   0   1   2   2   1  -1  -3  -3   0  11  23  -1
DST1411*04  X220   0  25  25  22  21  19  22  19  11  -2 -23 -44 -40 -29 -36 -44 -40 -31 -23 -20 -23 -28 -19 -18 -22 -12
DST1411*05  X220   0 -24 -21 -21 -20 -31 -28 -26 -27 -34 -43 -39 -40 -38 -25 -19 -19 -23 -23 -22 -20 -21 -25 -29 -26 -27
DST1411*06  X220   0 -26 -25 -23 -22 -22 -27 -27 -26 -21 -15 -15 -16 -17 -15 -11  -8 -10 -11 -10  -7  -9  -8 -12 -18 -17
DST1411*07  X220   0 -22 -22 -20 -20 -27 -27 -26 -20 -17 -17 -15 -13 -10 -14  -8  -4  -4  -6  -5  -1   1  -8 -14 -22 -14
DST1411*08  X220   0 -21 -23 -24 -24 -24 -25 -23 -20 -19 -17 -14 -16 -14  -9 -14 -12 -13 -11 -11  -9  -7  -6  -9 -14 -16
DST1411*09  X220   0 -12 -14 -17 -14 -13  -9 -11 -10  -9  -3   2   1  -2   0   1   1  -3  -5 -14 -19 -15  -7  -5  -8  -8
DST1411*10  X220   0 -16 -29 -16  -4  -7 -11 -12  -7 -20 -14 -13 -32 -38 -34 -41 -38 -46 -65 -53 -49 -52 -49 -45 -42 -31
DST1411*11  X220   0 -40 -36 -41 -40 -41 -41 -38 -34 -26 -25 -23 -22 -18 -11  -5  -5  -9 -10  -8  -7  -8 -14 -23 -36 -23
DST1411*12  X220   0 -40 -35 -35 -37 -37 -34 -30 -30 -33 -28 -27 -26 -24 -19 -17 -15 -15 -15 -15 -16 -13 -15 -16 -16 -25
DST1411*13  X220   0 -20 -23 -23 -25 -26 -23 -19 -17 -14 -11 -14 -13 -11 -11  -9  -7  -7  -7  -9  -8  -7  -5  -8 -13 -14
DST1411*14  X220   0 -10 -22 -24 -22 -23 -21 -12 -27 -26 -22 -20 -19 -14 -11  -4  -5  -6  -7  -8 -14 -20 -23 -22 -19 -17
DST1411*15  X220   0 -20 -21 -21 -23 -28 -33 -33 -35 -34 -35 -38 -36 -28 -31 -29 -26 -24 -19 -14 -15 -20 -19 -16 -26 -26
DST1411*16  X220   0 -22 -29 -42 -48 -48 -47 -56 -59 -50 -42 -37 -39 -35 -32 -38 -39 -39 -39 -41 -37 -33 -35 -31 -31 -40
DST1411*17  X220   0 -33 -32 -32 -36 -41 -40 -37 -30 -27 -25 -23 -21 -26 -28 -20 -18 -22 -24 -20 -17 -21 -18 -18 -21 -26
DST1411*18  X220   0 -25 -25 -28 -31 -30 -30 -34 -29 -26 -21 -23 -31 -32 -26 -24 -24 -28 -27 -27 -28 -27 -22 -20 -23 -27
DST1411*19  X220   0 -29 -31 -29 -29 -31 -34 -36 -34 -27 -22 -19 -18 -17 -12  -8  -8 -12 -13 -10 -11 -18 -17 -14 -11 -20
DST1411*20  X220   0 -15 -20 -19 -20 -25 -33 -38 -38 -34 -30 -23 -27 -25 -21 -17 -20 -28 -35 -36 -33 -26 -24 -23 -25 -26
DST1411*21  X220   0 -31 -33 -27 -26 -35 -43 -38 -34 -32 -33 -32 -26 -23 -19 -19 -26 -32 -34 -31 -29 -32 -33 -30 -31 -30
DST1411*22  X220   0 -33 -34 -34 -32 -34 -38 -35 -31 -32 -31 -32 -32 -27 -22 -18 -20 -20 -21 -21 -25 -21 -21 -21 -18 -27
DST1411*23  X220   0 -18 -20 -19 -20 -23 -29 -31 -27 -25 -26 -28 -32 -24 -25 -23 -27 -31 -32 -29 -27 -30 -31 -30 -29 -27
DST1411*24  X220   0 -30 -27 -28 -29 -31 -30 -31 -31 -27 -23 -23 -20 -19 -19 -19 -24 -29 -26 -26 -29 -31 -32 -31 -29 -27
DST1411*25  X220   0 -27 -25 -25 -24 -25 -24 -25 -22 -18 -16 -18 -20 -19 -11  -7  -9 -12 -17 -21 -19 -22 -25 -29 -19 -20
DST1411*26  X220   0 -21 -17 -16 -18 -20 -22 -22 -23 -25 -26 -22 -18 -16 -17 -16 -16 -18 -18 -16 -15 -15 -17 -20 -22 -19
DST1411*27  X220   0 -24 -21 -15 -13 -20  -7  -9  -8  -8  -4  -1   1   1   0   1  -2  -8  -3   3   2  -7 -15 -14 -17  -8
DST1411*28  X220   0 -17 -12  -6  -5  -3   1   0  -3  -2   0   1   0   1  -3 -13  -8 -10  -7  -7  -6  -5  -2  -3  -3  -5
DST1411*29  X220   0  -2   0  -1   2   5   3   3   4   8   9   8   6   3   2   3   6   7   3   1  -1   0  -3  -5   3   3
DST1411*30  X220   0  -3  -1   3   5   2   2   4   5   4   5   0   2   9  15  15  11   2  -5  -1  -1  -8 -12 -19 -18   1
DST1412*01  X220   0 -17 -12 -11  -9  -9  -5 -10  -8 -11 -10  -8  -2  -2   2  11  10   9   7  -1   3  -3  -7 -26 -28  -6
DST1412*02  X220   0 -23 -16 -18 -17 -17 -22 -28 -25 -20 -24 -28 -22 -13  -9  -8 -11 -21 -23 -26 -22 -19 -22 -23 -20 -20
DST1412*03  X220   0 -18 -23 -23 -20 -19 -19 -19 -16 -11  -5  -5  -7  -5  -4  -1  -2  -2  -3  -6 -15 -15 -14 -13 -13 -12
DST1412*04  X220   0 -18 -17 -12 -13 -17 -16 -14 -11  -9  -9  -9  -4  -2  -4  -8 -15 -22 -21 -18 -17 -14 -11 -12 -17 -13
DST1412*05  X220   0 -11  -6 -10 -16 -16 -27 -30 -29 -27 -26 -28 -23 -14 -15 -14 -16 -21 -23 -22 -20 -19 -18 -19 -18 -20
DST1412*06  X220   0 -16 -14 -12  -7 -13 -16 -13  -4   5   7  -1   2   9  11  12  19   9  11   9   3 -13 -15 -21 -30  -3
DST1412*07  X220   0 -27 -27 -26 -22 -22 -24 -28 -29 -25 -23 -28 -35 -23 -25 -31 -33 -36 -40 -37 -37 -43 -43 -42 -39 -31
DST1412*08  X220   0 -36 -36 -36 -35 -35 -34 -33 -29 -30 -28 -32 -33 -29 -27 -22 -21 -19 -24 -18 -24 -27 -27 -32 -35 -29
DST1412*09  X220   0 -42 -42 -34 -30 -30 -33 -35 -33 -28 -31 -37 -35 -35 -25 -28 -33 -33 -33 -28 -27 -32 -27 -25 -24 -32
DST1412*10  X220   0 -18 -16 -15 -13 -15 -14 -16 -21 -27 -23 -19 -20 -20 -16 -12 -13 -15 -17 -19 -21 -22 -23 -24 -24 -18
DST1412*11  X220   0 -21 -18 -13 -11 -11 -11 -10  -8  -6  -6  -8  -8  -6  -5  -5  -7  -8  -7  -8  -8  -3  -4   1   1  -8
DST1412*12  X220   0  -2  -2 -14 -14  -8  -8 -16 -22 -26 -29 -27 -21 -28 -37 -41 -50 -53 -49 -47 -51 -51 -45 -43 -40 -30
DST1412*13  X220   0 -37 -36 -35 -34 -33 -31 -26 -23 -24 -26 -26 -24 -25 -29 -26 -25 -29 -30 -28 -28 -28 -28 -36 -40 -29
DST1412*14  X220   0 -36 -32 -31 -31 -31 -31 -29 -27 -28 -27 -28 -28 -31 -32 -34 -32 -29 -29 -29 -31 -31 -26 -19 -17 -29
DST1412*15  X220   0 -15 -14 -13 -18 -21 -13 -11 -14 -27 -35 -37 -29 -23 -28 -32 -31 -30 -29 -28 -26 -25 -36 -36 -31 -25
DST1412*16  X220   0 -28 -26 -26 -23 -24 -23 -24 -23 -21 -20 -22 -24 -26 -24 -28 -23 -19 -18 -21 -19 -19 -24 -25 -27 -23
DST1412*17  X220   0 -31 -32 -29 -21 -28 -27 -22 -23 -27 -25 -22 -22 -23 -22 -21 -22 -26 -28 -25 -22 -22 -19 -16 -17 -24
DST1412*18  X220   0 -12  -9 -10 -14 -14 -12 -11 -11 -10 -14 -13 -11 -11 -11 -10 -11 -13 -14 -15 -13 -15 -16 -15 -15 -13
DST1412*19  X220   0 -12 -14 -13 -12  -9  -7 -12 -14 -15 -18 -17 -15 -16  -8  -6 -16 -20 -26 -32 -31 -26 -20 -17 -14 -16
DST1412*20  X220   0  -8 -10 -15 -15 -16 -18 -20 -18 -16 -17 -20 -23 -24 -20 -17 -19 -23 -22 -20 -17 -17 -18 -17 -16 -18
DST1412*21  X220   0 -11  -9  -9 -11 -19 -28 -34 -32 -28 -30 -33 -33 -30 -25 -27 -31 -38 -44 -44 -36 -41 -49 -45 -37 -30
DST1412*22  X220   0 -39 -40 -43 -50 -56 -71 -68 -62 -61 -55 -53 -44 -39 -36 -32 -23 -23 -21 -13  -7  -1   2   0   1 -35
DST1412*23  X220   0   0  -5  -6  -9 -13 -13  -8  -8  -9 -11 -13   7  11   8   4   5   2   2  -3  -9 -25 -45 -57 -50 -10
DST1412*24  X220   0 -57 -56 -54 -45 -40 -39 -42 -41 -35 -38 -42 -40 -35 -32 -29 -35 -39 -38 -42 -48 -43 -48 -53 -53 -43
DST1412*25  X220   0 -45 -36 -33 -34 -37 -39 -36 -34 -33 -32 -29 -25 -23 -31 -27 -32 -36 -35 -31 -25 -26 -36 -46 -49 -34
DST1412*26  X220   0 -47 -57 -52 -54 -52 -48 -45 -40 -39 -44 -42 -37 -32 -31 -29 -26 -24 -23 -29 -42 -49 -49 -46 -43 -41
DST1412*27  X220   0 -47 -46 -40 -36 -32 -36 -37 -36 -37 -35 -35 -32 -32 -33 -27 -23 -21 -22 -24 -25 -24 -22 -23 -22 -31
DST1412*28  X220   0 -18 -22 -24 -24 -20 -16 -14 -18 -18 -17 -18 -17 -16 -11  -8  -6 -11 -17 -12 -16 -25 -19 -17 -14 -17
DST1412*29  X220   0 -16 -13 -11 -10  -7  -9 -10 -11 -14 -21 -33 -30 -29 -25 -25 -18 -27 -40 -38 -33 -32 -42 -31 -40 -24
DST1412*30  X220   0 -37 -36 -36 -40 -40 -42 -29 -25 -26 -29 -28 -28 -26 -25 -22 -23 -21 -22 -21 -22 -29 -30 -36 -27 -29
DST1412*31  X220   0 -23 -18 -20 -17 -17 -19 -16 -14 -11  -9  -4  -4  -9 -16 -18 -15 -18 -19 -24 -26 -27 -27 -23 -23 -17
DST1501*01  X220   0 -18 -18 -20 -20 -19 -20 -19 -16 -15 -13 -11  -9  -4   0   2   1  -2  -3  -4  -8 -12 -13 -12 -19 -11
DST1501*02  X220   0 -26 -26 -22 -13 -11 -11 -11  -7  -8  -3   2   1   1  -3 -12  -9  -5  -8 -22 -36 -49 -49 -43 -36 -17
DST1501*03  X220   0 -36 -42 -34 -27 -16 -25 -36 -34 -30 -31 -31 -33 -26 -25 -20 -18 -20 -20 -22 -21 -20 -19 -19 -20 -26
DST1501*04  X220   0 -21 -22 -20 -16 -16 -19 -26 -33 -35 -34 -29 -36 -47 -59 -63 -62 -68 -57 -62 -65 -68 -78 -67 -57 -44
DST1501*05  X220   0 -67 -51 -42 -38 -41 -51 -55 -48 -47 -42 -39 -37 -37 -39 -33 -31 -28 -29 -31 -35 -40 -46 -43 -42 -41
DST1501*06  X220   0 -44 -40 -38 -35 -32 -37 -39 -37 -40 -49 -46 -38 -35 -32 -29 -29 -32 -30 -32 -20 -22 -27 -26 -18 -34
DST1501*07  X220   0 -14  -5   0  -2  -2  -6  -1   9 -29 -73-106-107-100-101-103 -98 -87 -73 -62 -50 -47 -39 -49 -51 -50
DST1501*08  X220   0 -54 -58 -47 -48 -48 -41 -48 -56 -57 -56 -56 -55 -49 -44 -39 -40 -43 -40 -38 -38 -35 -35 -38 -41 -46
DST1501*09  X220   0 -42 -44 -42 -38 -32 -32 -35 -38 -43 -43 -40 -37 -33 -32 -32 -30 -34 -36 -35 -34 -33 -28 -24 -26 -35
DST1501*10  X220   0 -32 -37 -29 -26 -25 -22 -27 -30 -32 -31 -30 -31 -28 -24 -19 -17 -19 -24 -24 -23 -16 -20 -17 -14 -25
DST1501*11  X220   0 -18 -23 -25 -26 -24 -26 -28 -30 -37 -36 -33 -34 -37 -39 -36 -30 -30 -31 -29 -26 -22 -29 -29 -26 -29
DST1501*12  X220   0 -26 -24 -23 -24 -20 -17 -21 -19 -19 -20 -25 -34 -38 -40 -37 -34 -30 -30 -28 -28 -28 -25 -24 -19 -26
DST1501*13  X220   0 -21 -22 -21 -20 -17 -15 -17 -19 -16 -15 -17 -18 -25 -32 -27 -22 -20 -21 -21 -19 -19 -25 -23 -22 -21
DST1501*14  X220   0 -26 -25 -23 -23 -23 -20 -17 -15 -14 -16 -25 -28 -30 -28 -21 -15 -13 -14 -16 -17 -15 -13 -13 -14 -19
DST1501*15  X220   0 -16 -15 -15 -14 -13 -13 -13 -17 -14  -7  -4 -11 -15 -14 -19 -18 -20 -18 -17 -15 -13 -11 -13 -12 -14
DST1501*16  X220   0 -11  -9  -7  -8 -21 -21 -20 -22 -15 -11 -12 -17 -19 -21 -17 -14 -15 -18 -17 -19 -19 -13 -13 -14 -16
DST1501*17  X220   0 -18 -21 -20 -20 -25 -28 -25 -23 -23 -22 -21 -16 -14 -15 -16 -14 -12 -10 -11 -12 -14 -10 -13 -13 -17
DST1501*18  X220   0 -11 -11 -12 -14 -13 -10  -9  -6  -4  -3  -3  -3  -1  -5 -10 -11 -13 -12 -11 -12 -15 -19 -16 -16 -10
DST1501*19  X220   0 -12 -12 -12 -10  -8  -9 -12 -13 -12  -7  -5  -4  -2  -2   0   0  -1  -3  -6  -7  -9  -9 -15 -23  -8
DST1501*20  X220   0 -21 -16 -12 -12 -11 -11 -11 -11 -14 -16 -16 -13 -10  -8  -3  -1   1   2   3   5   7  11  18  29  -5
DST1501*21  X220   0  35  29  32  36  28  33  25  19   7   5   7  12  10   4  -2 -10 -19 -19 -19 -19 -14 -12 -10  -8   6
DST1501*22  X220   0 -10 -15 -13 -14 -20 -19 -16 -14 -14 -15 -19 -21 -23 -30 -27 -25 -20 -16 -14 -16 -14 -13 -13 -14 -17
DST1501*23  X220   0 -13 -15 -15 -17 -17 -15 -18 -14 -10 -14 -18 -19 -20 -16 -14 -12 -13 -15 -16 -14 -13 -12 -11  -9 -15
DST1501*24  X220   0  -7  -8  -7  -7 -10 -10  -7  -6  -7 -11 -17 -22 -23 -21 -18 -17 -20 -19 -16 -13 -15 -10  -6  -7 -13
DST1501*25  X220   0 -10 -10  -8 -10  -9  -5  -6  -4  -2  -4  -9  -8  -9 -11  -9  -9 -13 -13  -9  -3  -3   0  -1  -3  -7
DST1501*26  X220   0 -10  -9 -10 -19 -15 -13  -8  -6 -11 -21 -43 -32 -26 -24 -25 -28 -34 -33 -27 -24 -21 -20 -23 -24 -21
DST1501*27  X220   0 -26 -24 -20 -19 -27 -26 -26 -14 -15 -16 -18 -20 -18 -14  -9 -10 -11 -13 -10  -4  -5 -17 -23 -24 -17
DST1501*28  X220   0 -17 -18 -17 -13 -11 -14 -19 -22 -18 -17 -18 -19 -16 -13 -14 -16 -20 -18 -11  -8  -9  -9  -6  -6 -15
DST1501*29  X220   0  -7  -6  -6 -12 -16 -17 -18 -15 -13 -10 -11  -4  -8 -10 -13 -10  -9  -5 -10  -9 -19 -11  -9 -13 -11
DST1501*30  X220   0 -17 -13 -12 -15 -16 -20 -20 -16 -21 -21 -19 -18 -16 -14 -16 -16 -20 -27 -29 -31 -31 -33 -28 -20 -20
DST1501*31  X220   0 -18 -16 -14 -18 -20 -19 -20 -23 -24 -23 -21 -19 -17 -13 -15 -19 -22 -22 -23 -21 -16 -16 -23 -21 -19
DST1502*01  X220   0 -16 -16 -19 -19 -18 -20 -14 -14 -12 -12 -16 -13 -13  -9  -5  -6  -8  -8 -17 -12  -9 -26 -31 -28 -15
DST1502*02  X220   0 -21 -22 -30 -37 -35 -45 -55 -47 -44 -47 -45 -34 -35 -30 -23 -27 -35 -37 -33 -32 -28 -28 -25 -18 -34
DST1502*03  X220   0 -18 -21 -21 -25 -28 -32 -34 -33 -31 -29 -26 -24 -22 -23 -29 -27 -26 -27 -23 -20 -19 -18 -14 -11 -24
DST1502*04  X220   0 -11 -14 -13 -14 -18 -20 -23 -25 -25 -25 -28 -22 -20 -16 -19 -22 -23 -21 -21 -21 -21 -18 -15 -10 -19
DST1502*05  X220   0 -10 -16 -16 -14 -10  -2   0  -5  -7 -13 -15  -9  -3   1  -8 -12 -17 -19 -11 -14 -19 -20 -18 -14 -11
DST1502*06  X220   0 -16 -19 -19 -17 -15 -14 -14 -15 -16 -16 -17 -17 -12  -9  -8  -8  -9  -9  -9  -8  -9 -10  -6  -5 -12
DST1502*07  X220   0  -4  -3  -3  -3  -1  -1  -2 -11 -29 -44 -44 -33 -23 -21 -26 -30 -29 -30 -27 -21 -19 -18 -17 -18 -19
DST1502*08  X220   0 -21 -18 -17 -16 -20 -28 -32 -37 -33 -33 -25 -23 -21 -20 -17 -17 -20 -23 -25 -22 -19 -18 -16 -17 -22
DST1502*09  X220   0 -19 -18 -15 -14 -12 -15 -16 -16 -17 -18 -20 -16 -13 -11 -13 -17 -18 -14 -14 -14 -13 -21 -23 -19 -16
DST1502*10  X220   0 -17 -19 -17 -15 -18 -21 -17 -15 -19 -21 -20 -16 -12 -10 -12 -12 -12  -9  -7 -12 -14 -16 -14 -15 -15
DST1502*11  X220   0 -13 -10 -12 -16 -12 -10 -10 -14 -13 -11 -11 -10 -13 -17 -19 -14 -11 -12 -12 -11  -9  -7  -7  -7 -12
DST1502*12  X220   0 -14 -15 -13  -9  -6  -5  -4  -6  -5  -6  -7  -2   0  -3  -6  -9 -11 -12 -12 -12 -14 -18 -16 -17  -9
DST1502*13  X220   0 -16 -16 -14 -11  -7  -5  -6  -7  -7  -9  -8  -8  -6  -3   0   1   1  -2  -3  -2  -3  -3  -3  -3  -6
DST1502*14  X220   0  -1  -1  -1  -2  -4  -5  -3   0   3   4   4   5   4   5   5   4   3   4   4   7   8   9   8  11   3
DST1502*15  X220   0  14  16  14   7   9   7   8   1   0  -5 -11  -4  -1  -2 -16 -19 -17 -12 -13 -14 -10  -4   0   1  -2
DST1502*16  X220   0   1   4   4   5   7   4   2   1  -1  -4  -3   0   4   3   1   1   0   3   5  13  16   6  -2  -7   3
DST1502*17  X220   0 -17 -23 -30 -31 -23 -18 -23 -28 -29 -38 -38 -30 -25 -19 -15 -16 -21 -28 -35 -35 -27 -44 -65 -67 -30
DST1502*18  X220   0 -69 -62 -55 -57 -53 -54 -60 -61 -60 -58 -53 -50 -43 -40 -39 -37 -38 -39 -38 -31 -29 -27 -28 -23 -46
DST1502*19  X220   0 -23 -26 -28 -33 -35 -33 -32 -29 -29 -26 -27 -24 -22 -22 -24 -24 -26 -23 -20 -20 -24 -25 -23 -17 -26
DST1502*20  X220   0 -16 -15 -15 -17 -20 -22 -19 -24 -25 -28 -31 -25 -19 -17 -13 -12 -12 -11  -9 -10 -12 -17 -20 -22 -18
DST1502*21  X220   0 -24 -24 -22 -18 -15 -12 -13 -15 -19 -22 -26 -20 -14 -11  -7  -5  -7 -10 -10  -9 -11 -11  -5  -6 -14
DST1502*22  X220   0  -9  -8 -10  -9 -11 -13 -14 -12 -10  -9 -12  -9  -8 -12 -10  -8  -7  -7  -7  -7  -5  -3  -2  -8  -9
DST1502*23  X220   0 -15  -9  -9  -1  -1 -12 -15 -20 -18 -20 -19 -23 -27 -31 -26 -22 -34 -38 -24 -17 -16 -24 -32 -28 -20
DST1502*24  X220   0 -22 -22 -37 -56 -55 -52 -56 -58 -47 -43 -46 -35 -35 -33 -28 -27 -27 -27 -26 -27 -26 -25 -30 -29 -36
DST1502*25  X220   0 -26 -26 -26 -25 -22 -22 -19 -18 -30 -25 -23 -26 -22 -21 -21 -22 -16 -15 -16 -11 -12 -11 -11 -11 -20
DST1502*26  X220   0 -12 -14 -14 -13 -13 -12 -13 -16 -14 -14 -15 -14 -15 -14 -14 -13 -10 -11 -10 -11  -8  -9  -5  -5 -12
DST1502*27  X220   0  -5  -3  -2  -2   0   0   0   1   4   6   8   6   4   5   3   4   7   7   5   4   1   0   1   0   2
DST1502*28  X220   0   2   4   4   3   4   2   5   5  -2  -6  -2   1  -1  -3  -4   4   3  -6 -15 -14 -26 -26 -17 -16  -4
DST1503*01  X220   0 -34 -44 -30 -31 -28 -42 -55 -53 -56 -51 -50 -47 -46 -41 -36 -32 -29 -26 -22 -21 -22 -21 -27 -26 -36
DST1503*02  X220   0 -21 -20 -30 -35 -30 -42 -43 -53 -64 -62 -54 -50 -53 -53 -49 -49 -41 -40 -36 -29 -27 -27 -25 -23 -40
DST1503*03  X220   0 -24 -22 -28 -26 -25 -26 -27 -26 -22 -26 -28 -27 -25 -27 -27 -27 -25 -25 -28 -21 -21 -23 -27 -31 -26
DST1503*04  X220   0 -27 -18 -16 -17 -15 -13 -11  -8  -4  -5  -6  -7 -11 -15 -16 -19 -20 -20 -17 -14 -15 -11 -14 -18 -14
DST1503*05  X220   0 -15 -11  -9  -9  -7  -5  -4  -3  -3  -6  -8  -7 -12 -19 -13 -14 -15 -12 -10 -10  -8  -7  -3  -3  -9
DST1503*06  X220   0  -3   0   2   6   3  -5 -14 -30 -30 -20 -17 -14 -16 -16 -14 -12 -11  -8  -8  -9 -14 -17  -9  -6 -11
DST1503*07  X220   0  -8 -11 -12 -17 -20 -27 -27 -25 -19 -20 -24 -22 -19 -12 -11 -12 -10 -14 -14 -16 -20 -24 -24 -20 -18
DST1503*08  X220   0 -17 -13 -13 -14 -15 -12  -7  -7  -9  -8 -12 -18 -21 -18 -21 -19 -17 -20 -21 -18 -15 -14 -13 -15 -15
DST1503*09  X220   0 -18 -23 -21 -22 -19 -16 -17 -18 -17 -16 -14 -11  -9  -9 -10  -9 -10 -10  -5  -4  -4  -4  -4  -3 -12
DST1503*10  X220   0  -1  -4  -4  -6  -6  -4  -2  -1   1  -3  -7  -3  -5  -6  -6  -7  -7  -6  -6  -8  -6  -4  -4  -5  -5
DST1503*11  X220   0  -6  -6  -6  -6  -5   5   6   8   0   2   1   2  -6 -11 -14 -14 -12 -12 -15 -20 -19 -16 -15 -14  -7
DST1503*12  X220   0 -15 -12  -8 -10 -11  -7 -12 -22 -24 -23 -19 -19 -15 -17 -18 -13  -9  -9  -9  -8  -8 -11 -13 -15 -14
DST1503*13  X220   0 -13 -12  -9  -3  -2   1   1   0  -1  -2  -2   0  -3 -16 -20 -11  -7 -10 -15 -15 -11 -10  -7 -10  -7
DST1503*14  X220   0 -12 -11 -12 -13 -14 -15 -12  -9  -8  -7  -5  -4  -4  -4   1   3   4   2   3   2  -1  -3  -5 -11  -6
DST1503*15  X220   0 -11 -11 -11 -12 -11 -11  -9  -9  -7  -6  -7  -5  -5  -3   1   4  -1   0   2   1  -2  -7  -7  -2  -5
DST1503*16  X220   0   4  10  15  10   7  15   1 -10  -2   5  11  19  17  11   7  12  17  17  15  16  11   9   6   3   9
DST1503*17  X220   0   4   3   3   2  13  45  25 -18 -54 -83 -75 -54 -55 -75 -93-118-143-162-154-177-182-198-234-225 -84
DST1503*18  X220   0-200-189-172-155-148-136-133-124-123-117-111 -99 -97 -91 -88 -91 -86 -82 -88 -94 -95 -94 -94 -93-117
DST1503*19  X220   0 -99 -94 -86 -81 -86 -84 -81 -73 -71 -76 -75 -76 -77 -83 -84 -80 -73 -72 -71 -70 -71 -69 -65 -70 -78
DST1503*20  X220   0 -75 -81 -74 -69 -65 -64 -71 -68 -63 -61 -62 -65 -58 -57 -55 -56 -62 -66 -64 -60 -59 -56 -56 -65 -64
DST1503*21  X220   0 -69 -65 -64 -58 -48 -46 -49 -46 -45 -44 -50 -48 -46 -45 -46 -46 -46 -44 -44 -44 -47 -40 -43 -41 -49
DST1503*22  X220   0 -39 -42 -36 -33 -40 -43 -45 -56 -50 -50 -45 -33 -41 -48 -55 -51 -49 -52 -54 -52 -47 -46 -45 -44 -46
DST1503*23  X220   0 -40 -45 -46 -47 -50 -47 -44 -46 -47 -44 -46 -42 -36 -35 -32 -37 -39 -35 -36 -37 -40 -50 -47 -47 -42
DST1503*24  X220   0 -48 -48 -45 -40 -34 -33 -32 -29 -30 -29 -26 -31 -32 -30 -28 -26 -33 -34 -31 -31 -28 -28 -34 -34 -33
DST1503*25  X220   0 -30 -30 -36 -34 -32 -34 -33 -32 -31 -28 -17 -13  -5  -5  -4 -12 -22 -17 -17 -22 -28 -32 -33 -31 -24
DST1503*26  X220   0 -29 -25 -25 -23 -23 -26 -27 -21 -18 -15 -15 -10  -9 -13 -11 -16 -20 -20 -21 -20 -27 -30 -31 -29 -21
DST1503*27  X220   0 -28 -29 -27 -27 -25 -30 -35 -29 -23 -27 -23 -22 -22 -23 -29 -30 -26 -23 -23 -23 -21 -20 -21 -21 -25
DST1503*28  X220   0 -20 -18 -11  -6  -3  -5 -23 -39 -42 -33 -27 -25 -27 -28 -26 -20 -15 -11 -12 -15 -19 -20 -18 -17 -20
DST1503*29  X220   0 -19 -22 -20 -24 -30 -34 -34 -31 -26 -32 -43 -46 -35 -30 -34 -33 -33 -36 -40 -40 -37 -32 -32 -31 -32
DST1503*30  X220   0 -30 -28 -26 -27 -26 -24 -23 -22 -19 -20 -26 -26 -23 -21 -23 -25 -26 -26 -26 -27 -26 -28 -29 -28 -25
DST1503*31  X220   0 -24 -20 -15 -12 -12 -14 -17 -19 -14  -8  -9  -5 -13 -11  -7  -5  -4   2  -7  -9 -10 -12 -12 -12 -11
DST1504*01  X220   0 -13  -8  -1   2   3   0   0  -3  -4  -4   0   3  -1   0  -1   2   0  -4  -6  -2  -4  -6 -11  -9  -3
DST1504*02  X220   0  -8  -3   3   9   3   2  -1  -2 -17 -25 -22 -19 -16 -16 -16 -13 -14 -17 -15 -13 -13 -33 -35 -27 -13
DST1504*03  X220   0 -23 -20 -21 -23 -19 -18 -17 -14 -15 -16 -18 -15 -12 -10 -16 -15 -13 -13 -16 -17 -19 -22 -26 -33 -18
DST1504*04  X220   0 -33 -30 -27 -25 -22 -20 -22 -20 -18 -16 -18 -17 -15 -15 -13 -18 -17 -20 -20 -14 -12 -11 -11 -13 -19
DST1504*05  X220   0 -15 -17 -16 -13 -14 -17 -17 -18 -14 -11 -11  -8  -8  -9  -9 -10  -8  -6  -5  -3  -2  -6 -16 -15 -11
DST1504*06  X220   0 -17 -18 -18 -14 -10  -8 -11 -14 -15 -13 -12 -11 -12 -16 -17 -13 -10  -9  -8  -6  -8 -12 -15 -19 -13
DST1504*07  X220   0 -19 -19 -16 -13 -12 -12 -10  -7  -5  -4  -4  -4  -6  -8 -11  -9  -6  -4  -1  -3  -1  -1  -1  -5  -8
DST1504*08  X220   0  -8  -6  -5  -5  -3  -5  -5  -3  -1   0  -2  -2  -1   0   0  -1  -2  -4  -5  -3  -2   0   0  -4  -3
DST1504*09  X220   0  -6  -8  -2  -6 -10 -13 -12 -13 -17 -15  -7  -9  -5  -4  -5  -2   0   1   2   6  12  11  11   3  -4
DST1504*10  X220   0 -28 -44 -38 -42 -60 -57 -45 -47 -50 -55 -50 -43 -37 -36 -29 -24 -21 -23 -31 -37 -36 -37 -42 -44 -40
DST1504*11  X220   0 -50 -58 -63 -64 -69 -74 -79 -83 -82 -85 -79 -66 -63 -67 -67 -68 -67 -59 -56 -53 -46 -42 -38 -33 -63
DST1504*12  X220   0 -30 -31 -31 -30 -27 -28 -28 -27 -27 -25 -25 -25 -25 -23 -23 -20 -19 -18 -19 -21 -21 -21 -22 -23 -25
DST1504*13  X220   0 -20 -23 -28 -30 -23 -13  -7 -15 -19 -21 -22 -16 -10  -7  -7  -8 -10 -11  -8  -4  -5  -3  -4  -5 -13
DST1504*14  X220   0  -9 -11  -8  -3  -1  -2   1   0   2   2  -1  -4  -1   0  -9 -16 -17 -34 -35 -25 -23 -30 -48 -46 -13
DST1504*15  X220   0 -39 -35 -32 -27 -30 -29 -18 -10  -8 -10 -29 -52 -47 -46 -45 -40 -40 -41 -54 -61 -65 -54 -52 -53 -38
DST1504*16  X220   0 -53 -47 -54 -58 -57 -66 -69 -81 -71 -64 -62 -51 -50 -56 -54 -51 -46 -51 -56 -62 -58 -61 -85 -88 -60
DST1504*17  X220   0 -79 -75 -69 -65 -67 -71 -69 -65 -64 -58 -53 -52 -53 -52 -48 -50 -46 -44 -49 -50 -45 -41 -42 -42 -56
DST1504*18  X220   0 -44 -44 -39 -36 -35 -35 -32 -26 -27 -24 -21 -20 -19 -20 -23 -29 -31 -34 -31 -34 -34 -37 -38 -38 -31
DST1504*19  X220   0 -39 -37 -33 -33 -31 -30 -31 -29 -29 -32 -36 -33 -26 -27 -30 -30 -27 -24 -26 -30 -28 -26 -28 -31 -30
DST1504*20  X220   0 -34 -34 -30 -26 -28 -24 -21 -21 -20 -15 -12 -14 -12  -7   1   4   6  10   5   2  -4   3  -9 -14 -12
DST1504*21  X220   0 -16 -25 -19 -21 -30 -33 -34 -37 -35 -26 -29 -26 -30 -28 -28 -36 -33 -28 -28 -23 -23 -25 -32 -29 -28
DST1504*22  X220   0 -28 -24 -23 -22 -23 -24 -28 -29 -30 -30 -27 -21 -20 -21 -20 -19 -20 -16 -14 -14 -11 -10 -13 -17 -21
DST1504*23  X220   0 -18 -19 -19 -25 -29 -24 -17 -15 -16 -17 -16 -13  -9  -7  -8  -9  -9  -8 -10 -11 -11 -12 -14 -14 -15
DST1504*24  X220   0 -12 -17 -16 -18 -23 -26 -21 -18 -19 -19 -18 -19 -19 -18 -17 -17 -18 -18 -17 -16 -11  -9  -9  -9 -17
DST1504*25  X220   0  -7  -7  -7  -7  -8  -8  -5  -5  -5  -5  -5  -6  -6  -5  -4  -5  -7  -8 -11 -10  -6  -1   1   2  -6
DST1504*26  X220   0   1   1   3   3   3   3   3   1   0   0  -1   0  -2  -4  -3  -5  -6  -3  -2  -4  -1   1   1   1   0
DST1504*27  X220   0  -2  -2  -1  -1  -5  -6  -6  -2   1  -1  -5  -5 -10 -14 -17 -18 -19 -23 -29 -32 -30 -25 -28 -33 -13
DST1504*28  X220   0 -36 -32 -26 -22 -23 -25 -24 -22 -16 -18 -26 -27 -22 -22 -23 -25 -27 -28 -21 -11  -3  -4  -5  -6 -21
DST1504*29  X220   0 -10  -9  -9 -10 -12 -14 -11  -9  -8 -10 -11  -9  -9  -9  -7 -10 -12  -9 -10 -14 -17 -20 -21 -16 -12
DST1504*30  X220   0 -10  -4  -1  -1   0  -1  -4  -7  -9  -6  -7  -6  -5  -4  -5  -7  -6  -5  -5  -9  -6  -1   0  -2  -5
DST1505*01  X220   0  -1   3   4  -3 -11 -15 -10  -7  -6  -8  -8 -11  -9  -7  -7  -5   0  -2  -1   1   6   7   4  -1  -4
DST1505*02  X220   0  -4   0   3   2   0   0  -4  -4  -4  -1   0   1   0  -2  -3  -3  -8  -9  -9  -9  -4 -10 -11 -17  -4
DST1505*03  X220   0 -21 -17 -13 -12 -16 -12 -10 -14 -18 -14 -14 -16 -16 -15 -11 -13 -11  -9  -9  -6  -2  -1  -3  -6 -12
DST1505*04  X220   0  -9  -8 -12  -9  -8  -7  -9 -10 -12  -9  -3  -2  -5  -6 -13 -14 -13 -13  -8  -4  -8 -10  -7  -7  -9
DST1505*05  X220   0  -4  -1  -1  -1  -2  -3  -6  -8 -11 -16 -13 -12 -11  -9 -10 -10 -13 -15 -15 -13 -11  -7  -1  -7  -8
DST1505*06  X220   0 -12  -6  11   8   9   3  -4  -6  -6 -12 -22 -25 -23 -21 -20 -25 -22 -33 -35 -29 -24 -23 -21 -13 -15
DST1505*07  X220   0  -3   2   1  -3  -9 -13 -13 -16 -15 -14 -15 -15 -16 -13 -12 -16 -12 -15 -19 -13  -6  -1  -4 -13 -11
DST1505*08  X220   0 -12  -9  -7  -9   2   5   4  -2 -10 -11 -12 -10 -13 -13 -14 -15 -15 -13 -13 -13 -11 -10 -12 -10  -9
DST1505*09  X220   0  -9  -9  -6  -5  -8  -9  -6  -3  -2   0   8  10  13  17  15   9  -2   7   9   2   8   8  -3  -2   2
DST1505*10  X220   0  -2   1   3   6   2  -4  -5 -14 -17 -15 -26 -35 -27 -23 -21 -18 -17 -17 -15 -18 -19 -21 -24 -27 -15
DST1505*11  X220   0 -29 -38 -45 -52 -57 -51 -48 -40 -33 -31 -32 -37 -39 -39 -38 -41 -41 -36 -37 -40 -37 -35 -29 -20 -39
DST1505*12  X220   0 -15 -12 -10 -17 -29 -38 -36 -34 -41 -43 -45 -48 -44 -37 -35 -34 -39 -45 -51 -49 -38 -22 -15 -18 -33
DST1505*13  X220   0 -15 -32 -45 -45 -36 -55 -82 -77 -72 -66 -69 -74 -73 -71 -65 -65 -63 -67 -66 -72 -70 -63 -51 -36 -60
DST1505*14  X220   0 -29 -29 -29 -34 -37 -39 -32 -29 -33 -28 -26 -27 -30 -29 -33 -37 -39 -36 -33 -30 -26 -30 -26 -19 -31
DST1505*15  X220   0 -15 -13 -13 -17 -21 -21 -25 -29 -29 -29 -29 -28 -27 -28 -29 -29 -29 -30 -29 -27 -23 -18 -15 -10 -23
DST1505*16  X220   0 -10  -9  -9 -13 -16 -18 -20 -17 -16 -17 -18 -21 -21 -19 -20 -21 -21 -21 -22 -17 -12  -7  -5  -2 -16
DST1505*17  X220   0  -1  -2  -3  -4  -5  -7 -15 -19 -16 -14 -12 -12 -11 -10 -12  -9  -7  -8 -10  -7  -4  -1  -1  -1  -8
DST1505*18  X220   0   3   7  10  10  12  13  11  10   5   0  10   1 -17 -22 -16 -15 -14 -18 -18 -15  -9  -8 -22 -47  -5
DST1505*19  X220   0 -37 -25 -32 -48 -40 -38 -36 -30 -26 -22 -19 -17 -16 -18 -24 -32 -32 -26 -25 -23 -23 -20 -19 -19 -27
DST1505*20  X220   0 -19 -19 -18 -24 -25 -18 -19 -17 -16 -16 -15 -16 -20 -24 -24 -22 -23 -23 -24 -26 -24 -25 -26 -26 -21
DST1505*21  X220   0 -22 -20 -19 -15 -14 -14 -13 -13 -14 -15 -14 -15 -16 -16 -17 -17 -17 -17 -16 -14  -9 -10  -9  -8 -15
DST1505*22  X220   0 -11 -10  -8  -5  -5  -7  -7  -9  -9  -8  -7  -6  -5  -9  -7  -8  -9  -9 -10  -9  -9  -7  -6  -1  -8
DST1505*23  X220   0   0   1   1   1   2   6   4   0  -4  -5  -7  -5  -3   1   0   2   6   4   5   6   8   5   5   3   2
DST1505*24  X220   0   1  -1  -3  -7 -10 -10  -8  -9  -7  -4  -2  -2  -2  -1   0  -1  -2  -2  -3  -6  -6  -6  -5  -4  -4
DST1505*25  X220   0  -2  -2  -1   0   0   1   2   5   4   2   0   0   0   0  -2  -3  -2  -2   0  -1   0   2   4   8   1
DST1505*26  X220   0   6   4   5   9   4   2   1   6   8   8   7   5   3   1   0   1  -2  -2  -6  -2  -1   1   4   5   3
DST1505*27  X220   0   7   6   6   7   7   7   6   3   1   1  -1  -3  -1   3   0  -4  -8 -10 -12 -15 -14 -11  -9 -10  -2
DST1505*28  X220   0 -13  -9  -4   2   1   1   1   3   4   4   2  -3 -10 -11  -9  -8  -7  -8  -5  -2   3   8   8   5  -2
DST1505*29  X220   0   5   8   8   7   7   7   9   8   7   8   8   7   6   7   7   6   5   3   4   5   5   4   4   6   6
DST1505*30  X220   0   9  13  12  10   9   8   6   5   8   8   5   5   7  10   9   7   5   4   5   4   3   3   2   0   7
DST1505*31  X220   0   3   3   1  -2  -2  -1  -1  -2  -6  -4  -3  -5  -4  -2   1   8   8   5   8   9   8   9  11   8   2
DST1506*01  X220   0   3  -1   1   0  -4  -7 -10 -10  -8  -5  -8  -7  -4  -2  -1  -1   1   4   0  -7  -7  -6  -3   4  -3
DST1506*02  X220   0   7   8   7   5   3   3   2   2   3   4   4   3   4   3   3   5   5   5   6   6  10  11  11  10   5
DST1506*03  X220   0   8   6   6   4   5   7   6   6   5   5   4   5   8   8   8   7   8   9   6   5   6   6   7   8   6
DST1506*04  X220   0   8   8   8   7   7   7   8   7   8   7   7   6   8   9  10   9   7   7   9  10   9   9   9  11   8
DST1506*05  X220   0  10   8  10  10   9   9   8   8   7  10  15  16  16  17  17  16  14  13  13  13  14  16  18  21  13
DST1506*06  X220   0  22  23  23  25  25  27  26  27  24  25  26  20  12  12  12  12  10  11  12  16  18  18  16  17  19
DST1506*07  X220   0  17  18  17  14  13   9   6   0   1   7  15  15  22  27  28  26  25  27  30  29  22  14  17  22  18
DST1506*08  X220   0  21  13  12  15  16  10 -14 -60 -67 -54 -46 -37 -58 -63 -58 -57 -62 -56 -61 -52 -49 -48 -39 -37 -35
DST1506*09  X220   0 -33 -29 -29 -26 -28 -27 -27 -27 -21 -18 -18 -17 -19 -19 -27 -30 -30 -33 -37 -34 -34 -32 -28 -22 -27
DST1506*10  X220   0 -23 -19 -18 -17 -15 -15 -18 -18 -20 -20 -19 -17 -17 -19 -22 -23 -23 -20 -21 -21 -24 -23 -18 -16 -19
DST1506*11  X220   0 -16 -20 -20 -25 -24 -21 -16 -18 -21 -18 -15 -15 -15 -17 -19 -20 -22 -19 -18 -18 -18 -18 -18 -13 -19
DST1506*12  X220   0 -10 -12 -14 -16 -16 -15 -15 -12  -8  -7  -6  -8  -9   6  11  10  17  23  21  18  13   6   6   6   0
DST1506*13  X220   0   5  -3  -2  -1  -2  -4  -4  -8  -4  -6 -10 -10  -9 -10 -11 -11 -11 -12 -15 -14 -15  -9  -1   1  -7
DST1506*14  X220   0  -7  -9  -9  -8 -10 -10 -11 -14 -16 -19 -17 -15 -12 -11  -8  -6  -6 -10  -8  -9 -10 -14 -12 -10 -11
DST1506*15  X220   0 -11 -11 -13 -15 -16 -14 -14 -12 -11 -13 -14 -20 -21 -20 -19 -25 -28 -23 -17 -23 -21 -20 -15 -15 -17
DST1506*16  X220   0 -20 -20 -15 -14 -12 -15 -15 -16 -21 -23 -20 -17 -16 -17 -17 -19 -22 -22 -17  -9  -7  -7  -6  -8 -16
DST1506*17  X220   0  -8  -6 -11 -15 -22 -23 -26 -28 -31 -32 -27 -30 -32 -32 -32 -37 -36 -30 -28 -25 -25 -26 -28 -26 -26
DST1506*18  X220   0 -24 -21 -16 -13 -11 -15 -15 -13 -13 -12 -12 -12 -14 -18 -23 -25 -25 -22 -18 -16 -16 -17 -14 -11 -17
DST1506*19  X220   0 -12 -17 -19 -17 -15 -16 -18 -14 -10 -10 -11 -12 -11 -11 -12 -13 -12  -9  -7  -4  -5  -5  -7  -9 -12
DST1506*20  X220   0  -8  -7  -7  -5  -2  -2   0   1  -2  -3  -4  -2  -2   0   0  -3  -6  -7  -6  -2   1   3   3   6  -2
DST1506*21  X220   0   7   4   4   7   7   6   5   4   6   7   7   7   9   9   8   7  14  40  42  39  30  29  21  18  14
DST1506*22  X220   0  13  13  14  14  14  18  20  12  13   5   3   9   6   1 -12 -28 -46 -35  -2 -47-114-100 -91 -96 -17
DST1506*23  X220   0 -95-126-141-174-198-179-171-153-153-153-149-137-131-122-106-108-105-104 -91 -82 -91 -94 -96 -88-127
DST1506*24  X220   0 -86 -80 -78 -80 -77 -77 -79 -78 -71 -71 -68 -71 -72 -63 -50 -51 -49 -50 -47 -40 -45 -50 -53 -54 -64
DST1506*25  X220   0 -50 -41 -31 -27 -28 -26 -29 -41 -35 -40 -47 -47 -43 -59 -78 -80 -81 -78 -76 -80 -77 -71 -66 -64 -54
DST1506*26  X220   0 -58 -60 -57 -50 -53 -54 -50 -45 -40 -44 -44 -44 -45 -46 -49 -50 -50 -51 -50 -49 -48 -44 -40 -34 -48
DST1506*27  X220   0 -38 -39 -35 -27 -30 -32 -32 -32 -33 -31 -31 -37 -36 -37 -34 -33 -32 -30 -31 -32 -28 -27 -27 -33 -32
DST1506*28  X220   0 -39 -39 -32 -31 -32 -41 -46 -46 -37 -37 -41 -41 -41 -39 -39 -43 -38 -36 -34 -40 -36 -37 -34 -33 -38
DST1506*29  X220   0 -29 -27 -24 -22 -21 -21 -24 -21 -21 -20 -15 -13 -17 -22 -26 -26 -26 -27 -26 -27 -26 -26 -26 -23 -23
DST1506*30  X220   0 -18 -15 -19 -21 -19 -15 -16 -15 -12 -10 -10 -10 -12 -10  -9 -11 -12 -12  -9  -8  -5  -3  -7 -11 -12
DST1507*01  X220   0 -12 -12  -9  -6  -8 -10 -13 -13 -13 -10 -11 -15 -17 -18 -17 -18 -18 -19 -19 -17 -16 -20 -23 -22 -15
DST1507*02  X220   0 -19 -18 -15 -16 -15 -14 -13 -15 -15 -12 -13 -12 -13 -12 -13 -16 -16 -15 -14 -15 -17 -15 -14 -12 -15
DST1507*03  X220   0 -11 -13 -12  -8  -4  -4  -4  -4  -5  -6  -6  -3  -3  -3  -4  -6  -8  -9  -7  -3   1   0  -3  -3  -5
DST1507*04  X220   0  -1  -1   1   4   2   1   4   6   8   8   8   9   4   8  15  26  28  15   1 -13 -12 -54 -64 -56  -2
DST1507*05  X220   0 -50 -55 -64 -58 -71 -74 -64 -60 -59 -57 -53 -52 -48 -50 -56 -56 -54 -51 -47 -41 -41 -41 -38 -37 -53
DST1507*06  X220   0 -37 -41 -54 -54 -45 -42 -41 -43 -42 -41 -40 -36 -35 -37 -36 -35 -36 -40 -40 -41 -39 -37 -35 -32 -40
DST1507*07  X220   0 -31 -32 -28 -25 -27 -28 -27 -23 -20 -24 -23 -24 -25 -27 -30 -32 -30 -27 -24 -25 -25 -27 -28 -27 -27
DST1507*08  X220   0 -27 -26 -27 -26 -25 -24 -21 -18 -13 -13 -14 -19 -21 -20 -22 -24 -27 -29 -23 -20 -15 -13 -11 -10 -20
DST1507*09  X220   0 -11 -16 -20 -22 -25 -26 -18 -10  -9 -11 -10 -11 -10 -10 -11 -14 -12  -9 -10 -11 -10 -11  -9 -10 -13
DST1507*10  X220   0 -15 -18 -19 -18 -17 -15 -13 -12 -11  -7  -6  -6  -8  -8  -9  -9  -3   1   3   7  12  14  22  19  -5
DST1507*11  X220   0   1  -3  -7 -22 -13 -14 -22 -24 -26 -26 -23 -30 -30 -33 -32 -35 -33 -29 -29 -29 -28 -24 -27 -25 -23
DST1507*12  X220   0 -22 -26 -25 -26 -28 -28 -24 -23 -20 -21 -24 -23 -23 -25 -26 -25 -24 -22 -21 -25 -32 -28 -24 -20 -24
DST1507*13  X220   0 -21 -16 -15 -22 -35 -43 -44 -48 -53 -57 -62 -65 -57 -63 -65 -68 -66 -58 -59 -54 -51 -59 -59 -54 -50
DST1507*14  X220   0 -49 -43 -42 -42 -43 -39 -36 -31 -28 -25 -23 -22 -24 -27 -31 -33 -28 -23 -17 -20 -20 -19 -20 -21 -29
DST1507*15  X220   0 -19 -18 -16 -15 -17 -20 -19 -15 -13 -12 -11  -8  -7 -11 -16 -18 -20 -22 -22 -23 -22 -22 -19 -22 -17
DST1507*16  X220   0 -22 -23 -21 -22 -20 -23 -23 -20 -21 -19 -20 -21 -20 -21 -25 -30 -31 -28 -25 -24 -26 -27 -28 -26 -24
DST1507*17  X220   0 -21 -17 -18 -22 -24 -25 -24 -20 -17 -17 -17 -19 -21 -21 -20 -18 -16 -15 -18 -19 -18 -18 -18 -20 -19
DST1507*18  X220   0 -21 -18 -17 -17 -17 -15 -13 -11  -8  -6  -8 -11 -12 -12 -11 -11  -9  -8  -8 -13 -15 -15 -15 -15 -13
DST1507*19  X220   0 -13  -8  -7  -8 -11 -12 -11  -9  -7  -7  -5  -3  -3  -4  -4  -4  -4  -3  -3  -2   0   0   1   2  -5
DST1507*20  X220   0   0  -3  -1   0   1   0   0  -3  -4  -3  -2  -2  -2  -1   2   9  10   9   9  10  12  12  12  15   3
DST1507*21  X220   0  19  23  10   5   5   7  10   6   5  -5  -5  -3  -2  -5  -6  -5  -3  -3  -5  -4  -1  -4  -2  -8   1
DST1507*22  X220   0 -14 -13 -10  -7  -5  -3  -2   0   0   0  -1   0   0   2   3  -4   1   0  -6  -6  -5  -5  -3  -8  -4
DST1507*23  X220   0 -16 -10  -3  -6 -16 -36 -58 -71 -72 -65 -59 -55 -56 -62 -62 -57 -53 -50 -51 -59 -58 -54 -49 -50 -47
DST1507*24  X220   0 -49 -44 -37 -35 -34 -34 -30 -30 -27 -26 -26 -26 -27 -26 -29 -33 -34 -35 -33 -33 -34 -33 -32 -30 -32
DST1507*25  X220   0 -29 -31 -37 -36 -33 -27 -23 -22 -26 -30 -26 -22 -23 -23 -25 -27 -26 -27 -28 -30 -31 -35 -39 -41 -29
DST1507*26  X220   0 -42 -38 -37 -37 -36 -31 -27 -23 -22 -23 -24 -24 -22 -24 -28 -29 -29 -24 -16 -14 -11 -11 -14 -13 -25
DST1507*27  X220   0 -13 -15 -18 -20 -14 -12 -15 -18 -22 -25 -23 -19 -20 -18 -18 -21 -21 -23 -23 -25 -23 -22 -21 -17 -19
DST1507*28  X220   0 -14 -16 -16 -17 -23 -19 -16 -15 -22 -28 -28 -26 -24 -23 -24 -25 -23 -24 -24 -22 -23 -23 -23 -20 -22
DST1507*29  X220   0 -18 -17 -16 -17 -14 -11 -12 -12 -11  -9  -7  -6  -1  -1  -4  -6  -5  -5 -10 -15 -14 -13 -14 -14 -11
DST1507*30  X220   0 -10  -8  -7  -9 -13 -12  -4  -2  -2  -3   0   3   3   1   0   5  14  11  -4 -17 -30 -26 -23 -17  -6
DST1507*31  X220   0 -21 -24 -31 -35 -30 -22 -18 -18 -20 -21 -16  -7  -8  -8  -4  -7  -8 -22 -20 -16 -19 -26 -33 -35 -20
DST1508*01  X220   0 -27 -20 -17 -17 -16 -13 -12 -10 -13 -14 -14  -8  -3  -2  -3  -5 -11 -16 -18 -13 -11 -12 -11 -12 -12
DST1508*02  X220   0 -19 -21 -27 -24 -19 -17 -18 -17 -19 -17 -12  -9  -9 -15 -19 -22 -18 -12  -6  -8 -10 -13 -18 -17 -16
DST1508*03  X220   0 -15 -14 -12  -9  -7  -9  -8 -10 -10  -8  -7  -4  -6 -11 -15 -16 -17 -12  -9  -7  -7  -9 -13 -11 -10
DST1508*04  X220   0 -10 -13 -11 -11  -8  -8  -8 -10  -8  -6  -2   1   3   3  -2  -7  -8  -4  -4  -5  -7 -12 -13  -9  -7
DST1508*05  X220   0 -10 -10 -10 -11 -10 -12  -9  -7  -7  -6  -4   1   2   4   3  -1  -1   2   0  -4  -6 -10 -11 -10  -5
DST1508*06  X220   0  -8  -8  -5  -1   1   1   1   2  -4 -14 -22 -19 -14 -13  -9 -10 -12 -12 -13 -14 -10 -13 -13 -15  -9
DST1508*07  X220   0 -19 -21 -23 -20 -19 -19 -10 -19 -20 -24 -23 -24 -27 -24 -23 -26 -22  -7  -8  -9 -13 -18 -20 -22 -19
DST1508*08  X220   0 -24 -20 -15 -13 -11 -11 -17 -18 -22 -27 -30 -37 -34 -32 -25 -22 -22 -23 -22 -23 -30 -34 -27 -20 -23
DST1508*09  X220   0 -18 -19 -18 -18 -20 -26 -17 -19 -25 -27 -22 -17 -12  -5  -7 -11 -12 -17 -20 -22 -20 -21 -16 -14 -18
DST1508*10  X220   0 -15 -15 -14 -16 -20 -19 -17 -20 -27 -29 -26 -21 -17 -16 -16 -14 -12 -11 -18 -27 -27 -20 -16 -15 -19
DST1508*11  X220   0 -11 -16 -21 -19 -19 -18 -18 -20 -22 -24 -24 -18 -16 -15 -16 -16 -13 -14 -17 -16 -16 -16 -12  -9 -17
DST1508*12  X220   0  -7  -8  -8 -10 -10 -17 -16 -17 -17 -13 -11 -10  -9 -10 -14 -19 -15 -14 -18 -29 -29 -24 -24 -29 -16
DST1508*13  X220   0 -35 -38 -38 -33 -32 -29 -25 -28 -31 -32 -29 -29 -29 -28 -27 -25 -26 -30 -34 -37 -38 -35 -30 -23 -31
DST1508*14  X220   0 -16 -11 -11 -12 -14 -14 -14 -16 -17 -17 -14 -12 -11 -10 -11 -11 -11 -13 -12  -8  -6  -6  -5  -7 -12
DST1508*15  X220   0  -6 -10 -14  -8  -8  -8 -10  -8   8  13   2 -36 -70 -57 -65 -61 -62 -63 -67 -71 -66 -58 -56 -59 -35
DST1508*16  X220   0 -69 -72 -71 -71 -71 -78 -90 -98 -93 -81 -64 -53 -46 -42 -44 -45 -42 -40 -38 -43 -51 -54 -50 -47 -61
DST1508*17  X220   0 -43 -40 -42 -40 -44 -49 -47 -52 -51 -51 -50 -51 -47 -43 -45 -47 -50 -49 -46 -40 -46 -44 -38 -33 -45
DST1508*18  X220   0 -27 -26 -36 -38 -38 -33 -35 -34 -32 -34 -33 -29 -29 -30 -29 -30 -27 -27 -27 -26 -24 -25 -26 -25 -30
DST1508*19  X220   0 -35 -44 -44 -47 -53 -60 -64 -62 -61 -54 -47 -39 -35 -33 -32 -23 -25 -24 -28 -29 -31 -32 -32 -27 -40
DST1508*20  X220   0 -27 -27 -24 -22 -23 -26 -24 -23 -26 -29 -25 -19 -20 -20 -16 -17 -17 -23 -26 -25 -25 -24 -25 -21 -23
DST1508*21  X220   0 -15 -15 -18 -22 -24 -24 -22 -18 -16 -14 -11 -15 -16 -13 -18 -16 -12 -12 -15 -16 -13 -13 -10 -11 -16
DST1508*22  X220   0 -13 -12 -12 -15 -18 -15 -12 -14 -16 -23 -24 -21 -29 -31 -34 -34 -29 -26 -26 -23 -18 -15  -8  -6 -20
DST1508*23  X220   0  -6 -10  -3  -4  -6  -4  -6 -26 -57 -57 -48 -43 -36 -37 -40 -43 -41 -41 -41 -38 -36 -34 -31 -26 -30
DST1508*24  X220   0 -26 -26 -24 -23 -24 -28 -28 -33 -37 -32 -30 -28 -27 -26 -22 -20 -17 -16 -17 -21 -24 -22 -18 -16 -24
DST1508*25  X220   0 -12 -12 -12 -18 -22 -26 -27 -27 -27 -24 -22 -21 -20 -20 -22 -22 -19 -21 -27 -31 -30 -22 -14 -15 -21
DST1508*26  X220   0 -19 -20 -22 -23 -24 -19 -21 -33 -41 -51 -41 -35 -39 -37 -47 -53 -59 -65 -67 -75 -78 -79 -70 -56 -45
DST1508*27  X220   0 -52 -59 -73 -72 -81 -92 -84 -85 -82 -72 -72 -70 -72 -72 -66 -63 -70 -81 -90-101-103-100 -95 -81 -79
DST1508*28  X220   0 -62 -53 -52 -65 -78 -87 -91 -94-100-102 -99 -86 -76 -69 -68 -80 -80 -84 -88 -83 -73 -61 -51 -45 -76
DST1508*29  X220   0 -42 -46 -40 -42 -42 -38 -39 -40 -42 -38 -37 -34 -30 -28 -29 -29 -31 -29 -32 -29 -26 -24 -23 -24 -34
DST1508*30  X220   0 -26 -26 -24 -22 -21 -22 -23 -25 -25 -23 -22 -23 -24 -25 -23 -20 -20 -19 -17 -14 -13 -15 -15 -17 -21
DST1508*31  X220   0 -20 -19 -19 -19 -19 -20 -17 -15 -16 -15 -15 -15 -18 -20 -21 -19 -18 -18 -15 -14 -10 -10 -12 -11 -16
DST1509*01  X220   0  -6  -3  -3  -5  -8  -8  -9 -12 -12 -10  -9 -11 -10 -12 -12 -10  -7  -3  -1   0  -3  -8  -4  -1  -7
DST1509*02  X220   0   3   3  -2  -5  -6  -6  -7  -8 -10  -9  -8  -6  -9  -8  -9  -6   1   5  -8  -8  -9 -10 -12 -14  -6
DST1509*03  X220   0 -11  -8 -12 -16 -18 -18 -19 -18 -19 -16 -14 -10  -7  -5  -1  -1  -1   1   0  -2  -3   1  -3 -13  -9
DST1509*04  X220   0 -30 -40 -41 -45 -44 -44 -50 -42 -35 -32 -23 -23 -22 -26 -30 -28 -31 -31 -33 -33 -28 -23 -21 -21 -32
DST1509*05  X220   0 -19 -15 -14 -16 -21 -22 -24 -26 -23 -22 -18 -14 -17 -23 -26 -25 -27 -29 -25 -18 -15 -18 -17 -15 -20
DST1509*06  X220   0  -7  -6  -4  -5 -13 -22 -27 -27 -22 -21 -22 -24 -23 -33 -30 -22 -19 -17 -23 -27 -26 -19 -14 -10 -19
DST1509*07  X220   0  -8  -7 -10 -11 -13 -19 -23 -32 -33 -33 -27 -26 -25 -21 -28 -42 -51 -51 -56 -65 -75 -72 -72 -67 -36
DST1509*08  X220   0 -61 -72 -73 -61 -47 -37 -35 -33 -33 -25 -19 -18  -9  -8 -15 -14 -12 -13 -14 -11  -7  -9 -15 -15 -27
DST1509*09  X220   0 -16 -26 -42 -57 -69 -85 -88 -87 -99-101 -96-101-105 -97 -92 -94 -93 -84 -89 -91 -90 -90 -77 -62 -80
DST1509*10  X220   0 -53 -45 -44 -46 -47 -45 -41 -38 -39 -42 -38 -36 -32 -28 -31 -29 -23 -39 -39 -48 -24 -12  -8 -18 -35
DST1509*11  X220   0 -15 -14 -11 -15 -22 -35 -28 -19 -50 -62 -62 -56 -62 -82 -87 -85 -77 -70 -59 -53 -46 -45 -46 -51 -48
DST1509*12  X220   0 -43 -37 -34 -41 -44 -42 -38 -40 -37 -36 -39 -42 -40 -39 -37 -35 -35 -36 -35 -31 -30 -27 -26 -25 -36
DST1509*13  X220   0 -22 -21 -20 -22 -21 -20 -18 -20 -26 -34 -35 -35 -36 -39 -36 -39 -42 -44 -41 -37 -30 -34 -33 -29 -31
DST1509*14  X220   0 -26 -25 -24 -22 -22 -28 -27 -23 -20 -15 -22 -27 -29 -29 -29 -38 -47 -45 -38 -36 -29 -31 -35 -34 -29
DST1509*15  X220   0 -31 -31 -32 -31 -23 -23 -22 -22 -24 -20 -19 -23 -29 -35 -34 -33 -36 -36 -33 -29 -27 -32 -31 -31 -29
DST1509*16  X220   0 -23 -17 -15 -17 -20 -17 -18 -19 -14 -12 -15 -18 -22 -26 -28 -24 -21 -24 -24 -19 -14 -23 -23 -24 -20
DST1509*17  X220   0 -23 -18 -17 -23 -24 -26 -31 -28 -22 -20 -23 -25 -26 -30 -31 -28 -27 -25 -22 -18 -15 -15 -14 -13 -23
DST1509*18  X220   0 -16 -12 -10 -13 -15 -15 -19 -21 -23 -28 -29 -31 -37 -38 -35 -38 -33 -30 -30 -25 -19 -19 -21 -26 -24
DST1509*19  X220   0 -21 -24 -26 -26 -17 -11 -12 -25 -32 -25 -23 -19 -20 -24 -24 -23 -21 -18 -18 -13 -11 -11 -15 -12 -20
DST1509*20  X220   0  -5  -8  -4 -13 -23 -22 -12 -40 -60 -66 -75 -79 -74 -66 -66 -81 -73 -64 -62 -55 -48 -46 -42 -44 -47
DST1509*21  X220   0 -42 -32 -30 -32 -32 -35 -31 -26 -23 -24 -17 -21 -19 -17 -25 -28 -30 -26 -25 -23 -18 -16 -18 -12 -25
DST1509*22  X220   0  -7  -7  -7  -6  -6 -10 -13 -24 -20 -18 -17 -13 -12 -15 -20 -18 -17 -18 -21 -25 -24 -19 -18 -17 -16
DST1509*23  X220   0 -15 -13  -8  -1  -3  -2   0   2  -7 -18 -23 -27 -27 -24 -22 -27 -24 -42 -40 -32 -23 -19 -22 -20 -18
DST1509*24  X220   0 -13 -11 -16 -14 -17 -22 -24 -20 -19 -21 -22 -20 -19 -20 -19 -14 -14 -17 -24 -26 -22 -18 -17 -13 -18
DST1509*25  X220   0 -10 -11  -8  -2  -3  -2  -2  -3  -2  -4 -11 -16 -20 -17 -16 -14 -13 -12 -15 -12 -12 -12 -10  -9 -10
DST1509*26  X220   0  -9  -9  -3  -3  -5  -7  -8  -7  -7  -8  -9  -8  -5  -3  -5  -7  -8 -10 -10 -10 -12  -8  -7  -5  -7
DST1509*27  X220   0  -7  -7  -6  -2  -3  -5  -3   1   1   1   0  -3  -5  -7  -7  -7  -6  -6  -6  -5  -7  -8 -10 -10  -5
DST1509*28  X220   0 -13 -14 -11  -5   0   2   2   4   7   5   0  -1  -1   0  -3  -2  -1  -4  -7  -8 -10 -11 -15 -16  -4
DST1509*29  X220   0 -17 -18 -19 -20 -20 -19 -16 -12 -12 -10  -9  -9  -7  -7  -7  -7  -5  -7  -7  -7  -8  -9  -9 -10 -11
DST1509*30  X220   0 -10  -6  -2   1   3   5   6   6   8   9  10  10  11  12  11   9   9   7   5   3   2   0  -2  -1   4
DST1510*01  X220   0  -1   1   3   7   8   8   7   6   8   9   9   6   1  -6 -14 -20 -17 -19 -35 -42 -48 -43 -33 -28 -10
DST1510*02  X220   0 -27 -27 -24 -25 -33 -35 -29 -30 -32 -31 -32 -32 -31 -37 -40 -40 -35 -34 -33 -31 -29 -29 -29 -29 -31
DST1510*03  X220   0 -31 -31 -30 -25 -23 -28 -35 -40 -39 -40 -36 -27 -21 -21 -27 -33 -33 -30 -28 -30 -30 -25 -23 -24 -30
DST1510*04  X220   0 -24 -33 -40 -45 -48 -54 -53 -57 -60 -63 -57 -47 -42 -42 -47 -46 -41 -38 -40 -36 -36 -31 -42 -49 -45
DST1510*05  X220   0 -48 -36 -28 -29 -30 -31 -46 -42 -37 -40 -34 -37 -36 -39 -38 -36 -35 -36 -39 -38 -35 -33 -34 -35 -36
DST1510*06  X220   0 -33 -34 -36 -31 -29 -32 -33 -24 -16 -17 -21 -24 -28 -32 -35 -34 -34 -43 -49 -52 -51 -47 -44 -35 -34
DST1510*07  X220   0 -27 -22 -17 -19 -36 -54 -65 -81 -93-101 -93 -65 -52 -47 -69 -83 -87 -84-102-116-120-126-130-114 -75
DST1510*08  X220   0 -97 -88 -81 -75 -76 -80 -67 -63 -59 -60 -59 -56 -61 -63 -65 -65 -66 -68 -61 -57 -53 -56 -57 -55 -66
DST1510*09  X220   0 -49 -51 -56 -49 -49 -47 -45 -39 -34 -35 -44 -51 -40 -45 -51 -53 -49 -47 -52 -54 -55 -57 -55 -54 -48
DST1510*10  X220   0 -50 -46 -47 -48 -44 -45 -43 -47 -38 -34 -34 -35 -36 -35 -36 -40 -42 -43 -43 -45 -46 -49 -52 -56 -43
DST1510*11  X220   0 -55 -50 -48 -49 -48 -42 -39 -32 -27 -26 -27 -30 -32 -33 -31 -30 -26 -24 -30 -35 -41 -39 -33 -27 -36
DST1510*12  X220   0 -24 -23 -22 -21 -18 -20 -20 -24 -22 -22 -28 -30 -34 -32 -27 -27 -33 -40 -52 -48 -42 -46 -49 -44 -31
DST1510*13  X220   0 -41 -37 -33 -32 -33 -35 -41 -39 -30 -32 -31 -28 -25 -26 -28 -31 -37 -41 -36 -30 -34 -44 -44 -51 -35
DST1510*14  X220   0 -50 -46 -42 -44 -48 -53 -53 -41 -41 -39 -37 -49 -43 -40 -40 -39 -38 -36 -41 -37 -37 -36 -34 -31 -41
DST1510*15  X220   0 -27 -26 -23 -22 -21 -22 -24 -25 -29 -32 -33 -27 -25 -23 -22 -22 -21 -25 -27 -30 -29 -27 -27 -26 -26
DST1510*16  X220   0 -27 -30 -32 -29 -31 -35 -33 -25 -17 -15 -18 -19 -19 -20 -19 -17 -17 -18 -18 -17 -18 -20 -20 -16 -22
DST1510*17  X220   0 -15 -20 -22 -18 -18 -19 -19 -14 -12 -13 -18 -13  -8 -14 -20 -25 -26 -20 -17 -14  -8  -6  -8  -4 -15
DST1510*18  X220   0  -9 -12 -14  -4  -2  -8 -11 -13 -32 -56 -49 -42 -43 -48 -48 -51 -50 -48 -46 -43 -42 -40 -37 -36 -33
DST1510*19  X220   0 -35 -33 -33 -29 -27 -29 -27 -24 -20 -18 -18 -18 -19 -19 -19 -20 -19 -17 -16 -15 -15 -16 -17 -16 -22
DST1510*20  X220   0 -18 -20 -20 -17 -15 -16 -15 -14 -12  -9  -6  -8 -12 -15 -18 -19 -17 -17 -22 -21 -22 -19 -14 -11 -16
DST1510*21  X220   0  -8  -9  -8  -7  -3   3  -1  -3   1   9  13  -8  -4 -13 -10 -11 -13 -16 -21 -25 -25 -22 -20 -21  -9
DST1510*22  X220   0 -23 -23 -20 -14  -9  -8  -8 -10 -11  -9  -8  -9  -8  -7 -12 -17 -18 -16 -18 -16 -20 -19 -13 -16 -14
DST1510*23  X220   0 -17 -10 -10  -8  -5  -6  -7  -3  -3  -3  -5  -4  -3  -8 -11 -14 -13 -14 -13 -11 -11 -10 -11 -10  -9
DST1510*24  X220   0 -15 -18 -20 -15 -13 -13 -16  -7  -5  -5  -5  -3  -1  -2  -4  -3  -2  -2  -5  11   8   9   7   5  -5
DST1510*25  X220   0   7   2   1   3   4   2   2   0  -4  -4  -5  -5  -3  -4  -7  -3   1  -1  -2  -3  -3  -6 -10 -11  -2
DST1510*26  X220   0 -12  -8  -6  -4  -2  -3  -4   0   1  -3  -5  -7  -9  -9  -9 -10 -11 -15 -16 -16 -14 -13 -11 -10  -8
DST1510*27  X220   0 -10 -12 -13 -11 -11 -10 -10  -9  -8  -9 -11 -12 -13 -11  -9  -8  -7  -7  -5  -8  -9  -9 -11 -11 -10
DST1510*28  X220   0  -9  -8  -9  -6  -7  -9  -8  -6  -7  -9  -9  -6  -2   1   1   1   0  -2  -1   3   4   2   3   3  -3
DST1510*29  X220   0   2   4   5   8   8  10  11  11   5  -1  -5  -7  -7  -2   1   2   2   2  -1  -4  -7  -9  -7 -13   0
DST1510*30  X220   0 -15 -14 -11  -9  -6  -5  -2   2   4   1   0  -5 -10 -12 -12 -19 -25 -24 -21 -15 -13 -14 -16 -20 -11
DST1510*31  X220   0 -11  -7 -10  -8  -7 -11  -9  -5  -2  -2  -1  -5  -4  -8 -11 -12 -15 -16 -13 -12 -12 -10 -10  -9  -9
DST1511*01  X220   0 -17 -16 -14 -12 -12 -16 -24 -31 -26 -24 -32 -40 -37 -30 -31 -32 -33 -31 -29 -23 -19 -16 -15 -10 -24
DST1511*02  X220   0  -8  -7   0   1  -1  -5  -5  -2  -2  -3  -3  -5   0   0 -10 -14 -13 -11 -10 -10  -9  -6  -3   7  -5
DST1511*03  X220   0  11  23  29  22  25  13  24  36 -18 -37 -35 -39 -51 -43 -39 -38 -35 -34 -37 -50 -47 -40 -41 -41 -18
DST1511*04  X220   0 -45 -46 -43 -34 -14 -27 -37 -39 -35 -38 -41 -51 -56 -52 -43 -40 -34 -27 -27 -21 -26 -32 -29 -26 -36
DST1511*05  X220   0 -26 -28 -24 -21 -24 -28 -27 -31 -33 -34 -34 -33 -32 -30 -31 -31 -32 -33 -36 -36 -34 -35 -37 -35 -31
DST1511*06  X220   0 -32 -27 -25 -24 -26 -28 -27 -24 -27 -25 -24 -23 -21 -19 -17 -14 -13 -16  -2   0 -10 -15 -19 -19 -20
DST1511*07  X220   0 -31 -29 -27 -43 -66 -84 -87 -82 -71 -80 -70 -62 -76 -75 -68 -69 -69 -65 -62 -54 -50 -45 -42 -38 -60
DST1511*08  X220   0 -33 -30 -24 -23 -29 -27 -24 -24 -24 -27 -29 -28 -38 -41 -43 -44 -45 -42 -43 -49 -48 -47 -49 -50 -36
DST1511*09  X220   0 -47 -46 -45 -49 -49 -46 -46 -44 -42 -48 -47 -42 -45 -49 -51 -54 -55 -50 -42 -40 -32 -32 -36 -28 -44
DST1511*10  X220   0 -25 -27 -30 -34 -42 -39 -37 -48 -54 -49 -40 -40 -54 -56 -53 -47 -48 -48 -44 -44 -35 -34 -32 -32 -41
DST1511*11  X220   0 -31 -25 -22 -21 -25 -31 -33 -33 -30 -30 -27 -29 -26 -29 -27 -29 -30 -34 -36 -36 -34 -31 -31 -32 -30
DST1511*12  X220   0 -28 -26 -23 -24 -23 -20 -20 -25 -27 -32 -33 -35 -34 -32 -30 -29 -27 -24 -24 -23 -24 -22 -21 -23 -26
DST1511*13  X220   0 -24 -23 -18 -17 -14 -13 -12 -13 -14 -13 -11  -8  -7  -5 -18 -31 -25 -24 -23 -23 -20 -18 -24 -28 -18
DST1511*14  X220   0 -24 -24 -22 -25 -28 -27 -27 -30 -27 -27 -28 -24 -26 -23 -25 -23 -19 -17 -17 -13 -14  -7  -6 -11 -21
DST1511*15  X220   0 -11  -9  -7  -8 -12 -12 -10 -12 -15 -15 -13 -10 -10  -8  -8  -4  -3  -6  -4  -4  -4  -8 -16 -19 -10
DST1511*16  X220   0 -22 -24 -26 -26 -29 -26 -28 -23 -24 -22 -26 -26 -30 -33 -37 -38 -37 -34 -32 -27 -24 -24 -23 -22 -28
DST1511*17  X220   0 -20 -14 -13 -14 -17 -16 -15 -14 -15 -14 -12 -10 -12 -14 -15 -16 -17 -18 -15  -8  -5  -2  -4  -7 -13
DST1511*18  X220   0  -8  -6  -4  -8  -4   1   3   0  -8 -21 -25 -29 -26 -22 -24 -27 -27 -22 -17 -15  -3  -9 -22 -34 -15
DST1511*19  X220   0 -22 -18 -24 -25 -25 -25 -22 -20 -22 -25 -26 -32 -35 -27 -22 -18 -17 -14 -13 -11  -9  -5  -6  -9 -20
DST1511*20  X220   0  -6  -3  -3  -4  -9  -6  -6   7   0 -10 -11  -9  -8  -8  -5  -5  -5  -4   1   6  10  12  10   8  -2
DST1511*21  X220   0   1  -6 -13 -13 -11  -9  -7  -7  -7  -6  -5  -7  -8  -7  -4  -1  -2  -3  -5  -4  -3  -1   0  -1  -5
DST1511*22  X220   0  -2  -2  -4  -6  -7  -5  -6  -6  -4  -3  -3  -5  -6 -10 -11  -7  -6  -3   0   0   1   4   4   2  -4
DST1511*23  X220   0   3   3   2   2   0  -2  -4  -5  -5  -2  -1  -2  -4  -4  -2  -1  -1   0  -1  -1   2   4   4   5   0
DST1511*24  X220   0   5   4   3   2   2   3   2   1   0   0  -2  -3  -2  -2  -1   2   3   4   6   7   7   7   6   4   2
DST1511*25  X220   0   5   5   6   6   6   7   7   7   6   5   5   7   9  11  12  12  11  12  13  13  12  15  14  13   9
DST1511*26  X220   0  14  13  11  12  13  14  14  13  12  10   9   9   6   6  11  10   7   3  -1  -5  -5  -6  -7  -7   7
DST1511*27  X220   0  -9 -10 -10  -9 -10  -9  -6  -3  -6  -7  -4  -2  -7  -8  -5   0  -4  -5  -3   1   1   2   2   2  -5
DST1511*28  X220   0   3   8  11  12  13  13  11  13  13  11  11   5  -7 -11  -5   0   7   8  11  10   3  -9 -11 -12   5
DST1511*29  X220   0  -9  -7  -9  -8  -3   5   7   6   6  -3 -10  -6  -3  -1  -1  -2  -3  -2   3   6  -1  -8 -15 -14  -3
DST1511*30  X220   0 -11 -12 -10  -6  -3   1   9   2 -15 -24 -31 -42 -39 -37 -32 -27 -26 -22 -17 -17 -19 -17 -13 -12 -18
DST1512*01  X220   0 -17 -15 -16 -15 -17 -15 -12 -11  -4  -2  -7 -21 -32 -31 -25 -24 -25 -23 -22 -26 -34 -33 -27 -26 -20
DST1512*02  X220   0 -28 -29 -26 -26 -25 -23 -22 -23 -21 -20 -24 -29 -29 -26 -21 -18 -18 -17 -16 -17 -21 -20 -18 -17 -22
DST1512*03  X220   0 -18 -21 -19 -19 -17 -15 -13 -11 -12 -11 -11 -12 -11 -12 -13 -12 -11 -10  -8  -6  -4  -7  -9 -10 -12
DST1512*04  X220   0  -8  -9  -8 -10 -13 -11  -9  -9  -9 -10 -10  -9 -10  -8  -7  -6  -8  -7  -4  -4  -5  -5  -7  -8  -8
DST1512*05  X220   0 -10 -12 -11  -8  -5  -4   2   4  -5 -14 -11  -7  -7  -9 -11 -14 -18 -21 -15 -14 -19 -21 -18 -15 -11
DST1512*06  X220   0 -13 -11 -13 -15 -20 -22 -22 -24 -27 -26 -22 -27 -31 -39 -29 -25 -23 -20 -21 -22 -27 -25 -20 -23 -23
DST1512*07  X220   0 -21 -20 -20 -19 -20 -20 -15 -13 -16 -17 -24 -25 -21 -16 -20 -19 -18 -19 -18 -20 -18 -17 -14 -14 -19
DST1512*08  X220   0 -18 -21 -20 -20 -21 -24 -25 -22 -20 -20 -21 -26 -24 -21 -19 -17 -12 -11 -12 -13 -11 -10 -10  -8 -18
DST1512*09  X220   0  -9  -8 -12 -14 -14 -12  -9  -6  -4  -2  -5  -6  -8  -7 -11 -14 -14  -9  -6 -10 -12  -8  -4   0  -9
DST1512*10  X220   0  -3 -10 -10 -10 -17 -13 -14 -19 -19 -24 -21 -17 -19 -22 -19 -14 -16 -10 -13 -15  -9  -7  -7  -9 -14
DST1512*11  X220   0  -8  -7  -7 -11 -14 -18 -20 -23 -18 -21 -20 -20 -16 -11 -16 -15 -10 -13 -14 -14 -15 -16 -18 -13 -15
DST1512*12  X220   0 -11 -15 -21 -23 -21 -20 -19 -18 -15 -16 -18 -18 -16 -14 -13 -16 -14 -15 -13 -14 -12 -10  -9  -9 -15
DST1512*13  X220   0 -10 -12 -12 -11 -12  -9 -12 -16 -16 -12 -12 -10 -12 -10  -6  -7  -4  -2  -2  -4  -6  -5  -6  -7  -9
DST1512*14  X220   0  -8 -12 -13 -12  -9  -8  -8  -9 -11 -10 -13 -11  -6   1   7  18   3 -29 -41 -55 -44 -47 -54 -45 -17
DST1512*15  X220   0 -39 -47 -45 -47 -41 -40 -39 -40 -40 -40 -37 -39 -34 -31 -28 -26 -27 -25 -20 -19 -25 -26 -21 -21 -33
DST1512*16  X220   0 -21 -35 -37 -32 -25 -24 -25 -25 -24 -24 -27 -26 -25 -20 -19 -19 -17 -16 -17 -17 -17 -17 -10 -10 -22
DST1512*17  X220   0 -11 -13 -14 -10  -6  -2   1  -2  -3  -5 -10 -14 -16 -17 -19 -21 -21 -20 -19 -24 -27 -25 -17 -19 -14
DST1512*18  X220   0 -20 -22 -20 -16 -16 -16 -15 -13 -14 -13 -12 -12 -12 -12 -12 -11  -8  -8 -11 -14 -13 -16 -17 -15 -14
DST1512*19  X220   0 -11 -14 -18 -18 -16 -15 -16 -16 -11 -12 -12  -8  -6  -4  -7  -9   7  11  29  25  21  30  33  31   0
DST1512*20  X220   0  21  10  -1  10  -3 -26 -38 -57 -72 -82 -80 -74 -57 -68 -82 -94 -94-117-128-121-130-144-166-161 -73
DST1512*21  X220   0-148-159-153-141-138-126-120-126-130-127-118-101 -97 -86 -82 -81 -76 -68 -63 -64 -64 -50 -42 -35-100
DST1512*22  X220   0 -36 -43 -47 -44 -43 -46 -46 -47 -46 -42 -39 -42 -49 -46 -43 -39 -36 -35 -35 -42 -44 -42 -41 -38 -42
DST1512*23  X220   0 -37 -39 -36 -31 -32 -30 -31 -31 -27 -27 -25 -23 -17 -18 -28 -31 -26 -26 -28 -30 -33 -28 -24 -18 -28
DST1512*24  X220   0 -19 -22 -21 -22 -24 -26 -24 -23 -22 -19 -14 -15 -16  -8 -13 -14 -12 -14 -15 -20 -16 -15 -16 -18 -18
DST1512*25  X220   0 -17 -18 -18 -20 -19 -18 -19 -19 -19 -17 -14 -12 -15 -12 -10 -13 -14  -7  -6 -10 -14 -16 -12  -9 -15
DST1512*26  X220   0 -13 -14 -13 -13 -12  -9 -11 -16 -15 -13  -9  -7  -7  -7 -17 -20 -18 -13 -11 -12 -14 -18 -18 -20 -13
DST1512*27  X220   0 -21 -18 -20 -20 -18 -19 -27 -33 -35 -35 -27 -27 -22 -20 -11 -11 -11 -12 -11  -8  -4  -4  -1  -2 -17
DST1512*28  X220   0 -10 -10  -6  -1  -3  -4 -10 -11  -9  -8  -8  -9 -11 -11 -11 -12 -15 -13 -10 -10 -10  -8  -4  -2  -9
DST1512*29  X220   0  -3  -2  -5  -8 -10 -13 -13 -11 -11 -11 -11  -8  -3  -5  -4  -1  -1  -6 -11 -16 -17 -13 -13 -13  -9
DST1512*30  X220   0 -11 -12 -11  -7  -5  -3  -5  -7  -8  -6  -5  -1   1  -1  -1  -3  -6  -7  -9 -13 -13 -11 -10  -8  -7
DST1512*31  X220   0  -4   8   8   7  -1   2  -1  -2  -6  -5  -6   3 -12 -40 -54 -58 -52 -47 -42 -58 -68 -81 -96-105 -30
DST1601*01  X220   0-116-114-102 -98 -96 -94 -92 -83 -80 -75 -73 -65 -57 -57 -55 -52 -48 -45 -44 -43 -39 -34 -35 -39 -68
DST1601*02  X220   0 -35 -29 -40 -39 -36 -32 -24 -26 -23 -23 -21 -17 -17 -21 -23 -26 -30 -29 -24 -24 -25 -21 -17 -18 -26
DST1601*03  X220   0 -21 -18 -19 -18 -18 -21 -23 -22 -21 -18 -17 -15 -16 -17 -14 -14 -13 -15 -12 -16 -20 -21 -20 -25 -18
DST1601*04  X220   0 -25 -26 -27 -27 -24 -21 -18 -18 -14  -9  -7  -7  -9 -11 -13 -10  -9  -8  -5  -6 -11 -11 -12 -11 -14
DST1601*05  X220   0  -9  -7  -6  -5  -7  -4  -6  -3   4   2   0   0   0   4   6   7   9   4  -3  -5  -1   4   6  10   0
DST1601*06  X220   0   6 -13 -18 -18 -15 -18 -25 -28 -25 -24 -30 -31 -27 -25 -22 -17 -15 -11 -12 -13 -19 -25 -23 -17 -19
DST1601*07  X220   0 -17 -20 -21 -20 -14 -15 -17 -22 -21 -20 -22 -17 -18 -17 -13 -12 -12 -12 -10 -11 -15 -17 -16 -16 -16
DST1601*08  X220   0 -17 -19 -18 -17 -16 -17 -16 -16 -19 -20 -19 -21 -20 -22 -17 -18 -16 -15 -15 -15 -16 -14 -12 -13 -17
DST1601*09  X220   0 -18 -17 -14 -13 -13 -12 -13 -14 -17 -16 -15 -12 -13 -13 -17 -17 -16 -12  -8  -6  -4  -2   0   0 -12
DST1601*10  X220   0  -4 -11 -11  -8  -9  -6  -6  -8 -11 -11 -12 -14 -16 -12  -9  -8  -8  -6  -6  -6 -10 -12 -11  -7  -9
DST1601*11  X220   0  -4  -2  -2  -1  -4  -5  -8 -15 -18 -19 -21 -21 -19 -14 -12 -17 -18 -24 -23 -24 -21 -20 -24 -26 -15
DST1601*12  X220   0 -33 -36 -32 -28 -25 -22 -28 -28 -22 -23 -22 -19 -18 -12  -9 -10 -11 -10 -13 -18 -20 -27 -17 -15 -21
DST1601*13  X220   0 -19 -24 -23 -26 -25 -21 -22 -21 -22 -22 -27 -28 -27 -28 -21 -18 -17 -14 -14 -16 -14 -14 -13 -12 -20
DST1601*14  X220   0 -12 -13 -13 -12 -11 -11 -10 -13 -13 -14 -17 -17 -21 -20 -22 -21 -22 -23 -21 -20 -22 -25 -22 -20 -17
DST1601*15  X220   0 -20 -22 -25 -23 -17 -15 -17 -18 -20 -21 -23 -24 -23 -21 -19 -19 -17 -13 -14 -15 -18 -19 -19 -19 -19
DST1601*16  X220   0 -18 -18 -14 -11  -9  -7  -7  -6  -7  -7  -7  -3   1   6   1  -1  -1  -2  -2  -2   0  -2  -5  -6  -5
DST1601*17  X220   0  -5  -5  -4  -2  -3  -2  -3  -5  -9  -6  -5  -7 -12 -16 -13 -10  -9 -10 -12 -11 -11 -11 -10  -8  -8
DST1601*18  X220   0  -8  -8 -10 -10  -8  -5  -3  -1   2   0  -4  -8 -10 -11  -8  -9 -11 -11 -10  -9  -8  -4  12   6  -6
DST1601*19  X220   0  -3 -10 -13 -16 -17 -16 -18 -17 -21 -17 -14 -13 -14  -7   0  -2  -1   3   7   7   5   4   6   0  -7
DST1601*20  X220   0   4   5   4   3   1  -4 -10 -18 -31 -46 -62 -73 -72 -81 -91 -95-101 -99 -90 -91 -94 -94 -89 -74 -54
DST1601*21  X220   0 -64 -59 -58 -47 -45 -64 -60 -54 -51 -52 -58 -58 -58 -47 -42 -46 -46 -38 -43 -42 -42 -41 -43 -39 -50
DST1601*22  X220   0 -38 -39 -37 -34 -39 -36 -37 -35 -34 -39 -40 -41 -39 -32 -27 -28 -30 -26 -27 -30 -35 -30 -30 -28 -34
DST1601*23  X220   0 -26 -25 -22 -21 -25 -28 -26 -30 -28 -24 -21 -22 -26 -28 -29 -27 -29 -28 -27 -29 -31 -29 -23 -20 -26
DST1601*24  X220   0 -19 -19 -21 -19 -21 -22 -21 -21 -19 -18 -18 -17 -14 -13 -14 -11  -9  -1  -8 -15  -3  -4  -8 -13 -15
DST1601*25  X220   0 -16 -16 -17 -18 -19 -18 -16 -13 -10  -9 -10  -9  -9  -9  -6  -9 -11 -12 -14 -14 -14 -15 -15 -15 -13
DST1601*26  X220   0 -14 -11  -8  -6  -4  -3  -2   0   1  -1  -2   1  -1   1  -1   0  -1  -3  -1  -1  -3  -3  -1  -1  -3
DST1601*27  X220   0   0   0   3   8   5   5   4   7   7   2  -3  -2   1   4   2  -3  -6  -4  -2  -3  -5  -6  -4  -5   0
DST1601*28  X220   0  -7  -6  -2   0   1   2   3   1  -9 -16 -26 -30 -23 -14 -10 -10 -12 -16 -18 -19 -20 -19 -16 -13 -12
DST1601*29  X220   0 -11 -12 -13 -13 -16 -15 -14 -13 -12 -12 -12  -8  -7  -6  -8  -8 -10 -11 -12 -12 -13 -11  -9  -8 -11
DST1601*30  X220   0  -8  -6  -6  -5  -6  -5  -2  -4  -7  -9 -11 -12 -11  -7  -4  -5  -5  -4  -2  -1   0   2   3   0  -5
DST1601*31  X220   0  -3  -6  -5  -5  -7  -9 -16 -19 -22 -24 -27 -31 -27 -20 -15 -20 -27 -32 -32 -34 -39 -44 -43 -46 -23
DST1602*01  X220   0 -44 -46 -48 -44 -38 -41 -45 -51 -53 -49 -41 -34 -29 -26 -24 -21 -21 -16 -15 -14 -14 -14 -11  -9 -31
DST1602*02  X220   0 -10 -11 -12 -11  -9  -9  -9  -3   1   3   1   5   9  10   9   4   4   5  -1  -1   1 -11 -18 -28  -3
DST1602*03  X220   0 -41 -54 -57 -55 -54 -52 -45 -40 -36 -32 -27 -24 -20 -16 -14 -17 -19 -20 -19 -23 -22 -19 -15 -11 -31
DST1602*04  X220   0 -10 -10 -11 -10 -10  -7  -5  -2   1   3   2  -2   1   2   0   1   0  -1  -1  -3  -3  -3   1   5  -3
DST1602*05  X220   0   5  -4  -8 -12  -9 -14 -16 -13 -12 -14 -14 -15 -12 -13 -10 -10 -15 -18 -20 -20 -18 -18 -14  -8 -13
DST1602*06  X220   0  -4  -3  -5 -10 -15 -16 -15 -13 -11 -10 -13 -10  -7  -5  -6  -9 -11  -8  -5  -4  -5  -3   0  -6  -8
DST1602*07  X220   0  -7  -4  -2  -1  -3  -4   3   1   3  -1  -8 -12 -14 -15 -17 -19 -20 -22 -25 -24 -23 -23 -23 -24 -12
DST1602*08  X220   0 -30 -30 -32 -32 -35 -40 -40 -45 -39 -30 -27 -29 -28 -27 -29 -28 -29 -27 -22 -18 -18 -19 -17 -17 -29
DST1602*09  X220   0 -11  -6  -4   0   3   6   6   0  -3 -13 -24 -20 -15 -13 -14 -15 -18 -17 -11  -8  -9 -13 -15 -14 -10
DST1602*10  X220   0 -14 -15 -13 -11 -10 -12 -15 -19 -25 -27 -23 -18 -14 -14 -16 -18 -17 -15 -12 -11 -16 -20 -22 -25 -17
DST1602*11  X220   0 -24 -23 -21 -19 -18 -20 -25 -29 -33 -32 -30 -26 -20 -14 -20 -23 -28 -29 -22 -16 -18 -21 -33 -44 -25
DST1602*12  X220   0 -45 -42 -31 -29 -24 -17 -13 -12 -11 -17 -36 -42 -30 -16 -13 -14 -15 -19 -15  -3   7  10   9  11 -17
DST1602*13  X220   0  11   8   7  17  20  13  -6 -10  -4  -6 -11 -12  -8  -1   2  -2  -7  -9  -7  -7  -9 -11 -10 -10  -2
DST1602*14  X220   0 -10 -11  -8  -5  -2  -4  -8 -16 -20 -21 -21 -20 -19 -14 -13 -17 -19 -16 -13 -12 -13 -16 -14 -10 -13
DST1602*15  X220   0 -11 -11 -10  -8 -11 -11  -8  -6  -5  -3  -3  -5  -7  -8  -5  -6  -7  -5  -2  -2  -3  -7 -18 -24  -8
DST1602*16  X220   0 -33 -27 -25 -28 -25 -26 -21 -21 -10 -23 -26 -14 -22 -32 -28 -25 -35 -49 -49 -65 -57 -54 -53 -52 -33
DST1602*17  X220   0 -47 -49 -40 -38 -32 -33 -42 -46 -43 -34 -35 -41 -41 -32 -35 -34 -33 -34 -34 -40 -48 -57 -56 -58 -41
DST1602*18  X220   0 -62 -55 -52 -58 -57 -58 -58 -52 -52 -47 -48 -42 -39 -34 -32 -34 -36 -35 -40 -36 -40 -39 -32 -31 -45
DST1602*19  X220   0 -32 -34 -34 -32 -28 -33 -37 -38 -34 -31 -26 -24 -26 -31 -32 -36 -37 -38 -39 -34 -36 -36 -31 -28 -33
DST1602*20  X220   0 -30 -30 -30 -28 -28 -31 -31 -27 -25 -24 -22 -22 -21 -24 -25 -25 -26 -27 -27 -26 -26 -25 -22 -18 -26
DST1602*21  X220   0 -13 -14 -14 -17 -17 -18 -16 -18 -18 -17 -16 -13 -11 -14 -16 -17 -18 -20 -20 -20 -22 -18 -15 -13 -16
DST1602*22  X220   0 -12 -11  -9 -10 -10  -7  -4  -1  -1  -1  -1   0   0  -2  -5  -9  -8  -9  -7  -7  -8  -7  -7  -7  -6
DST1602*23  X220   0  -6  -6 -10  -8  -8  -8  -7  -6  -4  -3  -4  -2  -2  -2  -4  -6  -9 -12 -14 -11 -12 -15 -15 -16  -8
DST1602*24  X220   0 -13 -14 -16 -15 -15 -16 -20 -18 -16 -17 -14 -13 -14 -15 -11 -10 -12 -13 -10 -10 -13 -14 -12 -11 -14
DST1602*25  X220   0  -8  -4  -3  -1   1   1  -3  -3  -2  -1   0   3   0  -3  -2  -1  -3  -3  -3   0   6  12   7  -3  -1
DST1602*26  X220   0  -7  -9 -11  -9  -8 -14 -12  -9  -6  -4  -3  -2  -5  -6  -6  -6  -7  -9  -8  -7  -5  -3   2   6  -6
DST1602*27  X220   0   8   9   7   6   0  -7 -10 -10  -6  -4  -4  -8  -5  -5  -1  -2  -2  -3  -1  -1  -1   1   5   6  -1
DST1602*28  X220   0   6   3   1   1   2   5   6   4   6   7  10   9   4  -3  -6  -3  -2  -2  -2  -1  -1  -3  -7  -9   1
DST1602*29  X220   0  -7  -4  -3  -3  -1   1   2   4   2   0   0   2   2   3   7   9  10  11  15  20  23  19  10   0   5
DST1603*01  X220   0  -1   4   7  10   7   1  -2   1   9  12  10  10   7   7   9  10   6   5   6   8   7   5   4  -8   6
DST1603*02  X220   0  -9  -2   2   3   0   1   2   2   5   8  10   5   6   4   1  -3   0   2   2   3   4   3   1   1   2
DST1603*03  X220   0   2   1   2   1   3   0  -1   0  -4  -4  -7  -3  -2  -5  -6  -3  -3  -1  -1   1  -1  -4  -2  -1  -2
DST1603*04  X220   0  -4  -7 -10  -9  -8  -6  -6  -5  -6  -6  -5  -4  -3  -3  -4  -6  -7  -7  -5  -1   1   0   0  -1  -5
DST1603*05  X220   0   0   2   6   8   7   6   4   0  -5  -6  -6  -2   0   4   4   2   1  -1  -1   0   0   2   4   5   1
DST1603*06  X220   0  10  15  20  22  21  21  19  22  18  22  25  25  23  22  25  23   2 -33 -42 -68 -91 -99 -95 -88  -8
DST1603*07  X220   0 -84 -71 -71 -74 -76 -76 -70 -72 -73 -71 -65 -61 -50 -43 -43 -47 -52 -50 -50 -46 -46 -48 -49 -47 -60
DST1603*08  X220   0 -50 -50 -46 -41 -39 -38 -40 -35 -32 -30 -25 -23 -25 -28 -31 -34 -32 -31 -28 -25 -29 -27 -26 -25 -33
DST1603*09  X220   0 -25 -22 -16 -16 -21 -22 -22 -23 -25 -22 -20 -21 -23 -25 -26 -26 -27 -26 -22 -22 -27 -31 -34 -34 -24
DST1603*10  X220   0 -29 -23 -22 -22 -21 -21 -23 -25 -28 -31 -32 -30 -27 -22 -20 -18 -18 -21 -20 -20 -20 -20 -15 -16 -23
DST1603*11  X220   0 -16 -13 -12 -13 -12 -14  -7 -14 -17 -15  -1  19  20   4  -5   1   6   3   5   4 -17 -15 -13 -13  -6
DST1603*12  X220   0 -13  -7  -5  -8 -10 -10 -12 -10 -11 -11  -9  -9  -9  -8  -8  -8  -9 -16 -21 -23 -18 -18 -17 -17 -12
DST1603*13  X220   0 -12  -7  -6  -6  -6  -6  -7  -5  -4  -4  -5  -7  -8  -8  -6  -5  -6  -6  -5  -3  -4  -5  -7  -8  -6
DST1603*14  X220   0 -10  -9  -8  -7  -8 -10 -10  -9 -11  -9  -6  -4  -4  -4   3   5   5  19  45  37   8  -4 -12 -21  -1
DST1603*15  X220   0 -29 -23 -20 -30 -37 -39 -44 -50 -44 -34 -33 -32 -29 -27 -23 -17 -16 -17 -20 -30 -30 -30 -39 -46 -31
DST1603*16  X220   0 -40 -39 -34 -29 -27 -31 -31 -34 -28 -18 -22 -31 -28 -25 -20 -17 -17 -16 -17 -22 -36 -46 -48 -56 -30
DST1603*17  X220   0 -52 -44 -47 -52 -51 -45 -35 -30 -25 -30 -33 -39 -38 -30 -24 -24 -26 -26 -24 -25 -25 -27 -29 -29 -34
DST1603*18  X220   0 -27 -27 -28 -26 -22 -18 -14 -16 -15 -15 -16 -15 -20 -27 -27 -25 -23 -21 -24 -28 -29 -27 -25 -28 -23
DST1603*19  X220   0 -26 -23 -21 -19 -24 -23 -25 -37 -45 -45 -46 -40 -32 -33 -33 -33 -32 -28 -25 -25 -28 -24 -22 -22 -30
DST1603*20  X220   0 -22 -22 -23 -24 -22 -22 -24 -23 -20 -17 -17 -19 -20 -16 -15 -20 -29 -38 -34 -37 -40 -42 -38 -37 -26
DST1603*21  X220   0 -34 -28 -23 -20 -20 -18 -17 -17 -12 -15 -18 -15 -12  -4   0  -3  -9  -9  -3  -3  -3  -6 -10 -13 -13
DST1603*22  X220   0 -12 -10  -4  -3  -2  -1  -1   0   1   1   2   1  -3  -4  -3  -5  -8  -7  -8  -7  -5  -7  -4  -2  -4
DST1603*23  X220   0  -5  -1   1   3   1 -10 -15 -14  -7  -3  -8 -11 -12 -12  -8  -5  -2   2   5   3   3  -6  -6  -9  -5
DST1603*24  X220   0 -12 -15 -13  -9  -8  -4  -2  -1   3   5   5   3   3   5   3   3   1  -2  -2   0   2   1  -2  -6  -2
DST1603*25  X220   0 -12 -20 -24 -21 -17 -15 -13  -9  -5  -4  -2  -5  -6  -7  -7  -6  -4  -4  -5  -5  -3  -3  -3  -3  -8
DST1603*26  X220   0  -3  -4  -3  -2  -2  -3  -1   1   4   6   6   6   6   6   9  12  12  12  13  10  11  13  14  16   6
DST1603*27  X220   0  12  10   9  10  12   9   6  14  10  -5   0   4   1   4   6   5   6  -6  -2  -2   1   1  -2  -3   4
DST1603*28  X220   0   2   8   8   0 -10 -14 -10  -6  -4  -4  -4  -4  -3  -2   0   4   5   5   3   0  -2  -5  -2   0  -1
DST1603*29  X220   0  -3 -11 -17 -17 -14  -9 -12 -12  -8  -9  -8 -11 -14 -14  -8  -6 -11 -13  -8  -8  -9 -10 -12 -13 -11
DST1603*30  X220   0 -10  -9 -13  -8  -5  -3  -5  -3  -1   0  -3 -10 -19 -19 -14 -12 -15 -15 -16 -17 -13 -11  -8  -8 -10
DST1603*31  X220   0 -13 -15 -12  -9  -7  -8  -8 -10  -7  -6  -8  -9  -8  -8  -6  -5  -3  -3  -2  -5  -4  -5  -8  -9  -7
DST1604*01  X220   0  -9  -7  -5  -2  -1  -1  -1   1   4   5   3   2   1  -2   0   0  -1   1   1   0   2   5   7   7   0
DST1604*02  X220   0   5   3   1   0   1   0   0   2   4   5   5   7  13  24  34  13   2 -16 -29 -30 -38 -43 -57 -59  -6
DST1604*03  X220   0 -52 -47 -44 -39 -35 -38 -37 -38 -27 -21 -25 -23 -21 -18 -16 -16 -17 -20 -26 -32 -37 -36 -30 -29 -30
DST1604*04  X220   0 -23 -22 -24 -23 -18 -19 -22 -22 -18 -16 -16 -12 -12 -15 -15 -17 -16 -11  -9 -10 -16 -20 -18 -15 -17
DST1604*05  X220   0 -14 -13 -14 -12 -12 -13 -13 -11  -7  -5 -10 -10 -10  -9 -10 -12 -13 -14 -14 -17 -14 -16 -13 -12 -12
DST1604*06  X220   0  -9  -8  -7  -8 -10  -9  -6  -7  -5 -10 -11  -6  -2  -5  -6  -9  -9 -12 -13 -16 -19 -22 -23 -23 -11
DST1604*07  X220   0 -16 -11  -9  -2   0   2   4   5   2   4   7  12  16  16  16  16  15  16   3 -26 -55 -61 -59 -60  -7
DST1604*08  X220   0 -62 -56 -44 -39 -31 -35 -30 -22 -18 -18 -18 -17 -15 -12 -12 -15 -15 -16 -16 -18 -19 -20 -22 -21 -25
DST1604*09  X220   0 -20 -16 -13 -10  -7  -5  -5  -7  -4  -2  -1  -1  -3  -4  -6  -4  -4  -5  -3  -3  -1  -1  -2  -4  -5
DST1604*10  X220   0  -4  -4  -4  -3  -4  -4 -10 -12  -9  -2   6  14  15  13   5   5   6   8   5  -2  -2  -4 -12 -10   0
DST1604*11  X220   0  -7  -5  -4  -3  -3  -1   4   9  11   9   4   6   6   6   5   3   1   7   3  -1  -3   0   0  -5   2
DST1604*12  X220   0  -2  -5 -11 -14  -7  -6   0   3   3   3  -2  -4  -9 -14 -11  -9  -6  -8 -11  -7 -10 -20 -35 -43  -9
DST1604*13  X220   0 -47 -56 -55 -51 -55 -56 -51 -43 -39 -29 -26 -25 -30 -29 -32 -36 -36 -31 -30 -40 -36 -32 -31 -35 -39
DST1604*14  X220   0 -33 -35 -33 -29 -29 -29 -27 -20 -12 -16 -26 -35 -37 -39 -45 -53 -51 -51 -54 -60 -61 -52 -50 -44 -38
DST1604*15  X220   0 -41 -44 -37 -30 -29 -27 -23 -23 -20 -16 -16 -12 -10  -4   2   2   1  -2  -1   1   0  -5  -6  -6 -14
DST1604*16  X220   0  -5  -6  -9 -11 -10  -9  -9 -10 -15 -19 -18 -13  -7  -4  -6 -11 -15 -15 -23 -37 -55 -58 -55 -45 -19
DST1604*17  X220   0 -39 -34 -19 -22 -30 -29 -30 -29 -26 -24 -26 -25 -19  -9 -12 -17 -18 -16 -15 -10 -13 -15  -7  -1 -20
DST1604*18  X220   0   2  -2 -12 -12 -10  -8  -9  -4   1   0  -4  -6  -8  -8  -7  -8  -8  -9 -10 -15 -14 -13 -13 -10  -8
DST1604*19  X220   0  -8  -8  -9 -11 -12 -11 -10  -7  -3  -1  -2  -3  -5  -7  -1   0  -1   0   0   0   0  -2  -1   2  -4
DST1604*20  X220   0   3   3   2   1   0  -2  -1  -5  -9 -12 -11  -6  -7  -4  -5  -9  -8  -7  -7  -9 -10  -8  -6  -3  -5
DST1604*21  X220   0  -2  -4  -4  -5  -4   0   6   8  13  14   5   5   8   9  12  11  11  10   6   4   2   4   6   7   5
DST1604*22  X220   0   7   0  -3  -1   0   1   1   6   8  10  10  14  20  21   8   6   1   3   1  -1  -4 -14 -12 -11   3
DST1604*23  X220   0 -10 -11 -10 -12 -10  -2   3   5   7   8   8   5   4   0   1   6   9  13  12  -1  -4 -14 -14  -8  -1
DST1604*24  X220   0  -3  -1   0  -3  -5  -6  -7  -4  -1   1   0  -1   0   1  -5  -7 -16 -12  -9 -15 -14 -13 -11  -7  -6
DST1604*25  X220   0  -6  -5  -4  -2  -2  -4  -3  -4  -5  -4  -5  -1   1   5   3  -1  -2  -1   0  -1  -4  -6  -6  -5  -3
DST1604*26  X220   0  -6  -5  -4  -4  -3  -2   0   1   3   1  -4  -4   0   0   0   2   2   2   1   0  -7 -13  -5   1  -2
DST1604*27  X220   0   3   4   3   0  -3  -3  -4  -7  -5  -3  -2  -3  -2   1   0   0  -1   1   3  -3 -10 -16 -16  -9  -3
DST1604*28  X220   0  -4  -3  -4  -3   1   2   0  -3  -6  -9  -9  -8  -4  -2   3   3   4   4   0  -3  -5  -3  -1  -2  -2
DST1604*29  X220   0  -2  -3  -2   1   3   3   5   5   5   3   2   5   6   8  11  12  11  12  14  17  15  13  11  10   7
DST1604*30  X220   0  11  12  13  15  17  19  19  22  15   9   7   4   3   2   4   5   2  -1  -7 -12 -13 -10 -12  -8   5
DST1605*01  X220   0  -3  -1  -4  -6  -7  -9  -3  -7  -3   2   3   2   2  -3  -8 -13 -17 -15 -19 -35 -41 -33 -28 -35 -12
DST1605*02  X220   0 -36 -34 -38 -45 -37 -36 -36 -34 -33 -33 -30 -27 -23 -21 -20 -17 -25 -37 -38 -34 -35 -38 -34 -39 -33
DST1605*03  X220   0 -37 -38 -41 -42 -40 -36 -38 -37 -31 -23 -21 -21 -18 -17 -15 -16 -21 -20 -18 -18 -18 -17 -16 -17 -26
DST1605*04  X220   0 -16 -16 -17 -19 -20 -19 -18 -16 -14 -14 -16 -15 -14 -16 -18 -19 -19 -19 -18 -18 -17 -19 -18 -14 -17
DST1605*05  X220   0 -10  -6  -4  -3  -7  -9 -10 -11  -9 -15 -22 -21 -16 -15 -17 -18 -15 -18 -14 -12 -11 -12 -11 -11 -12
DST1605*06  X220   0 -12 -10 -10  -8  -9 -11 -11 -15 -14 -14 -12 -16  -6 -10 -14 -14 -15 -18 -30 -34 -35 -33 -34 -31 -17
DST1605*07  X220   0 -32 -30 -23 -18 -18 -18 -16 -15 -17 -16 -15 -16 -20 -15 -16 -16 -21 -21 -17 -12 -12 -14 -12  -5 -17
DST1605*08  X220   0  -3  -3 -25 -40 -54 -63 -69 -95 -95 -82 -79 -83 -74 -58 -44 -56 -78 -75 -72 -80 -87 -85 -74 -75 -65
DST1605*09  X220   0 -88 -75 -64 -65 -66 -60 -54 -52 -53 -54 -51 -50 -45 -39 -37 -38 -41 -42 -43 -44 -51 -57 -56 -49 -53
DST1605*10  X220   0 -43 -44 -41 -40 -41 -40 -47 -49 -46 -45 -40 -39 -36 -37 -39 -39 -34 -31 -30 -30 -32 -32 -32 -34 -38
DST1605*11  X220   0 -36 -36 -36 -34 -32 -29 -28 -26 -25 -25 -27 -29 -30 -29 -24 -23 -23 -24 -25 -25 -24 -22 -23 -25 -28
DST1605*12  X220   0 -23 -23 -24 -22 -20 -18 -18 -20 -20 -19 -17 -18 -21 -23 -22 -19 -17 -17 -17 -17 -14 -13 -15 -17 -19
DST1605*13  X220   0 -18 -20 -22 -21 -18 -16 -14 -19 -18 -18 -19 -19 -20 -20 -22 -21 -24 -26 -29 -28 -28 -23 -20 -16 -21
DST1605*14  X220   0 -19 -24 -26 -27 -27 -27 -24 -14  -7 -13 -12  -3  -2  -6  -4  -4  -3  -7 -12 -11 -10  -9  -7 -21 -13
DST1605*15  X220   0 -27 -26 -23 -19 -17 -16 -17 -16 -10  -5   0   5   3  -7 -17 -16 -11 -13 -16 -22 -17 -13 -12 -11 -13
DST1605*16  X220   0 -11 -11 -17 -18 -14 -16 -14 -16 -11  -8 -12 -12 -14 -18 -16 -16 -19 -28 -23 -21 -16 -16 -17 -19 -16
DST1605*17  X220   0 -19 -17 -12  -9  -4   0  -2  -7  -5  -4  -9  -4  -5  -4  -4  -3  -4  -9 -12 -13 -15 -21 -20 -18  -9
DST1605*18  X220   0 -14 -12 -13 -14 -17 -22 -22 -18 -20 -18 -11  -8  -6  -5   1   0  -2  -5  -5  -5  -4  -4  -4  -5 -10
DST1605*19  X220   0  -5  -3  -2  -2   0   0  -1  -1  -3  -8 -10 -14 -18 -16 -10  -8  -2  -7 -13 -13  -9  -7  -4  -1  -7
DST1605*20  X220   0   4  -3  -4  -4  -2   0  -4  -3  -2  -2  -3   1   1   4   0  -1  -1  -3  -3   3   7   7   9   9   0
DST1605*21  X220   0  12  16  16  10   5   7  -6 -19 -27 -24 -18 -14 -12 -12 -11 -16 -13 -11 -16 -15 -18 -18 -17 -14  -9
DST1605*22  X220   0  -9  -9 -10 -13 -21 -20 -18 -15 -21 -18 -16 -13 -12 -11  -5  -3  -6 -10 -12 -14 -11 -11 -12 -12 -13
DST1605*23  X220   0 -10 -11 -10  -9  -7  -6  -6  -6  -7  -9  -6  -5  -6  -6  -5  -4  -4  -5  -7  -7  -8  -6  -6  -5  -7
DST1605*24  X220   0  -4  -3   1   0   0  -1  -1   1  -1  -3  -6  -9  -8  -9  -6  -5  -4  -3  -2   0  -1  -3  -3  -2  -3
DST1605*25  X220   0   0   1   1   2   1   1   1   0  -2  -2  -1   1   5   8   9   6   5   4   5   4   4   2   1   1   2
DST1605*26  X220   0   0  -1   4   6   6   6   6   5   8   9   6   6   8   8   9   8  11  14  14  14  12  12  15  17   8
DST1605*27  X220   0  18  16  13  11  -1  -9  -7  -2   0   4   6   1  -4  -7  -6  -7  -9 -11  -6   1   6   8   1   5   1
DST1605*28  X220   0  -1  -4  -4  -1  -3  -6 -15 -20  -6  -6  -4  -6  -5  -8  -9  -6  -7 -11 -12 -15 -17 -21 -19 -16  -9
DST1605*29  X220   0 -17 -17 -10  -9  -7  -6  -3  -1  -7 -12 -10  -7  -6  -8  -6  -4  -5  -6 -11 -16 -19 -24 -25 -20 -11
DST1605*30  X220   0 -20 -21 -20 -17 -16 -15 -15 -12 -15 -17 -14 -11  -8  -6  -3  -2  -2  -1   0  -3  -8 -10 -11  -8 -11
DST1605*31  X220   0  -7  -5  -6  -5  -5  -5  -5  -7 -10  -8  -6   0   3   4   3  -4  -8 -11 -12  -4  -6 -16 -21 -18  -7
DST1606*01  X220   0 -16 -13 -12 -15 -17 -16 -12  -9  -7  -5  -5  -6  -9 -11 -11  -7  -6  -7  -6  -6  -8  -7  -4  -3  -9
DST1606*02  X220   0  -2  -3  -4  -3  -5  -8  -6  -5  -5  -5  -6  -9 -10 -11 -11  -9  -8  -7  -5  -4  -4  -3  -3  -3  -6
DST1606*03  X220   0  -5  -2   0   1  -2  -2  -1  -1   2   3   2   4   4   2   1   1   2   2   1  -1   0  -1  -2  -1   0
DST1606*04  X220   0   0  -2  -2   1   2   3   3   3   4   7   8  10  12  15  14  11  10   9   8   7   5   6   6  14   6
DST1606*05  X220   0  18  16  16  14  15  18  23  32  34  17   8  12  13  21   7 -10 -12  -7  -3  -5 -21 -31 -24 -28   5
DST1606*06  X220   0 -25 -29 -35 -35 -35 -39 -41 -39 -41 -35 -35 -37 -34 -29 -28 -30 -32 -33 -28 -24 -21 -18 -18 -16 -31
DST1606*07  X220   0 -14 -15 -15 -13 -11 -11 -11 -10 -10 -10 -10 -11  -9 -10 -12 -10 -11  -9 -11 -11 -12 -18 -21 -21 -12
DST1606*08  X220   0 -22 -22 -21 -25 -25 -23 -18 -14 -12 -12 -12 -12 -12 -14 -13 -12 -12  -9  -8  -9  -9 -10  -9 -13 -15
DST1606*09  X220   0 -14 -14 -12 -13 -11 -11  -9  -6  -4  -4  -4  -5  -7  -9  -9  -8  -9  -8  -8  -8  -4  -5  -5  -4  -8
DST1606*10  X220   0  -4  -2  -3  -1  -2  -2   0   1  -1   0   7  14  20  20  15  14  16  17  16  17  14   6   9   7   7
DST1606*11  X220   0   2  -7  -8  -5  -5  -7  -9 -10 -11 -10  -7  -8  -6  -3  -2  -1  -8  -7   0   0   3  -1  -1  -2  -5
DST1606*12  X220   0   3   5   4   2   3   4  -2  -6   1   9   8   9  11  11   5   5   7   8   3   5   4   2  -2  -3   4
DST1606*13  X220   0  -2   0   1  -1   3   2   1   2   2   0   0   7  10  10   7   5   4   3   1   0  -3  -3  -1   1   2
DST1606*14  X220   0   0  -3  -5  -1   0   0   0   0   4   1   0   6  15  16  13  11  16  22  20   3   0 -17 -16  -7   3
DST1606*15  X220   0  -8 -13 -15 -12 -13 -13 -14 -12 -13 -12 -11  -5   4   6   6   6   2  -1  -1   1   0  -3  -5  -6  -6
DST1606*16  X220   0  -5  -3  -3  -1   0   0  -2  -5  -4  -3  -3  -1   2   2   0  -4  -3  -4  -4  -4  -2   3   4   2  -2
DST1606*17  X220   0   0   1   3   2   1  -5 -12  -8  -6 -11 -12  -9  -2   0   0  -1  -3  -5  -7  -7  -5  -3  -2  -1  -4
DST1606*18  X220   0  -6  -6  -3  -8 -14 -12  -8  -8  -6  -5  -7  -7  -4  -4  -5  -8  -5  -2   1   0  -2   0  -1  -3  -5
DST1606*19  X220   0  -7 -10  -8  -5  -5  -9  -8  -6  -5  -4  -2  -3  -4  -3   0   2   3   1  -1  -3  -2  -1   1   3  -3
DST1606*20  X220   0   7   8   9   6   6   5   4   2   1   2   2   3   4   3   3   4   3   4   4   5   6   3   0  -1   4
DST1606*21  X220   0  -2  -2  -1   0   3   3   4   1  -2   2   2   1   0  -1   2   2   3   4   6   5   7   5   4   4   2
DST1606*22  X220   0   3   1  -1   1   3   8   7   7   8  13  16  15  15  13  14  14  14  12   9  -1   6  -8  -5  -8   7
DST1606*23  X220   0  -6  -8  -1  -4  -4   3   9  14  10  10  11  11  11   7   6   7   4  -1  -2   1   2   4   3  -4   3
DST1606*24  X220   0 -17 -25 -29 -26 -16 -17 -24 -24 -19 -17 -13  -7  -6  -9 -11 -12 -13 -18 -19 -19 -16 -16 -18 -17 -17
DST1606*25  X220   0 -16 -19 -21 -18 -19 -20 -19 -17 -14 -12 -13 -12  -8  -6  -7  -8  -9  -7  -5  -3   4   5  -1  -4 -10
DST1606*26  X220   0  -3  -4  -3  -1  -1   3   1   2   2  -1  -5  -3   2   1   0   0  -1   1   0   1   1  -4 -11 -16  -2
DST1606*27  X220   0 -22 -21 -17 -16 -17 -14 -14 -16 -11 -12  -9  -7  -6  -8  -6  -3  -3  -4  -3  -1   0   1  -3  -6  -9
DST1606*28  X220   0  -5  -7  -6  -5  -7  -7 -10 -10 -11  -9  -5  -5  -3  -1   0   0  -3  -4   0   2   4   7   5   1  -3
DST1606*29  X220   0  -4  -4  -4  -4  -4  -3   0  -2  -4  -5  -1   4   6   4   2  -2  -4  -5  -5  -4   1   5   6   2  -1
DST1606*30  X220   0  -2  -3  -1  -3  -2  -1   3   4   3   3   6   9  10  12  12  12  10  14  15   7   2   1   1   0   5
DST1607*01  X220   0  -1  -3  -4  -1  -2  -3   1   0  -3  -6  -4  -5  -4  -4  -3  -6  -5  -5  -5  -5  -3  -2  -2  -1  -3
DST1607*02  X220   0  -2  -1  -2  -3  -9 -11  -8  -6  -4  -3  -2  -3  -3   1   3   8  11  12  18  24  30  28  27  13   5
DST1607*03  X220   0  14  14  10   5   2   1  -1   0   3   1   0   2   5  11  14   8   4   2   2   1   4   7   5   3   5
DST1607*04  X220   0   2   2  -2  -1   0   0  -3  -4  -5  -5  -6  -4  -2  -2  -2  -2  -2  -3  -3   2   3   5   3   3  -1
DST1607*05  X220   0   2   2  -2  -5  -5  -4  -1  -3  -3  -2  -2  -2  -2  -2  -2   0  -1   2   2   2   1   0  -2  -4  -1
DST1607*06  X220   0  -7  -6  -3  -1   3   3   6   9   9   8   7   9  11  13  16  15  13  13  14  13  15  17  17  15   9
DST1607*07  X220   0  13  17  12  15   9   4  -3 -13  -7  -4  -3  -4  -4  -3   1   3  -1  -2   1  -1  -5  -2 -13 -21   0
DST1607*08  X220   0 -20 -25 -23 -15 -10 -10 -13 -14 -21 -23 -21 -27 -26 -20 -23 -25 -21 -24 -29 -23 -13  -8  -4  -3 -18
DST1607*09  X220   0  -6 -16 -25 -24 -20 -14 -11 -12 -14 -10  -8  -6  -6  -4  -7 -11 -11 -10  -9  -6  -5  -5  -6  -8 -11
DST1607*10  X220   0  -8  -8 -11 -13 -11 -10  -8  -5  -5  -8 -10 -10  -9  -5   0   2  -2  -5  -5  -5  -2   0  -1  -6  -6
DST1607*11  X220   0 -16 -20 -17 -16 -19 -15 -13 -12  -9  -8 -11 -17 -20 -14  -8  -7 -10 -11 -13 -10  -5  -3  -4  -4 -12
DST1607*12  X220   0 -10 -17 -21 -21 -25 -28 -24 -24 -31 -36 -34 -28 -23 -19 -11 -10  -7 -10 -12 -10  -7  -8 -11 -17 -19
DST1607*13  X220   0 -19 -22 -21 -18 -18 -16 -13 -14 -13 -13 -11  -8 -11  -8  -8  -6  -5  -4  -2  -3  -3  -1   1  -4 -10
DST1607*14  X220   0  -7  -9  -6  -7  -6  -5  -9 -12 -13 -21 -19 -11  -5  -3  -4  -7 -11  -8  -8  -4   4   7   4  -2  -7
DST1607*15  X220   0  -9 -10  -7 -11 -19 -18 -17 -19 -21 -19 -21 -16 -11  -9  -9  -7  -8 -11 -11 -11  -6  -4  -7 -11 -12
DST1607*16  X220   0 -14 -14 -13 -11 -10  -8  -9 -10  -7  -6  -6  -6 -11 -14 -11  -9  -9  -8 -11  -9  -3  -2  -4  -6  -9
DST1607*17  X220   0  -8  -8  -7  -8  -7  -9  -8 -10 -12 -13 -11 -12 -11  -8  -6  -7  -8  -7  -4   0   2  -3  -6  -6  -7
DST1607*18  X220   0  -8  -8  -6  -3   1   1  -3  -7 -12 -13 -13 -12  -9  -9  -8  -7  -6  -4  -1   1   1  -1  -2  -2  -5
DST1607*19  X220   0   0  -1  -1  -1  -2  -5  -4  -4  -2  -3  -2   0   2   6   6   6   4   1   2   4   7   9   7  11   2
DST1607*20  X220   0  46  28  14  -2 -18 -24 -26 -25 -18 -14  -8  -2   6   9  11   4  -1  -5 -12 -12  -6  -7  -7  -8  -3
DST1607*21  X220   0  -9  -7  -8  -8  -7  -6  -9 -10  -9 -11 -13 -12 -11  -7  -9  -2  -2  -6  -8  -8  -5  -4  -3  -6  -8
DST1607*22  X220   0  -6  -4  -3  -1  -4  -8 -12 -13 -14 -16 -20 -19 -16 -14 -10 -12  -8 -13 -18 -15  -8  -6  -9 -11 -11
DST1607*23  X220   0 -10 -10 -11 -11 -11 -12 -15 -20 -22 -23 -19 -16 -13 -12  -8  -7  -8  -9 -10  -9 -10 -11 -11  -9 -12
DST1607*24  X220   0  -7  -7  -8  -6  -4  -4  -2  -2   4   9  12   8   7  13  15  18  10  -2  -9 -13  -8  -8  -7 -13   0
DST1607*25  X220   0 -10 -18 -16 -24 -28 -31 -31 -33 -35 -32 -37 -37 -38 -37 -35 -32 -30 -35 -29 -26 -22 -16 -10 -12 -27
DST1607*26  X220   0 -13 -13 -12 -13 -12 -10  -9  -6  -5  -5  -5  -8  -9  -9  -9  -9 -10  -9 -10 -12 -15 -15 -13 -10 -10
DST1607*27  X220   0 -10  -8  -9  -9  -8  -9  -7  -3  -1   0   1   3   3   5   6   7   8  10  11  11  10  10   8   7   2
DST1607*28  X220   0  13  14  13  11   4   5   7   2 -12 -11  -7  -5  -5  -8   2   6   7  -4 -23 -31 -27 -17 -14 -15  -4
DST1607*29  X220   0 -13 -13 -12 -13 -15 -18 -12 -13 -14 -14 -13  -9  -9  -6  -3  -3 -11 -11 -15 -15 -15 -14 -10 -10 -12
DST1607*30  X220   0 -14 -15 -10  -9 -15 -16 -14 -12  -8  -7 -11 -10  -7  -4  -2  -2  -1  -4  -6  -8  -7  -5  -2  -2  -8
DST1607*31  X220   0   3   1   2   2   1   1   0   0   1   2   3   4   4   4   0  -3  -4  -5  -6  -5  -2   0   0  -1   0
DST1608*01  X220   0  -2  -3  -2  -1  -1  -1  -1   0   1  -1  -3  -2  -4  -3   1   3   4   3   4   2   2   1   0   2   0
DST1608*02  X220   0   4   5   8   8   7  20  15  14  16  22  29  33  38  42  47  39  39  27  26  30  34  19  -8 -16  21
DST1608*03  X220   0 -14  -1  12  10   3 -17 -43 -37 -24 -37 -51 -51 -39 -45 -50 -52 -50 -49 -41 -36 -32 -32 -29 -27 -31
DST1608*04  X220   0 -24 -22 -22 -23 -23 -22 -16 -19 -22 -27 -20 -16 -16 -16 -24 -31 -29 -28 -30 -27 -21 -19 -16 -16 -22
DST1608*05  X220   0 -16 -14 -13 -10 -16 -22 -26 -26 -27 -25 -23 -21 -19 -17 -18 -20 -20 -18 -16 -16 -17 -24 -30 -25 -20
DST1608*06  X220   0 -21 -22 -20 -18 -19 -18 -19 -19 -21 -20 -20 -22 -20 -19 -20 -21 -25 -20 -13 -11 -10 -13 -22 -18 -19
DST1608*07  X220   0 -17 -19 -17 -16 -15 -15 -16 -15 -13 -11 -11  -8  -9 -14 -11 -17 -16  -9  -4  -8  -8  -8 -16 -21 -13
DST1608*08  X220   0 -19 -19 -22 -25 -28 -27 -24 -23 -17 -12  -8  -3   0   0  -6 -13 -24 -21 -20 -12  -6  -8 -11 -11 -15
DST1608*09  X220   0  -9  -7  -6  -6  -8  -8 -10  -7  -6 -12 -13 -13  -7 -12 -16 -21 -21 -21 -17 -12 -10 -15 -22 -25 -13
DST1608*10  X220   0 -23 -18 -16 -13 -10 -12 -17 -18 -21 -28 -21 -17 -13 -13 -14 -17 -15 -16 -18 -17 -20 -27 -23 -23 -18
DST1608*11  X220   0 -18 -11  -7  -4  -4  -5  -5  -4  -1  -1  -3  -3  -6  -4  -2  -3  -6 -13 -18 -17 -18 -14 -17 -14  -8
DST1608*12  X220   0 -12 -15 -20 -23 -27 -26 -18 -18 -18 -17 -14 -13 -14 -14 -17 -16 -15 -13 -13 -11 -12 -15 -15 -13 -16
DST1608*13  X220   0 -11 -12 -14 -12 -11 -13 -12 -10 -10 -10  -8  -9 -10  -7  -8 -12 -16 -16 -15 -13 -14 -17 -18 -14 -12
DST1608*14  X220   0  -9  -4   0   0  -1  -1   0  -1  -1   1   2   1   0  -2  -3  -3  -3  -3  -5  -7  -4  -4  -5  -4  -2
DST1608*15  X220   0  -4  -3  -4  -3  -2  -4  -6  -5  -2  -3  -2  -1  -1  -1   0  -1  -1  -2  -2  -1   0   0   0   1  -2
DST1608*16  X220   0   2   1   3   1   0  -3  -6  -6  -5  -4  -1   1   2  -3  -4  -5   0   5   9  12  15  10  -2  -7   1
DST1608*17  X220   0   0  11  12   7   2   0  -4  -3  -2  -1  -2  -2  -4  -4  -2  -4  -2   0   1  -5  -7 -11 -17 -14  -2
DST1608*18  X220   0 -12 -10  -9 -13 -20 -19 -21 -24 -23 -21 -14 -10  -7  -6 -11 -13  -8  -4  -2  -6 -10 -14 -13  -9 -12
DST1608*19  X220   0  -6  -5  -5  -2   1   2   2   0  -5  -8  -8  -5  -5  -2  -4 -10  -9  -4  -3  -3  -5  -8  -9  -9  -5
DST1608*20  X220   0 -11 -10 -12 -10  -6  -3  -5  -7  -9  -5   2   4   3   1   1   1   4   7   9   9   6   3   2   2  -1
DST1608*21  X220   0   2   3   4   7  10  16  18  18  20  18  22  26  24  25  22  12  17  17  15  15  13   6  -1  -1  14
DST1608*22  X220   0  -1  -2  -3  -3  -1   3   3   1   1   0   2   6   7   6   4   1   0  -2  -1   1   1  -2  -5  -7   0
DST1608*23  X220   0  -9  -8  -6  -4  -1   3   5   9   9  10  11  17   3 -12 -24 -29 -26 -26 -28 -43 -60 -73 -64 -46 -16
DST1608*24  X220   0 -33 -39 -35 -36 -32 -32 -33 -28 -25 -23 -28 -32 -37 -32 -28 -26 -25 -26 -25 -26 -29 -29 -26 -21 -29
DST1608*25  X220   0 -16 -15 -18 -20 -19 -18 -11 -11 -19 -23 -19 -16 -15 -13 -19 -18 -17 -16 -10 -14 -11 -11 -14 -12 -16
DST1608*26  X220   0 -20 -19 -20 -20 -15 -11  -6  -2  -1  -3  -3  -4  -7  -8  -9 -12 -13 -12 -12  -9  -5  -4  -3  -3  -9
DST1608*27  X220   0  -6  -6  -6 -10 -13 -10  -5  -5  -5  -7  -7 -10  -9  -7  -8  -7  -3   0  -1  -2  -1   0   2   2  -5
DST1608*28  X220   0   2   2   1   0  -1  -1  -2  -2  -3  -4  -5  -8  -7  -4  -1   0   2   5   6   7  10  14  15  16   2
DST1608*29  X220   0  11   8   7   4   6  10  12  14  12  13  18  20  13  12   4   0   2   4   5   6   4   9  11  12   9
DST1608*30  X220   0   9   1  -8  -8  -7  -8  -9 -16 -15 -10  -4  -2  -4  -6 -20 -27 -18 -13 -13 -13 -14 -19 -13  -8 -10
DST1608*31  X220   0  -5  -8  -9  -7  -5  -5  -4  -3   0   3   5   3   1   0   0   2   3   9   7   1  -7 -11 -14 -15  -2
DST1609*01  X220   0 -13 -13 -19 -24 -29 -34 -37 -40 -45 -57 -48 -39 -32 -39 -38 -37 -26 -13 -15 -21 -22 -35 -38 -37 -31
DST1609*02  X220   0 -39 -58 -59 -54 -51 -51 -42 -36 -31 -30 -30 -28 -25 -27 -21 -21 -25 -30 -25 -21 -20 -25 -30 -28 -34
DST1609*03  X220   0 -23 -27 -38 -45 -51 -43 -32 -38 -40 -41 -39 -44 -42 -36 -38 -39 -37 -38 -37 -37 -39 -46 -45 -36 -39
DST1609*04  X220   0 -44 -40 -27 -26 -27 -29 -39 -36 -31 -28 -33 -34 -34 -34 -35 -36 -30 -29 -25 -23 -31 -29 -28 -27 -31
DST1609*05  X220   0 -28 -28 -32 -30 -32 -31 -27 -26 -26 -29 -32 -29 -24 -22 -24 -21 -21 -25 -30 -37 -35 -26 -24 -25 -28
DST1609*06  X220   0 -24 -24 -26 -29 -28 -25 -26 -31 -38 -36 -29 -26 -28 -29 -28 -24 -20 -17 -15 -11  -8  -8  -7 -10 -23
DST1609*07  X220   0 -16 -17 -19 -24 -21 -18 -15 -14 -17 -17 -15 -20 -23 -23 -18 -20 -22 -24 -23 -19 -14 -13 -12 -14 -18
DST1609*08  X220   0 -16 -12 -19 -24 -26 -28 -29 -26 -30 -32 -34 -32 -31 -27 -28 -31 -31 -27 -21 -15 -10 -10 -12 -12 -23
DST1609*09  X220   0 -11 -11 -11 -13 -15 -15 -14 -14 -14 -13 -13 -14 -11 -10  -9  -9  -6  -4  -3  -3  -4  -6  -8  -9 -10
DST1609*10  X220   0  -9  -9  -9  -9 -14 -17 -14 -12 -11 -11 -13 -12 -13 -11 -11 -11 -10  -7  -6  -6  -5  -7  -8  -4 -10
DST1609*11  X220   0  -4  -4  -5  -8 -12 -11  -9 -11 -11 -11  -9  -8  -9 -11 -11  -9 -10 -11 -11  -8  -7  -6  -4   0  -8
DST1609*12  X220   0   4   7   4   3   2   5   3   5   2   2   6   5   4   3   1   1   5   6   5   6   6   2  -1   0   4
DST1609*13  X220   0  -1  -5 -12 -18 -20 -19 -14 -14 -14 -12 -11  -6  -4  -3   0  -3  -4  -2   0   2   2   2   1  -3  -7
DST1609*14  X220   0  -8 -12 -14 -11  -5  -3  -4  -2  -3  -2   2  -1  -2  -3  -7  -8  -7  -2  -2  -4 -14 -22 -20 -21  -7
DST1609*15  X220   0 -25 -30 -34 -33 -33 -32 -34 -34 -32 -29 -25 -19 -13  -6  -5  -3  -1   2   2   3   5   2   2   3 -15
DST1609*16  X220   0   4   1  -2  -4  -5  -5  -3  -1  -1   0   0   1   4   6   6   5   3   1   0  -1   0  -1  -1  -2   0
DST1609*17  X220   0  -2  -1   5   8  10  12  12  10   9  14  13  11  13  12  11  10   9   7   6   6   6   5   7   5   8
DST1609*18  X220   0  -1   2   4   9  10   8   4   3   3  -3 -14 -18 -12  -6  -7  -8 -11 -13 -14 -10  -5  -3  -1   2  -3
DST1609*19  X220   0   3   4   4   4   4   6   9   2 -18 -34 -37 -33 -27 -25 -23 -12  -4   4   7  11  15  18  11  12  -4
DST1609*20  X220   0  12 -11 -30 -31 -28 -26 -22 -23 -28 -25 -24 -24 -22 -23 -22 -19 -18 -14  -9  -7  -4  -1  -2  -2 -17
DST1609*21  X220   0  -9 -12 -10  -8 -11 -13 -14 -15 -11 -12 -11  -9  -7  -6  -9  -6  -3  -2  -3   2   4   5   4   2  -6
DST1609*22  X220   0   2  -1  -2  -5  -5  -6  -7  -8  -9  -7  -6  -6  -6  -5  -2   2   3   3   2   0   1   1   1   0  -3
DST1609*23  X220   0   0   1   0   1   5   6   5   4   6   5   1  -1   1   3   5   8  11  10  10  11  12  12  11  10   6
DST1609*24  X220   0   8   7   6   8   9  10  12  10   8   5   4   5   8  11   9   9   8  10   7   0  -4  -5  -9 -11   5
DST1609*25  X220   0 -10 -17 -28 -30 -23 -13  -7  -5  -4   0  -6 -22 -28 -19 -12 -13 -15 -10 -17 -23 -34 -26 -25 -23 -17
DST1609*26  X220   0 -24 -28 -28 -26 -23 -25 -27 -26 -23 -18 -19 -22 -19 -25 -29 -29 -29 -32 -41 -41 -41 -29 -18 -20 -27
DST1609*27  X220   0 -25 -34 -40 -42 -38 -32 -29 -32 -43 -48 -45 -35 -34 -31 -39 -38 -32 -24 -25 -25 -20 -13 -18 -19 -32
DST1609*28  X220   0 -24 -22 -33 -40 -39 -31 -25 -26 -27 -30 -26 -30 -31 -25 -27 -36 -46 -51 -48 -49 -45 -44 -42 -34 -35
DST1609*29  X220   0 -29 -31 -34 -36 -43 -43 -32 -44 -57 -65 -52 -52 -56 -54 -58 -53 -51 -45 -44 -43 -39 -37 -38 -35 -45
DST1609*30  X220   0 -36 -31 -26 -29 -27 -29 -32 -30 -30 -28 -24 -28 -30 -32 -28 -28 -26 -33 -35 -32 -34 -36 -38 -41 -31
DST1610*01  X220   0 -41 -33 -30 -31 -36 -33 -35 -35 -32 -30 -31 -28 -30 -32 -25 -24 -20 -26 -34 -42 -37 -27 -28 -28 -31
DST1610*02  X220   0 -29 -28 -29 -25 -25 -31 -28 -24 -28 -26 -31 -30 -26 -23 -22 -18 -16 -17 -16 -23 -30 -31 -27 -23 -25
DST1610*03  X220   0 -19 -17 -16 -17 -20 -25 -33 -30 -27 -23 -24 -26 -24 -22 -18 -18 -22 -21 -24 -26 -28 -25 -22 -22 -23
DST1610*04  X220   0 -27 -36 -46 -48 -47 -42 -37 -35 -42 -50 -45 -35 -34 -26 -24 -22 -23 -28 -29 -31 -27 -24 -34 -32 -34
DST1610*05  X220   0 -27 -28 -35 -37 -34 -30 -29 -27 -25 -24 -23 -27 -27 -25 -25 -21 -19 -20 -19 -16 -14 -18 -19 -19 -25
DST1610*06  X220   0 -17 -21 -20 -18 -16 -15 -14 -15 -13 -11 -13 -15 -16 -13  -9  -9 -12 -16 -16 -13 -11  -6 -10 -14 -14
DST1610*07  X220   0 -19 -23 -25 -24 -21 -17 -16 -19 -17 -16 -13 -13 -13 -13 -14 -14 -17 -17 -19 -22 -16 -14 -12 -11 -17
DST1610*08  X220   0 -12 -13 -15 -14 -16 -18 -22 -21 -20 -16 -17 -21 -21 -19 -17 -17 -20 -21 -20 -17 -16 -16 -13 -11 -17
DST1610*09  X220   0 -10 -11 -10 -10 -13 -15 -16 -17 -19 -20 -21 -21 -22 -21 -21 -19 -17 -13  -8  -7  -5  -5  -4  -8 -14
DST1610*10  X220   0  -9 -12  -9  -7 -16 -17 -17 -19 -16 -12 -10 -14 -17 -18 -15 -15 -20 -25 -22 -17 -20 -18 -18 -14 -16
DST1610*11  X220   0 -11 -13 -11 -10  -6  -5  -7  -7  -4  -3  -4  -5  -7  -6  -4  -4  -4  -3  -3  -4  -5  -7  -6  -4  -6
DST1610*12  X220   0  -4  -5  -9  -7  -6  -4  -3  -3  -2   0   2  -1  -4  -4  -4  -6  -7  -9  -9 -12 -13 -10   6  16  -4
DST1610*13  X220   0  16  12  21  16  11   7   4 -18 -35 -46 -50 -63 -64 -70 -86 -97-105-110-104 -95 -97 -99-102-109 -53
DST1610*14  X220   0-102 -89 -83 -84 -80 -77 -75 -73 -66 -57 -46 -43 -41 -37 -34 -37 -37 -33 -31 -27 -22 -23 -22 -19 -52
DST1610*15  X220   0 -17 -19 -18 -15 -14 -19 -21 -22 -24 -21 -22 -27 -25 -20 -14 -14 -18 -25 -22 -22 -22 -24 -25 -24 -21
DST1610*16  X220   0 -21 -22 -20 -17 -15 -15 -18 -18 -15 -15 -15 -15 -11 -13 -23 -19 -16 -18 -26 -27 -25 -25 -23 -19 -19
DST1610*17  X220   0 -16 -12 -12 -14 -14 -21 -26 -27 -22 -22 -20 -16 -19 -16 -16 -19 -23 -20 -21 -22 -28 -33 -30 -26 -21
DST1610*18  X220   0 -27 -24 -21 -22 -25 -23 -20 -22 -24 -26 -23 -22 -22 -19 -17 -18 -19 -18 -17 -16 -19 -22 -22 -23 -21
DST1610*19  X220   0 -17 -14 -13 -13 -12 -14 -15 -17 -18 -18 -18 -16 -15 -12 -11 -12 -13 -12 -12 -13 -12 -12 -14 -15 -14
DST1610*20  X220   0 -14 -15 -14 -14 -11  -8  -5  -3  -3  -1   1   1   0  -1  -1  -1  -3  -5  -6  -7  -5  -4  -4  -4  -5
DST1610*21  X220   0  -3   0   1  -1  -3  -3  -2  -2  -1   0   2   3   4   4   3   2   1   0   1   0  -4  -6  -6  -7  -1
DST1610*22  X220   0  -7  -6  -1   4   7  10  11  11   6   5   4   7  11   7   4   0  -3  -3  -6  -6  -4   0  -2  -8   2
DST1610*23  X220   0  -6  -4   0   3   3   5  -1 -11  -8  -4  -5  -7  -7  -4  -3  -4  -7  -8  -9 -10 -10 -12 -16 -17  -6
DST1610*24  X220   0 -22 -23 -24 -24 -25 -28 -26 -29 -28 -24 -23 -22 -26 -26 -29 -33 -35 -34 -28 -23 -27 -31 -39 -38 -28
DST1610*25  X220   0 -32 -34 -34 -37 -32 -27 -30 -38 -44 -36 -28 -37 -36 -47 -57 -54 -54 -65 -57 -62 -65 -52 -62 -62 -45
DST1610*26  X220   0 -55 -50 -54 -56 -57 -55 -46 -46 -47 -42 -35 -36 -33 -30 -37 -50 -54 -49 -49 -48 -48 -50 -50 -45 -47
DST1610*27  X220   0 -44 -42 -39 -44 -46 -47 -45 -39 -46 -40 -40 -37 -41 -40 -40 -45 -49 -54 -44 -38 -41 -42 -48 -51 -43
DST1610*28  X220   0 -47 -40 -41 -42 -43 -43 -41 -42 -42 -41 -33 -32 -31 -28 -30 -28 -34 -29 -29 -31 -35 -42 -41 -42 -37
DST1610*29  X220   0 -40 -50 -62 -70 -63 -63 -65 -68 -56 -45 -47 -50 -43 -42 -42 -43 -42 -41 -43 -45 -42 -36 -34 -36 -49
DST1610*30  X220   0 -36 -33 -38 -45 -47 -41 -42 -42 -44 -42 -31 -30 -37 -43 -39 -35 -32 -36 -40 -41 -37 -37 -33 -31 -38
DST1610*31  X220   0 -31 -33 -35 -34 -33 -30 -32 -36 -35 -28 -29 -27 -26 -24 -24 -27 -28 -28 -24 -24 -22 -20 -21 -23 -28
DST1611*01  X220   0 -25 -22 -23 -24 -23 -21 -20 -23 -26 -25 -21 -24 -30 -31 -33 -34 -30 -25 -15 -12 -14 -14 -13 -22 -23
DST1611*02  X220   0 -25 -18 -15 -15 -16 -20 -23 -23 -19 -16 -16 -15 -21 -29 -36 -39 -37 -33 -30 -25 -22 -24 -33 -34 -24
DST1611*03  X220   0 -29 -25 -26 -32 -38 -41 -42 -46 -49 -42 -45 -35 -37 -34 -34 -35 -33 -33 -28 -26 -27 -25 -24 -20 -34
DST1611*04  X220   0 -19 -21 -20 -19 -19 -22 -28 -28 -27 -23 -20 -17 -15 -13 -14 -15 -14 -12 -11 -12 -13 -15 -12 -11 -18
DST1611*05  X220   0 -12 -10  -9 -12 -11 -13 -16 -16 -16 -15 -13 -13 -12  -9  -7  -8  -7  -6  -7  -7  -8  -7  -7  -8 -10
DST1611*06  X220   0  -8  -7  -7  -5  -4  -5  -8 -10  -9 -11 -12  -9  -6  -4  -5  -8  -8  -7  -7  -7  -7  -5  -7 -11  -7
DST1611*07  X220   0 -11  -9  -8  -7  -5  -4  -2   1   1  -2  -1   0   1   5   3  -3  -5  -4  -5  -5  -2   0   0  -1  -3
DST1611*08  X220   0  -3  -5  -5  -4  -3  -1  -2  -2   1   1  -1  -1  -2  -4  -4  -4  -5  -6  -5  -4  -3  -2  -2  -1  -3
DST1611*09  X220   0  -1   0   2   2   3   5   9  15  14   6  -5  -9  -8  -4  -2  -3  -5  -3  -3   1   3   4   1   1   1
DST1611*10  X220   0   0   0  -4   0  -7  -7  -4  -4  -6  -6  -8 -17 -21 -22 -34 -49 -57 -60 -54 -49 -45 -37 -36 -42 -24
DST1611*11  X220   0 -46 -39 -34 -30 -30 -29 -30 -30 -26 -25 -29 -24 -19 -13 -14 -14 -13 -17 -16 -14 -10  -6  -5  -7 -22
DST1611*12  X220   0  -7  -7  -2  -2  -5 -19 -13  -9  -5  -6 -11 -18 -15 -14 -14 -15 -21 -23 -24 -26 -26 -21 -17 -20 -14
DST1611*13  X220   0 -20 -17 -20 -21 -19 -18 -17 -20 -26 -22 -21 -21 -17 -19 -17 -17 -21 -18 -16 -17 -20 -24 -21 -14 -19
DST1611*14  X220   0 -12 -14 -17 -16 -14 -11 -13 -16 -20 -17 -19 -16 -12 -11 -10 -12 -16 -13 -13 -11 -10  -9 -13 -12 -14
DST1611*15  X220   0 -14 -13 -14 -15 -14 -13 -12 -17 -18 -19 -20 -21 -18 -13 -11 -10 -13  -9  -6  -6  -6  -6  -6  -7 -13
DST1611*16  X220   0  -7  -8  -7  -8  -7  -8 -10 -10  -9  -5  -3  -4  -1   3   2   0  -1   1   1  -2  -1   0  -3  -4  -4
DST1611*17  X220   0  -1  -2  -2   1   0  -1  -4  -7  -6  -6  -5  -6  -5  -3  -3  -5  -8 -10 -10 -10  -7  -6  -7  -6  -5
DST1611*18  X220   0  -8  -9  -9  -6  -5  -3  -4  -4  -4  -5  -6  -8  -5  -3  -3  -4  -4  -2  -1   0   3   4   3   1  -3
DST1611*19  X220   0   1   2   2   1   0   0   0   1   1   2   3   7   8   8   8   9   9   7   6   8   7   9   6  10   5
DST1611*20  X220   0  11  10   9   8   9  13  11  11  12  11   8  10   5   4   3   4   3   5   7   8   6   6   3  -1   7
DST1611*21  X220   0  -2  -4  -5  -7  -4  -1   3   1   0   5  10   8  10   8   9  10   9   6   1  -4  -7  -8  -4  -3   1
DST1611*22  X220   0  -4  -4  -9  -8  -5   1   3   1  -2  -4   2   6  11   5   0  -2  -6  -9  -7 -12  -3  -8  -1   0  -2
DST1611*23  X220   0 -13 -25 -29 -28 -26 -26 -26 -23 -22 -21 -18 -13 -14 -12 -13 -16 -15 -14 -16 -12 -11  -8  -2  -4 -17
DST1611*24  X220   0 -11 -11 -10  -8 -10 -12 -21 -30 -23 -22 -25 -33 -32 -33 -32 -38 -36 -30 -28 -23 -19 -21 -22 -33 -23
DST1611*25  X220   0 -35 -32 -38 -42 -41 -45 -45 -39 -33 -31 -31 -30 -26 -24 -23 -26 -30 -30 -28 -28 -27 -27 -23 -18 -31
DST1611*26  X220   0 -19 -24 -25 -29 -31 -28 -29 -28 -25 -20 -17 -12 -15 -12 -14 -18 -19 -19 -21 -20 -18 -15 -17 -18 -21
DST1611*27  X220   0 -16 -14 -15 -19 -23 -22 -19 -22 -22 -22 -21 -19 -16 -12 -10 -14 -18 -17 -15 -13 -12 -10  -9  -9 -16
DST1611*28  X220   0 -13 -15 -14 -13 -13 -12 -13 -15 -16 -15 -13 -11  -7  -5  -5  -5  -4  -7  -5  -3  -7 -13 -15 -13 -11
DST1611*29  X220   0 -11 -11 -12 -15 -17 -14 -12 -14 -17 -17 -18 -13  -7  -7  -5  -7  -9  -8  -5  -4  -2  -1  -1  -2 -10
DST1611*30  X220   0  -7  -7  -6  -8  -9  -7  -8  -9  -8  -8  -6  -5  -6  -6  -4  -2  -2  -1  -2  -3  -5  -3  -1   0  -5
DST1612*01  X220   0   2   4   7   4   2  -4  -7  -5  -4  -2  -1   2   5   8   8   6   6   7   8   6   7   8   8   7   3
DST1612*02  X220   0   4   0   0  -2  -3  -2  -5  -5  -5  -2   0  -1   0   0  -1  -2  -4  -2  -1  -1  -2  -1  -1  -3  -2
DST1612*03  X220   0  -4  -3  -2  -2  -1  -1   0   0   0   0   1   2   3   3   0   0   1   3   4   6   6   8   9   7   2
DST1612*04  X220   0   5   5   6   6   7   8   7   6   5   4   2   4   7   6   7   9  13  18  20  20  20  20  18  15  10
DST1612*05  X220   0  14  13  12  10   5   6   4   3   4   7   9  10  12  11   7   6   7   5   6   6   7   8   5   9   8
DST1612*06  X220   0  14  14  14  13  15  16  15  15  16  15  17  16  -3  -5 -10 -10  -5  -1  -5  -8  -9  -7  -4   0   5
DST1612*07  X220   0   2   2   0  -4  -8 -10 -12 -15 -11 -11 -11 -10  -5  -2   2  -5  -7  -7   2   1  -9  -8  -4  -5  -6
DST1612*08  X220   0  -4  -7  -1   0   2  -1  -9  -6  -3  -2 -20 -14 -13 -15 -15 -23 -23 -23 -20 -16 -21 -17 -21 -19 -12
DST1612*09  X220   0 -14 -15 -14 -11 -12  -7 -15 -20 -16  -9  -4  -5  -7  -8  -9 -12 -10 -17 -37 -39 -35 -32 -35 -31 -17
DST1612*10  X220   0 -26 -26 -24 -24 -21 -22 -22 -25 -25 -21 -20 -18 -17 -16 -18 -22 -21 -19 -18 -20 -25 -22 -18 -15 -21
DST1612*11  X220   0 -10  -8  -6  -9 -15 -15 -12 -15 -14 -16  -9  -9  -7  -6  -9 -18 -17 -14 -12 -11  -9  -6  -1   2 -10
DST1612*12  X220   0   1  -2  -6  -7  -5  -9 -13 -14 -10  -8  -5  -3  -2  -3  -6  -7  -6  -4  -1  -1  -3  -2  -2   0  -5
DST1612*13  X220   0   0  -1   0   0   0  -4  -8 -10 -10  -8  -6  -6  -1  -1  -3  -2  -6  -7  -7  -7  -7  -7  -5  -5  -5
DST1612*14  X220   0  -4  -1   1   0  -2  -4  -6  -5  -2   1   2   1  -1   0   2   1   0  -2  -4  -7  -8  -5  -6  -5  -2
DST1612*15  X220   0  -4  -6  -5  -4  -1  -1   1   0   3   5   2   3   2   3   3   0  -2  -4  -3  -4  -4  -3  -4  -3  -1
DST1612*16  X220   0   0   1   1  -1  -1  -1   0   1   4   6   6   5   5   5   6   5   4   5   5   5   3   2   4   6   3
DST1612*17  X220   0   8   8   9   9   8   6   6   6   6   7   9   7   3   5  10  10   5   2   3  -1   3   7   8   7   6
DST1612*18  X220   0  -2  -9  -6  -5 -10 -11 -17 -20 -10  -3  -3  -5  -8 -10 -11  -9 -11 -10  -7  -7  -4  -4  -8  -7  -8
DST1612*19  X220   0  -5  -5  -1  -2  -3  -8 -11 -11 -11 -10 -10 -11 -14 -16 -15 -14 -13  -9  -6  -2  -1  -4  -2  -3  -8
DST1612*20  X220   0  -6  -8  -5  -2  -3  -2  -4  -5  -6  -3  -2   0  -3  -5  -4  -8 -11  -9  -1   0   1   4  -1  -5  -4
DST1612*21  X220   0  -8  -9  -7  -3  -1   0  -5   1   7  13   0 -13 -13  -5 -14 -31  -6 -36 -28 -34 -39 -35 -33 -33 -14
DST1612*22  X220   0 -29 -29 -36 -28 -24 -32 -38 -38 -33 -29 -31 -27 -25 -24 -29 -26 -24 -22 -23 -21 -24 -30 -28 -26 -28
DST1612*23  X220   0 -22 -18 -22 -25 -19 -21 -23 -25 -19 -19 -18 -26 -23 -22 -22 -23 -23 -26 -26 -27 -39 -36 -33 -29 -24
DST1612*24  X220   0 -26 -26 -29 -25 -20 -23 -24 -24 -25 -26 -22 -20 -19 -17 -12 -13 -17 -17 -19 -18 -16 -12 -10  -8 -20
DST1612*25  X220   0  -4  -3  -9 -11  -6  -9 -14 -14 -14 -19 -25 -20 -20 -18 -21 -21 -26 -28 -27 -22 -18 -16 -19 -19 -17
DST1612*26  X220   0 -20 -18 -14 -18 -20 -24 -23 -21 -21 -25 -27 -23 -28 -24 -23 -27 -29 -23 -19 -19 -21 -22 -21 -23 -22
DST1612*27  X220   0 -20 -17 -18 -16 -14 -16 -19 -20 -16 -16 -15 -13 -13 -18 -17 -16 -14 -12 -13 -13 -14 -18 -19 -18 -16
DST1612*28  X220   0 -15 -13 -11 -12 -11 -13 -14 -15 -14  -7  -5  -7  -9  -7  -7  -8  -9 -13 -11 -12 -11 -10  -7  -4 -10
DST1612*29  X220   0  -3  -8  -9  -7  -6  -5  -7  -8  -9  -9  -9 -10 -12 -14 -14 -16 -19 -19 -16 -13 -12  -9  -8  -4 -10
DST1612*30  X220   0  -2  -3  -3  -3  -4  -4  -4  -3  -3  -5  -5  -2  -3  -2  -1   2   0  -4  -8 -10  -8  -8  -4  -1  -4
DST1612*31  X220   0  -1   2   5   6   2   1   5   7   8   4   3 -11 -20 -28 -21 -19 -13 -11 -13 -17 -25 -25 -13  -9  -8
DST1701*01  X220   0 -12 -12 -15 -22 -29 -31 -28 -21 -17 -16 -12 -14 -12 -10 -11 -11 -13 -15 -11  -9 -10 -10 -10  -7 -15
DST1701*02  X220   0  -4  -5  -7  -9 -11 -10 -11 -15 -14 -11 -12 -12 -16 -21 -27 -27 -24 -21 -18 -16 -14 -12 -13  -7 -14
DST1701*03  X220   0  -6  -6  -4  -3  -5  -4   1   6   3   7  -5 -16 -20 -19 -16 -15 -15 -21 -25 -19 -18 -20 -18 -16 -11
DST1701*04  X220   0 -11  -7  -3   2  12  12   8   3   0  -2  -4  -4  -5 -10  -6  -4 -15 -14 -16 -21 -23 -27 -22 -21  -7
DST1701*05  X220   0 -20 -18 -17 -17 -11  -6 -10 -10 -11 -10  -9  -5  -2  -1  -2  -3  -9 -16 -14  -9  -9 -13 -19 -32 -11
DST1701*06  X220   0 -29 -29 -28 -20 -16 -15 -18 -20 -15 -18 -18 -15 -12 -18 -19 -15 -15 -18 -17 -14 -14 -15 -13 -13 -18
DST1701*07  X220   0 -15 -17 -13 -12 -12 -15 -17 -15 -12 -10  -9 -10  -9 -16 -15 -13 -16 -18 -18 -19 -19 -21 -24 -20 -15
DST1701*08  X220   0 -16 -16 -16 -13 -12 -13 -14 -12 -12 -19 -17 -17 -18 -17 -15 -18 -23 -22 -20 -18 -20 -22 -27 -30 -18
DST1701*09  X220   0 -28 -24 -22 -21 -19 -17 -16 -13 -12 -11 -10 -13 -15 -16 -22 -20 -19 -18 -15 -12 -14 -16 -19 -18 -17
DST1701*10  X220   0 -20 -21 -19 -17 -17 -16 -11  -5  -4  -6  -8  -9 -10 -15 -12 -10 -16 -23 -21 -22 -22 -19 -17 -16 -15
DST1701*11  X220   0 -17 -13 -10  -8 -10 -13 -17 -15 -12  -7  -4  -2  -5 -11 -12 -10  -8 -10 -12 -13 -17 -19 -16 -13 -11
DST1701*12  X220   0 -10  -9  -6  -7  -7  -7  -6  -2   2   2   1   0  -2  -4  -5  -7  -7  -4  -3  -4  -6  -6  -7  -8  -5
DST1701*13  X220   0  -6  -5  -1   0  -1  -1   0   1   1   0  -2  -2  -3   1   2   0  -2   1  -1   1   0   2   1   1  -1
DST1701*14  X220   0  -7  -6  -2  -2  -2  -4  -2   0   3   4   3   2   3   1   0   2   2   3   5   4   5   6   3   3   1
DST1701*15  X220   0   4   5   5   5   7   8   8  10   9   8   5   7   7   3   6   4   2  -2  -3  -2  -3  -4  -5  -2   3
DST1701*16  X220   0   2   5   3   3   6   8   9  11  10   7   5   6   6   6   7   8   7   6   7   5   5   3   1   2   6
DST1701*17  X220   0   3   2   0  -1  -1   0   0   2   4   6   6   7   5   4  -1  -4  -3   1   5   7   9   8  10  18   4
DST1701*18  X220   0  21  24  27  33  33  17  11   4  -4 -12 -10  -7  -5 -15 -23 -22 -18 -17 -19 -19 -22 -17 -16 -16  -3
DST1701*19  X220   0 -19 -23 -29 -32 -25 -20 -16 -17 -23 -20 -17 -14 -12 -15 -13 -11 -11 -10 -14 -15 -15 -13 -12 -13 -17
DST1701*20  X220   0 -13 -14 -15 -13 -11 -10 -11  -7  -8 -11 -12 -11 -14 -14 -16 -12  -9 -11 -14 -12 -10  -8  -7  -9 -11
DST1701*21  X220   0 -14 -13 -10  -8  -7  -7  -9 -11  -8 -10  -8  -8 -11 -12  -9  -4   4  -3  -7 -15 -18 -15 -16 -12 -10
DST1701*22  X220   0 -11 -23 -28 -24 -12  -9  -8 -10 -12 -12 -13 -12 -16 -16 -12 -11 -11 -11  -7  -8 -10 -11 -10  -9 -13
DST1701*23  X220   0 -11 -14 -16 -14 -10  -8  -8  -5  -2  -3  -2  -3  -6  -7  -7  -5  -4  -5  -5  -7  -7  -9  -8  -6  -7
DST1701*24  X220   0  -9 -13 -15 -15 -12  -9  -8  -9  -8  -7  -6  -5  -6  -5  -4  -1   1  -5  -8  -8  -9  -8  -5  -2  -7
DST1701*25  X220   0   1   1  -4  -7  -9  -9  -9  -8  -4  -3  -2  -1   0  -1  -1   2   2   0   0   2   3   0  -1   1  -2
DST1701*26  X220   0   3   3   1   2   3   1   0   0   4   2   6  13  13   5  -4  -5  -3 -14 -24 -25 -21  -8  -3  -2  -2
DST1701*27  X220   0 -12 -22 -18 -18 -20 -16 -21 -27 -22 -20 -19 -13 -12 -14 -12 -11  -9 -11 -13 -14 -13 -14 -16 -13 -16
DST1701*28  X220   0 -10  -9  -7  -8  -9 -10 -11 -11 -11 -12  -9  -9  -9  -8  -6  -7  -9  -9  -9  -7  -9 -11 -12  -8  -9
DST1701*29  X220   0  -8 -11 -10 -11 -13 -13 -12 -11 -10  -9  -8  -5  -2  -4  -6  -3  -3  -6  -9  -7  -6  -4  -3  -3  -7
DST1701*30  X220   0  -4  -4  -3   1   4   6   8   7   5   7  13  15  15   5   2   1  -1  -5  -6  -4  -4  -6  -6   0   2
DST1701*31  X220   0   2   1   1  -1   1   1   0   5   8 -12  -8  -3  -8  -4  -4  -5 -22 -27 -29 -19 -22 -18 -21 -18  -8
DST1702*01  X220   0 -17 -24 -24 -25 -22 -25 -27 -31 -32 -42 -39 -27 -16 -15 -13  -7 -11 -14 -15 -11 -15 -15 -29 -28 -22
DST1702*02  X220   0 -19 -19 -19 -22 -23 -25 -21 -22 -22 -19 -18 -24 -22 -18 -15 -13 -15 -23 -25 -25 -24 -23 -27 -24 -21
DST1702*03  X220   0 -20 -16 -18 -21 -24 -20 -21 -28 -34 -34 -31 -26 -23 -22 -21 -21 -25 -27 -24 -24 -19 -21 -21 -21 -23
DST1702*04  X220   0 -20 -16 -14 -12 -17 -22 -23 -24 -23 -20 -18 -15 -13 -15 -15 -14 -15 -20 -21 -19 -17 -15 -14 -21 -18
DST1702*05  X220   0 -26 -27 -26 -19 -13 -16 -14 -11 -10 -16 -14 -15 -22 -22 -17 -10 -13 -22 -24 -21 -18 -15 -12 -12 -17
DST1702*06  X220   0 -12 -18 -18 -17 -18 -15 -13 -13 -15 -15 -12 -12 -12 -10  -6  -9  -9 -17 -22 -23 -19 -14 -16 -19 -15
DST1702*07  X220   0 -22 -21 -18 -16 -17 -17 -14 -14 -13 -14 -14 -18 -18 -15 -15  -9  -7 -10 -14 -16 -13 -11  -9  -8 -14
DST1702*08  X220   0  -7  -6  -6  -6  -6  -5  -5  -5  -3   1  -4  -4  -3  -3  -5  -2  -1  -1   1  -3  -4  -4  -1   3  -3
DST1702*09  X220   0   4   5   6   4   0  -2  -4  -7  -3  -2  -4   0  -2   2   4   4   5  -1  -6  -6 -12 -14 -15 -10  -2
DST1702*10  X220   0  -5  -6  -9  -8  -8  -8 -10 -14 -10  -8  -5  -1  -1  -3  -9 -11  -8  -9 -11 -11  -8  -4  -6  -7  -8
DST1702*11  X220   0  -9 -10  -5  -4  -8 -11 -10 -12 -14 -13 -11 -11  -8  -6  -6  -6  -6  -7  -7  -6  -3  -1   1   2  -7
DST1702*12  X220   0   4   8   9   9   7   6   6   4   3   3   3   1   1   0   0   0  -2  -3  -1   0   0  -1  -2   1   2
DST1702*13  X220   0   1   3   2  -3  -4  -1  -1  -3  -2  -5  -7  -7  -4  -2   0   2   1   4   3   4   3   1  -1   0  -1
DST1702*14  X220   0   4   6   7   6   6   5   7   9   9   8   8   6   5   4   3   4   4   4   5   7   6   4   1  -2   5
DST1702*15  X220   0  -3  -2  -1   1   5   7  11   8   1  -1  -2  -2   1   4   4   4   3   2   1  -2  -2   0   4   6   2
DST1702*16  X220   0   8  12  15  14   9   2  -1   0  -2  -1   0  -1  -4  -4  -9 -10  -6   4   2  -4  -3   0   3   6   1
DST1702*17  X220   0   6   6   6   4  -5 -15 -21 -13 -17 -25 -23 -19 -20 -19 -22 -20 -19 -27 -25 -18 -13 -18 -13 -17 -14
DST1702*18  X220   0 -22 -23 -27 -26 -21 -23 -22 -20 -15 -13 -12 -13 -13 -18 -19 -16 -15 -14 -14  -9   1   4  -1 -12 -15
DST1702*19  X220   0 -14 -12 -12 -15 -17 -19 -18 -16 -13  -8  -7  -9 -11 -14 -15 -15 -13 -15 -17 -14 -12  -9  -6  -5 -13
DST1702*20  X220   0  -4  -3  -2  -5 -13 -19 -19 -18 -16 -13 -12 -11 -11 -12 -11 -10 -15 -15 -16 -11 -11  -7  -3  -3 -11
DST1702*21  X220   0  -4  -2  -1  -2  -6  -6  -3  -4  -2   1   1   0  -1  -5  -6  -6  -1   1   4   8  11  13  11   5   0
DST1702*22  X220   0  -1  -2  -3  -6 -12 -15 -14 -15 -18 -17 -10 -10  -9  -5  -7  -9 -13 -19 -16  -9  -6  -3  -2  -3  -9
DST1702*23  X220   0  -3  -6  -4   1  -1  -4  -3  -1  -1   2   9   8   9   9   7   4  -4 -14 -14 -11  -6  -3   0  -2  -1
DST1702*24  X220   0  -7 -12 -15 -10 -15 -23 -18 -16 -15 -16 -15 -14 -14 -15 -13 -15 -18 -17 -16 -12  -9  -6  -6 -11 -14
DST1702*25  X220   0 -17 -18 -18 -18 -16 -16 -17 -17 -13  -9  -7  -6  -7 -10 -10 -10 -10 -10 -12 -10  -7  -5  -6 -10 -12
DST1702*26  X220   0 -14 -14 -12 -10 -10 -10 -10  -8  -6  -5  -2   0  -1  -2  -2  -2  -3  -2  -2   0   2   4   5   3  -4
DST1702*27  X220   0   0  -2  -4  -7  -6  -4  -6  -7  -6  -3  -3   0  -2   1   1  -2  -1   1   0  -6 -12 -13 -13 -12  -4
DST1702*28  X220   0 -13 -14 -16 -17 -13 -11  -8  -6 -10 -14 -11 -13 -12 -13 -16 -18 -19 -20 -19 -15 -16 -11  -6  -5 -13
DST1703*01  X220   0  -1  -2   1   2   8   4   6  13  10   4 -12  -8 -17 -18 -21 -39 -45 -36 -32 -34 -47 -62 -57 -51 -18
DST1703*02  X220   0 -52 -54 -49 -38 -35 -39 -41 -43 -41 -36 -38 -42 -42 -39 -40 -40 -40 -39 -37 -36 -38 -35 -28 -25 -39
DST1703*03  X220   0 -30 -36 -34 -27 -26 -29 -33 -35 -37 -37 -46 -39 -33 -34 -36 -37 -42 -44 -35 -28 -23 -19 -18 -19 -32
DST1703*04  X220   0 -21 -25 -29 -26 -32 -39 -37 -31 -31 -31 -27 -26 -22 -25 -29 -32 -32 -32 -29 -23 -22 -27 -32 -32 -29
DST1703*05  X220   0 -29 -26 -23 -20 -19 -21 -27 -24 -17 -15 -16 -19 -18 -21 -23 -24 -24 -28 -30 -26 -23 -25 -28 -28 -23
DST1703*06  X220   0 -28 -29 -26 -25 -21 -18 -17 -15 -19 -26 -26 -28 -32 -33 -35 -34 -36 -34 -31 -28 -27 -28 -29 -26 -27
DST1703*07  X220   0 -25 -25 -25 -26 -27 -26 -20 -17 -22 -28 -25 -21 -22 -23 -25 -26 -27 -28 -23 -29 -32 -29 -26 -19 -25
DST1703*08  X220   0 -25 -28 -27 -23 -21 -22 -20 -16 -14 -17 -13 -13 -14 -17 -17 -17 -16 -14 -17 -25 -22 -22 -22 -26 -20
DST1703*09  X220   0 -24 -28 -25 -25 -27 -25 -22 -20 -19 -21 -22 -21 -21 -26 -31 -36 -36 -36 -29 -24 -20 -20 -16 -15 -25
DST1703*10  X220   0 -16 -16 -19 -25 -27 -21 -20 -21 -27 -30 -19 -23 -24 -26 -27 -28 -27 -26 -24 -20 -18 -18 -17 -19 -22
DST1703*11  X220   0 -22 -23 -20 -16 -14 -12 -13 -15 -13 -14 -12  -9 -11 -13 -16 -19 -21 -21 -22 -22 -24 -21 -16 -18 -17
DST1703*12  X220   0 -19 -23 -23 -22 -22 -23 -22 -21 -22 -23 -19 -17 -19 -19 -23 -25 -24 -22 -21 -21 -21 -19 -17 -15 -21
DST1703*13  X220   0 -15 -15 -13 -10  -8  -6  -6  -5  -6  -6  -4  -4  -4  -1  -2  -3  -3  -5  -5  -6  -5  -4  -4  -5  -6
DST1703*14  X220   0  -5  -6  -9  -8 -10 -10  -8  -7  -8  -8  -8  -7  -5  -8 -11 -11 -10  -9 -10  -4  -9  -8  -7  -1  -8
DST1703*15  X220   0  -4  -5  -5  -3  -4  -8  -7  -5  -3  -1   6  13   9   3  -1   0   7   3   2   5   0   3   4   0   0
DST1703*16  X220   0  -6 -13 -18 -19 -16 -12  -9  -6  -8 -10 -10  -7  -8 -11 -11  -9  -6  -6  -6  -4  -8  -8 -12 -11 -10
DST1703*17  X220   0  -5  -5  -4  -4  -5  -3   0   1   3   4   4   3   1  -1  -2  -2  -1   0   0   2   0  -2  -4  -6  -1
DST1703*18  X220   0  -5  -5  -3  -1  -2  -2  -1   2   4   2   0   0  -1  -1  -1   1   3   4   4   4   1   1   4   4   1
DST1703*19  X220   0   2   2   5   5   5   2   0   0   2   3   4   5   7   5   3   2   0   0   0   1   1   3   0  -2   2
DST1703*20  X220   0  -3  -4  -5  -3  -1  -1   0   2   1  -2  -2  -1   1   3   5   4   2   1   2   2   3   4   3   8   1
DST1703*21  X220   0  10  15  19  20  12  16  19  -1  -4   4  11   6   4  -1  -9 -15 -23 -19 -24 -14 -18 -16  -9 -14  -1
DST1703*22  X220   0 -13 -16 -15 -14 -15 -24 -18 -15 -20 -18 -25 -29 -22 -16 -18 -16 -19 -18 -18 -15 -14 -12 -20 -32 -18
DST1703*23  X220   0 -32 -31 -34 -38 -35 -32 -26 -22 -19 -18 -13  -7  -4  -4  -6  -5  -9 -12  -5   2   4   5   3   3 -14
DST1703*24  X220   0   5   7   3  -1  -4  -6  -4  -7  -7  -6  -5  -3  -1  -1  -3   0  -2  -3  -3  -4  -5  -6  -9 -10  -3
DST1703*25  X220   0  -9  -7  -4  -4  -6  -8  -5  -4  -5  -8  -9  -4  -1  -1  -1  -3  -6  -7  -6  -3  -2  -4 -11 -12  -5
DST1703*26  X220   0 -12  -9  -7  -6  -5  -6  -7  -4  -3  -2  -1   2   3   2   1   2   1   1   0   4   8  13  11   9   0
DST1703*27  X220   0  11   9   5   3  -2 -17 -39 -29 -23 -39 -65 -51 -45 -63 -70 -69 -71 -58 -48 -45 -33 -37 -32 -30 -35
DST1703*28  X220   0 -39 -54 -49 -60 -53 -49 -41 -35 -36 -43 -32 -30 -28 -31 -25 -29 -32 -30 -28 -32 -33 -32 -30 -32 -37
DST1703*29  X220   0 -39 -38 -41 -38 -37 -34 -41 -39 -41 -34 -38 -29 -23 -23 -30 -32 -31 -30 -30 -26 -26 -31 -34 -32 -33
DST1703*30  X220   0 -31 -35 -33 -34 -37 -42 -33 -26 -26 -28 -26 -22 -22 -20 -20 -22 -18 -20 -21 -27 -23 -29 -37 -37 -28
DST1703*31  X220   0 -32 -33 -40 -45 -46 -40 -51 -35 -39 -36 -30 -30 -28 -29 -27 -30 -30 -32 -26 -22 -27 -23 -24 -24 -32
DST1704*01  X220   0 -24 -25 -27 -27 -29 -32 -31 -34 -37 -30 -30 -32 -28 -25 -31 -29 -25 -27 -28 -26 -28 -27 -28 -28 -29
DST1704*02  X220   0 -27 -31 -33 -32 -29 -29 -26 -21 -19 -20 -19 -15 -16 -18 -19 -21 -21 -19 -17 -18 -17 -19 -22 -22 -22
DST1704*03  X220   0 -23 -24 -24 -23 -18 -11  -4  -2  -7  -9 -12 -15 -17 -17 -18 -20 -18 -15 -13 -12 -13 -15 -16 -16 -15
DST1704*04  X220   0 -17 -17 -15  -7  -3 -18 -46 -56 -55 -58 -66 -66 -47 -35 -35 -36 -31 -27 -25 -25 -24 -25 -21 -20 -32
DST1704*05  X220   0 -19 -18 -18 -16 -13 -14 -11  -4  -5 -10  -8  -8  -9 -10 -10 -13 -11   0   3   4  -4 -10  -7  -9  -9
DST1704*06  X220   0 -10 -11 -13 -16 -17 -13  -6  -1  -1  -3  -5 -12 -21 -23 -24 -25 -24 -23 -21 -21 -20 -20 -22 -22 -16
DST1704*07  X220   0 -22 -26 -24 -21 -20 -15  -7  -7  -8  -4  -8 -10 -11 -12 -12 -12 -12 -11 -11  -5 -13 -13 -11 -17 -13
DST1704*08  X220   0 -18  -8 -13 -21 -23 -20 -16 -17 -24 -31 -28 -16 -11 -11 -11 -13 -14  -9  -8 -11 -10  -8 -21 -27 -16
DST1704*09  X220   0 -32 -33 -33 -34 -38 -29 -25 -28 -27 -26 -35 -33 -19 -19 -19 -24 -19 -17 -18 -18 -18 -15 -14 -12 -24
DST1704*10  X220   0  -9  -8 -10 -12 -10  -6  -2   3   4   7   5   6   5   3   3   2   2   1  -1  -1   1  -1  -1  -3  -1
DST1704*11  X220   0  -6  -3  -2  -3  -4  -4  -3 -11 -14 -15  -8  -7  -4  -5 -14 -15 -17 -13 -25 -21 -19 -15 -10  -7 -10
DST1704*12  X220   0  -6 -13  -9  -8 -12 -14 -11 -12 -12 -10 -12 -13 -16 -16 -16 -15 -14 -14 -13 -13 -10  -9 -10 -10 -12
DST1704*13  X220   0  -8  -6  -6  -9 -12 -13  -6   0   0  -3  -5  -5  -5  -5  -5  -4  -7 -11 -11  -9  -2  -1  -4  -6  -6
DST1704*14  X220   0  -7 -10 -13 -15 -22 -29 -29 -26 -28 -26 -25 -18 -22 -23 -22 -22 -25 -31 -30 -27 -28 -28 -25 -27 -23
DST1704*15  X220   0 -26 -25 -23 -23 -23 -22 -22 -18 -16 -15 -15 -14  -9  -7  -5  -8 -12 -15 -14 -14 -14 -12 -12  -8 -16
DST1704*16  X220   0  -8  -6  -5  -5  -7  -8  -6 -10 -15 -15 -17 -15 -12 -10 -10  -9  -9  -7  -3  -6  -8 -11  -9  -7  -9
DST1704*17  X220   0  -6  -5  -3  -2  -1  -1  -3  -8  -9  -6  -5  -6  -9  -7  -5  -5  -4  -3  -5  -6  -6  -6  -7  -5  -5
DST1704*18  X220   0  -2  -1   2   3   1   2   3   6   9   8   5   1  -2  -2   0   1   8   9  10  14  16  20  17  12   6
DST1704*19  X220   0  15  12   0 -11 -30 -43 -33 -29 -30 -20 -16 -16 -16 -13 -11  -5  -5  -5  -7  -7 -12  -4   2   9 -11
DST1704*20  X220   0   3 -14 -22 -43 -54 -43 -54 -51 -38 -39 -43 -44 -40 -32 -30 -31 -31 -32 -29 -29 -29 -20 -21 -22 -33
DST1704*21  X220   0 -20 -20 -21 -21 -21 -18 -17 -15 -13 -13 -13 -15  -9 -12  -7  -2  -1  -8 -18 -20 -31 -44 -40 -36 -18
DST1704*22  X220   0 -33 -31 -46 -49 -61 -47 -42 -49 -64 -63 -61 -53 -34 -33 -45 -57 -55 -47 -50 -44 -44 -41 -41 -51 -48
DST1704*23  X220   0 -43 -32 -33 -39 -50 -52 -50 -47 -61 -49 -46 -35 -33 -37 -41 -40 -40 -42 -40 -42 -53 -51 -49 -49 -44
DST1704*24  X220   0 -44 -41 -45 -50 -54 -45 -36 -44 -51 -47 -43 -35 -32 -31 -28 -31 -35 -40 -45 -44 -39 -38 -40 -37 -41
DST1704*25  X220   0 -38 -41 -44 -46 -39 -32 -34 -38 -37 -29 -28 -25 -28 -29 -27 -27 -29 -29 -31 -35 -38 -37 -37 -36 -34
DST1704*26  X220   0 -33 -32 -30 -30 -29 -27 -22 -24 -24 -25 -26 -25 -22 -24 -23 -25 -25 -28 -32 -38 -37 -30 -24 -22 -27
DST1704*27  X220   0 -23 -27 -31 -33 -34 -36 -36 -36 -32 -30 -27 -24 -20 -20 -20 -21 -21 -20 -23 -27 -25 -22 -18 -15 -26
DST1704*28  X220   0 -13 -13 -12 -14 -19 -28 -29 -30 -30 -31 -30 -25 -20 -17 -15 -14 -19 -22 -22 -24 -26 -28 -29 -27 -22
DST1704*29  X220   0 -24 -21 -17 -18 -17 -18 -17 -16 -23 -25 -23 -19 -16 -16 -18 -14 -12 -11 -13 -16 -18 -18 -20 -22 -18
DST1704*30  X220   0 -20 -19 -14 -11 -12 -16 -15 -14 -15 -13 -11 -13 -11  -9  -8  -6  -4  -4 -10 -15 -15  -8  -2   2 -11
DST1705*01  X220   0   4  -2  -2  -4 -11 -12  -5   0   0   0   1   0  -1   0   0   2   1   0   0  -3  -6  -5  -3  -3  -2
DST1705*02  X220   0  -2  -2   1   0  -6  -2   1   3   0   2   1  -5  -4  -2   2   5   3   2   2   0  -2  -5  -8  -7  -1
DST1705*03  X220   0  -2   1   3   3   3   3   4   3   0  -1  -3  -5  -3   0  -1   2   2   4  -1  -2  -2  -2  -1   1   0
DST1705*04  X220   0   4   8   8   6   3   5   6   4   3   5   2   2  -1  -2   0   0   0   1   2  12  12   5   6   1   4
DST1705*05  X220   0  -1  -1   1   8   7   3   1   2   2   2   2   2   1  -2  -4  -3  -2  -1  -1   1   3   4   4   4   1
DST1705*06  X220   0   6   7  11   8   8  12  10   9  11  15  19  13   9   6   3   5   6   7  10   7   5   3   2   3   8
DST1705*07  X220   0   3   2   3   0  -4  -4  -2  -5  -6   1   4   3   3   0  -3  -7 -10 -11 -14 -14 -13 -13 -13 -12  -5
DST1705*08  X220   0 -12  -7  -3  -5  -5  -8 -10  -6  -1   2   5   7   7   7   7   2  -3  -6  -5  -4  -7  -8  -6  -5  -3
DST1705*09  X220   0  -5  -3  -1   0  -2  -6  -6  -1   2   5  10   8   8   6  16  24  23  13   8   4  -2  -3   0   1   4
DST1705*10  X220   0   5   6   4   1   0   3   4   3   4   5   5   6   7  10   6   4   7   8   6   4   0   1   0   2   4
DST1705*11  X220   0   8  10  10   9   6  -4   2   3   6   8   7   5   7   7  10   8  11  16  17  14  10  11  11  15   9
DST1705*12  X220   0  18  16  11   7   1   1   3   6   3   7   7   6   2   3   5   3   1  -1  -4  -5  -6  -3   0  -1   3
DST1705*13  X220   0  -2  -2   1  -1  -3   1   6  10  11  11  10  10   8   8   7   8   9   8   5   4   5   8  10   8   6
DST1705*14  X220   0   5   2   7   8  14  14  22  23  26  31  36  27  17  10  11   7   3   3   0   1   9   9  10   9  13
DST1705*15  X220   0   8   8   9  12  14  21  20  21  20   3  -2  -5   3  13  11  15  15  11   8   4   2   5   6   7  10
DST1705*16  X220   0   5   1  -7 -11 -12  -8  -8  -4  -2  -3   0   3   1  -3  -5  -1   1   1   2  -1  -4  -6  -4  -3  -3
DST1705*17  X220   0  -1  -2  -1  -2   0   0  -4 -13 -17 -17  -9  -4  -9 -10  -9  -7  -6  -7  -5  -5  -4  -2  -3  -1  -6
DST1705*18  X220   0  -4  -7  -5  -9 -26 -35 -31 -24 -18 -17 -12  -9  -9  -8  -6   0   1   1  -1  -3  -4  -2  -1   0 -10
DST1705*19  X220   0  -1  -4   0  14  14  19  20  15   3   1   3   6   6   2  -3 -11 -14 -18 -22 -26 -26 -25 -20 -14  -3
DST1705*20  X220   0  -8 -18 -32 -27 -18 -17 -23 -36 -44 -31 -30 -30 -31 -40 -40 -30 -27 -29 -32 -29 -32 -31 -27 -25 -29
DST1705*21  X220   0 -24 -21 -21 -22 -25 -27 -27 -27 -32 -29 -27 -23 -21 -20 -21 -21 -21 -20 -19 -20 -17 -17 -19 -18 -22
DST1705*22  X220   0 -18 -19 -18 -17 -20 -23 -20 -14 -17 -20 -14 -16 -19 -20 -17 -17 -19 -20 -20 -19 -20 -23 -23 -16 -19
DST1705*23  X220   0 -13 -15 -21 -25 -24 -25 -21 -17 -15 -15 -12 -13 -17 -18 -19 -18 -15 -15 -16 -15 -16 -17 -15 -13 -17
DST1705*24  X220   0 -13 -15 -16 -15 -17 -14 -11  -8  -9 -10 -10  -9 -11 -15 -17 -16 -15 -15 -11  -8  -9 -10 -10 -10 -12
DST1705*25  X220   0 -11 -12 -11 -10 -11 -10  -8  -5  -4  -5  -4   0  -1  -4  -3  -3  -4  -4  -5  -7  -8  -7  -7 -11  -6
DST1705*26  X220   0 -12 -10  -7  -3   0   2   2   1   0   2   2  -2  -3  -2  -1   0   0   0   0   2   2   0  -1  -4  -1
DST1705*27  X220   0  -5  -6  -6  -2  -2   0   1   2   3   3   4   3   2   2   2  10  23  25  29  30  34  35  11 -28   7
DST1705*28  X220   0 -51 -69 -84 -95-102-115-132-146-130-116-113 -96 -83 -70 -71 -70 -66 -64 -60 -57 -55 -48 -39 -31 -82
DST1705*29  X220   0 -28 -26 -25 -25 -25 -23 -21 -18 -14  -8 -11 -13 -11 -13 -22 -33 -37 -39 -42 -40 -40 -38 -34 -32 -26
DST1705*30  X220   0 -27 -17 -16 -26 -30 -26 -23 -19 -20 -21 -26 -26 -25 -24 -23 -22 -22 -22 -22 -20 -21 -24 -22 -22 -23
DST1705*31  X220   0 -21 -20 -19 -19 -16 -16 -17 -19 -19 -20 -21 -20 -16 -11 -12  -9  -9  -7  -6  -3   0   6  10  11 -11
DST1706*01  X220   0  12  11   6   5   3   4   1   0   5   3   6   7   9  13  12  14  18  23  18   7   0  -2   6   5   8
DST1706*02  X220   0  -2  -9 -11  -8  -3  -2   1   1  -4  -4  -3  -3  -3  -4  -3   0   0   0   0  -3  -5  -5  -5  -4  -3
DST1706*03  X220   0  -5  -5  -5  -2  -3   0   2   3   7  15  20  22  13  -1  -8 -14 -18 -10 -13 -11 -13 -12 -11 -10  -2
DST1706*04  X220   0 -10 -14 -15 -15 -14 -11  -9  -9  -9  -9  -9  -7  -8  -7  -7  -5  -5  -6  -5  -3  -4  -4  -3   1  -8
DST1706*05  X220   0   0   0   0   0  -1   2   2   4   0  -1   2   6   6   6   3   6   9   7   6   6   5   3   2   3   3
DST1706*06  X220   0   0  -1  -5  -7 -12  -9  -6   0  -1   2   2  -1  -1   1   5   9  10   9   5   4   2   2   3   3   1
DST1706*07  X220   0   1  -2  -3  -5  -1   3  10   9   7   5   4   3   2   5   9  11   6   5   4   3   4   3   6   6   4
DST1706*08  X220   0   8   5   7   6   6   7   6   4   3   2   3   5   4   0   0   2   2   2   2   0   1   4   6   9   4
DST1706*09  X220   0   5   6  10  13  11  10   9   7   6   7   6   5   4   5   5   7   7   5   4  -1  -4  -4  -2   0   5
DST1706*10  X220   0   1   3   6   8   7   9   7   8   7   7   8  10  13  15  15  13  12  11   9   7   8   8   9   8   9
DST1706*11  X220   0   7   8  13  18  18  15  12  10   4  -2  -1   5  14  19  22  12   6   1  -5 -10  -9  -6  -8  -8   6
DST1706*12  X220   0  -8  -6  -6  -7  -7  -6  -5  -3  -2  -3   0   1  -3  -1  -3  -3   1   3   3  -1  -4  -4   0  -3  -3
DST1706*13  X220   0  -7  -7  -6  -5  -3   0   4   5   3  -1  -5   1   1   2   3   4   3   1   0  -2  -2  -1  -4  -2  -1
DST1706*14  X220   0  -3  -5  -5  -3  -4  -5  -5  -2  -2  -2  -2  -5  -7  -6  -2   2   1  -3  -5  -7  -3   1   1   0  -3
DST1706*15  X220   0  -3  -3  -2   5   6   5   5   6   7   7   8   9  10   9   7   7   9   9   9   6   6   9  12  16   7
DST1706*16  X220   0  16  17  20  24  25  24  29  33  19  -6  -4   2   6   8   4 -11 -18 -12 -17 -23 -19 -17 -18 -27   2
DST1706*17  X220   0 -27 -26 -20 -18 -25 -18 -13  -9  -7  -8 -14 -10  -4  -6  -8  -8  -8  -5  -4 -12 -15 -12 -13 -11 -13
DST1706*18  X220   0 -14 -22 -27 -22 -18 -13 -11  -9 -18 -18 -14 -12 -12 -13 -11 -11 -13 -14 -14 -16 -16 -17 -12 -12 -15
DST1706*19  X220   0 -13 -16 -14 -11 -15 -14 -16 -15 -16 -15 -12 -11  -9 -11 -11 -11 -10 -12 -16 -19 -17 -14 -12 -10 -13
DST1706*20  X220   0  -9 -10 -11 -11  -8  -5  -6  -4  -5  -5  -6  -7  -8  -8  -7 -10 -12 -10  -7  -8  -6  -5  -6  -3  -7
DST1706*21  X220   0  -5  -7  -6  -4  -3  -3   0   0   2   4   1  -5  -6  -9 -11  -8  -7  -7 -12 -17 -19 -20 -19 -19  -8
DST1706*22  X220   0 -20 -18 -15 -17 -20 -21 -19 -15 -11  -7  -5  -5  -5  -5  -4  -4  -2   0   0   0   4   7   7   9  -7
DST1706*23  X220   0  14  16  16  16  13  11  12  14  12  13  11   9   8  12  12  12  10  11   7   8  11  16  14   4  12
DST1706*24  X220   0   1   0   0  -5  -9  -8 -12 -12  -4   2  -5 -13 -11  -4  -2  -3  -5  -8  -8  -5  -1  -1   1  -1  -5
DST1706*25  X220   0  -3  -3  -2   0  -5 -13 -30 -31 -17  -2  -2  -5  -2   0   0   0  -1   1  -3  -5 -10 -16 -13  -9  -7
DST1706*26  X220   0 -10  -8  -8  -6  -4  -5  -5  -1   2  -2 -11  -6  -4  -2  -3  -4  -4  -5  -2  -2  -5  -2  -2  -5  -4
DST1706*27  X220   0  -8 -10  -7  -9 -12  -9 -12  -8  -6  -2  -1  -2   1   3   1   4   2   0  -1  -2  -3  -2   1   1  -3
DST1706*28  X220   0   3   4   1  -2  -4  -5  -2  -1  -3   1   2   2   3   5   4   2   1  -1   0   1   5   8   8   7   2
DST1706*29  X220   0   6   8   8   6  10   8  -2   3   3  -2  -2  -1  -4  -5  -4  -3  -2   1   0  -3  -4  -4  -2   1   1
DST1706*30  X220   0   4   7   6   2  -1   1   1   4   8   9   6   5   6   6   8  10  11  10  11   9   7   6   8  12   7
DST1707*01  X220   0  14  12   9   6   3 -12 -13  -8   0   8   7   2   3   4  -1  -5  -5   6  10   8  11   9   2  -2   3
DST1707*02  X220   0   6   0   4   5   4 -10 -18 -22 -23 -16  -3   1 -10 -17 -18 -13 -10  -9  -9  -1   2   0  -4  -1  -7
DST1707*03  X220   0   4  10   9  12   5  -5  -7  -6  -2  -2   0  -4  -1   1   0   0  -1   0   0   0  -4  -5  -3  -4   0
DST1707*04  X220   0  -2   0   1  -4  -8  -8  -7  -5   0   4   6   5   5   5   3   2   1  -1  -3  -4  -6  -7  -6  -2  -1
DST1707*05  X220   0  -2  -3  -5  -6  -5  -4  -4  -4  -3  -1   0   0  -1   0   1   2   2   1   1  -1  -4  -4  -3   0  -2
DST1707*06  X220   0   6  10  12  11  10   9   6   5  10  13  12  12  12  10   8   6   4   1  -3 -10 -11  -9  -9 -13   4
DST1707*07  X220   0 -11  -5  -5  -4  -1  -4  -2   2   5   7   5   6   7   6   1   0   0   0  -1   0  -2  -3  -2   0   0
DST1707*08  X220   0   1   1   2   1  -1  -2   0   3   7   9   7   6   7   7   6   5   6   4   0  -3  -2   1   2  -1   3
DST1707*09  X220   0   6   7  -3   8  10  14  -1   2   9   1 -26 -17  -7  -9  -7  -7  -9 -18 -17 -25 -24 -20 -17 -24  -7
DST1707*10  X220   0 -27 -24 -22 -33 -27 -24 -25 -23 -19 -14 -10  -9 -10  -7  -6  -4  -3  -2  -6  -9  -9  -7  -4  -2 -14
DST1707*11  X220   0   1   2  -1   0  -6 -17 -18 -19 -16 -10  -6  -1   0   0  -4  -4  -6  -8  -9 -13 -10  -5  -4  -8  -7
DST1707*12  X220   0  -7  -2  -2  -2  -6 -11 -16 -14 -10  -8  -7  -6  -4  -4  -7  -5  -5  -5  -6  -8  -7  -4  -2  -2  -6
DST1707*13  X220   0  -3  -5  -4  -5  -6  -6  -5  -4  -2   2   3   0   1   2  -1  -2  -2  -2  -3  -5  -4  -3  -3  -4  -3
DST1707*14  X220   0  -5  -3   1   4   2  -3  -3   1   6   7   9   8  10   7   4   4   3   6  11  14  16  12  11   8   5
DST1707*15  X220   0   3   3   6   4   3   0   1   2   5   5  10   8  10  11  11  12  10   7   8  10  10   7   6   6   7
DST1707*16  X220   0   5  10  14  14  12   8  45  19 -13  -7 -23 -37 -65 -71 -64 -68 -56 -48 -38 -38 -37 -46 -36 -30 -23
DST1707*17  X220   0 -39 -42 -44 -43 -38 -48 -64 -69 -55 -57 -61 -51 -39 -38 -39 -37 -47 -42 -39 -38 -37 -30 -28 -29 -44
DST1707*18  X220   0 -29 -27 -26 -31 -33 -39 -37 -35 -36 -32 -32 -31 -29 -28 -29 -29 -29 -32 -35 -35 -31 -29 -30 -30 -31
DST1707*19  X220   0 -27 -25 -23 -24 -25 -28 -29 -27 -23 -22 -20 -18 -16 -15 -14 -13 -13 -14 -13 -15 -15 -15 -13 -11 -19
DST1707*20  X220   0  -7  -3   1   0  -3  -4  -6  -3   0   2   1   8  10  10   9   8   8   4   5   2  -2 -10  -6  -7   1
DST1707*21  X220   0  -6 -15 -26 -26 -20 -15 -23 -36 -30 -23 -16 -11 -11 -13 -17 -21 -20 -17 -14  -9  -7  -8  -6  -5 -16
DST1707*22  X220   0  -6  -2   4  -6 -17 -20 -22 -22 -29 -30 -26 -19  -9  -7  -8  -9 -14 -15 -12 -10 -13 -15 -16 -16 -14
DST1707*23  X220   0 -20 -17 -10  -6 -14 -24 -32 -36 -29 -28 -22 -27 -28 -22 -12 -14 -16 -18 -20 -20 -15 -17 -24 -19 -20
DST1707*24  X220   0 -12  -5  -1   0  -4 -12 -17 -22 -14 -12 -10  -9 -11  -8  -8  -7  -7  -9  -8 -10 -11 -16 -18 -23 -11
DST1707*25  X220   0 -23 -18 -13  -8  -6  -8 -12 -20 -18 -12  -4  -1   1   1   2  -3  -7 -10 -16 -18 -17 -12 -14 -21 -11
DST1707*26  X220   0 -16 -12 -10  -4  -5 -10 -14 -23 -20 -13 -10  -9  -7  -9  -8  -7  -7 -11 -15 -16 -19 -21 -22 -23 -13
DST1707*27  X220   0 -28 -27 -23 -20 -18 -20 -19 -19 -18 -16 -13  -8  -8  -8 -10 -11 -10  -6  -4  -5  -3  -1  -4  -3 -13
DST1707*28  X220   0  -2  -3  -4  -7  -8 -14 -15 -14 -10  -7  -9 -10  -7  -4  -5  -4  -8  -9 -10 -14 -11 -13 -10  -8  -9
DST1707*29  X220   0  -8  -9  -6  -7  -8 -10 -13 -13 -13 -16 -17 -14 -10  -7  -6  -7  -9 -14 -16 -17 -14 -11  -8  -8 -11
DST1707*30  X220   0  -3  -2   4   4  -1  -4  -7  -8 -12 -12 -10  -7  -4  -2  -2  -1  -1  -1  -2  -5  -2   2   2   0  -3
DST1707*31  X220   0  -3  -2  -5  -3   1   6   5   2  -2  -3  -2  -1  -2  -1  -1   1   1  -3  -3  -1   4   9  11  10   1
DST1708*01  X220   0   5   4   2   0  -3  -1   3   7   6   3   3   7   6   2   6   3   4   2   1   1   3   3   3   5   3
DST1708*02  X220   0   1   2   3   6   5   7   5   6   4   4   3   2   3   4   3  -5  -5  -4  -4  -5  -6  -7  -3  -1   1
DST1708*03  X220   0  -1   1   1   2  -1  -3  -3   0   1   4   6  11  12  12  11   8   5  -1  -1  -3   1   5   5  14   4
DST1708*04  X220   0  20  31  29  30  35  29  17  10 -12 -24 -22 -33 -27 -25 -32 -32 -28 -29 -26 -24 -20 -19 -14 -14  -8
DST1708*05  X220   0 -15 -15 -10  -9 -19 -29 -27 -30 -25 -18 -18 -20 -19 -18 -17 -11 -11 -15 -14 -17 -17 -17 -19 -20 -18
DST1708*06  X220   0 -23 -18 -12  -7  -8 -11  -9 -10 -12 -20 -22 -19 -16 -15 -15 -15 -14 -16 -20 -19 -16 -12 -12  -9 -15
DST1708*07  X220   0  -8 -10  -8 -10  -9  -7  -8 -11 -15 -17 -15 -15 -16 -15 -11 -11 -10 -10  -9  -7  -7  -5  -4  -6 -10
DST1708*08  X220   0 -11 -15 -15 -16 -11  -9  -5  -5  -9 -10  -8  -7  -3   0   1   3   2  -3  -4  -2   4   9   9   5  -4
DST1708*09  X220   0   2   0  -4  -4  -2  -1  -3  -3   0  -1  -3  -1  -3  -6  -4  -3  -2   0   0  -3  -4  -5  -3  -1  -2
DST1708*10  X220   0  -1   0   1   0   0   0   0  -4  -5  -5  -4  -6  -8  -4  -2   2   3   3   3   7  10   9   6   1   0
DST1708*11  X220   0  -1   5  11   9   4  -5  -6  -4   0   3   6   4   3   2   2   3   2   4   5  -3  -1   7   9  10   3
DST1708*12  X220   0   6  -1  -2  -4  -1   1   2  -1  -6   1   3   7   6   3   3   2   4   4   3  -3  -7  -8  -6  -5   0
DST1708*13  X220   0 -11 -11  -8  -8  -4  -3  -3  -4  -3  -3  -1  -3  -5  -6  -3  -1  -2  -3  -8  -7  -4   0   1   1  -4
DST1708*14  X220   0  -6  -9 -10  -7  -5  -7  -7  -6  -5  -6  -3  -4  -5  -8  -6  -5  -5  -5  -8  -6  -2   2   4   1  -5
DST1708*15  X220   0   0  -1   0  -4  -3  -2   0   2   2   0   2   3   1   0   0   2   4   3   4   7   8   8   7   7   2
DST1708*16  X220   0   9  12   8   6   6   4   1  -6  -8  -2   3   4   1  -2   2   3   4   3   3   4   5   5   3   7   3
DST1708*17  X220   0   9   5   7   3  -2  -2   4   6 -13 -28 -36 -33 -31 -33 -27 -27 -26 -26 -28 -25 -22 -21 -23 -21 -16
DST1708*18  X220   0 -21 -20 -15 -16 -16 -12 -11 -17 -20 -16 -10 -10 -14 -16 -24 -20 -15 -20 -24 -25 -21 -10  -8  -9 -16
DST1708*19  X220   0 -12 -16 -16 -16 -16 -27 -33 -24 -51 -41 -23 -24 -16 -18 -16 -16 -12 -12 -16 -15 -12 -14 -12 -17 -20
DST1708*20  X220   0 -25 -28 -27 -41 -41 -35 -34 -34 -26 -26 -26 -21 -17 -17 -16 -18 -18 -15 -14 -18 -17 -22 -23 -20 -24
DST1708*21  X220   0 -16 -15 -16 -16 -17 -15 -13 -13 -18 -23 -22 -15 -11  -9 -10 -12 -10 -10  -8  -8  -7  -6  -3  -3 -12
DST1708*22  X220   0  -4 -14 -24 -29 -25 -20 -31 -33 -30 -30 -30 -25 -22 -19 -19 -19 -14  -7  -1  -2  -7  -8 -14 -17 -19
DST1708*23  X220   0 -17 -22 -24 -31 -33 -36 -38 -38 -47 -44 -39 -41 -52 -52 -43 -42 -43 -43 -32 -40 -36 -35 -39 -39 -38
DST1708*24  X220   0 -36 -30 -26 -26 -32 -35 -35 -38 -36 -31 -30 -33 -35 -35 -29 -19 -17 -18 -18 -14 -14 -20 -22 -21 -27
DST1708*25  X220   0 -21 -18 -16 -15 -19 -17 -16 -15 -11  -9  -5  -3  -3  -6 -10 -12  -9  -9  -9  -8 -12 -13 -12 -12 -12
DST1708*26  X220   0 -11 -11 -11 -12 -12 -10  -9 -10  -7  -7  -7  -6  -7  -7  -9  -7  -4  -6  -6  -6  -7  -8  -8  -9  -8
DST1708*27  X220   0  -9  -8 -12 -13 -13  -7  -1  -3  -4  -8 -18 -19 -11  -7  -5  -7  -7 -15 -20 -29 -33 -39 -39 -36 -15
DST1708*28  X220   0 -32 -30 -28 -26 -26 -26 -22 -21 -23 -24 -26 -28 -24 -20 -18 -19 -20 -17 -12  -9  -8 -10 -11 -10 -20
DST1708*29  X220   0  -8  -1   1   2   0  -6  -7  -6  -1   2   0  -3  -5  -3  -2  -2   0   9  12   7  -6  -8  -9  -9  -2
DST1708*30  X220   0  -9 -12 -16 -16 -13 -11  -6  -2  -2  -5  -7  -7  -6  -6  -5  -3  -1   1   2   3   3   2   2  -1  -5
DST1708*31  X220   0  -1  -1   9  10  11  21  60  37  -1 -42 -57 -68 -63 -63 -62 -58 -53 -43 -43 -42 -42 -38 -36 -34 -25
DST1709*01  X220   0 -33 -37 -34 -30 -29 -20 -14 -15 -11 -26 -44 -45 -29 -28 -31 -32 -26 -24 -21 -21 -22 -27 -27 -27 -27
DST1709*02  X220   0 -21 -17 -26 -32 -44 -35 -25 -33 -39 -48 -41 -34 -28 -28 -30 -27 -23 -19 -19 -24 -23 -24 -24 -23 -29
DST1709*03  X220   0 -23 -26 -26 -25 -24 -24 -17 -13 -13 -16 -22 -25 -24 -21 -21 -18 -19 -19 -16 -15 -16 -15 -12 -12 -19
DST1709*04  X220   0 -20 -23 -24 -32 -28 -24 -18 -10 -10 -11 -12 -11 -16 -20 -20 -16  -9  -4 -10 -11  -6 -10 -12 -14 -15
DST1709*05  X220   0 -12 -13 -22 -27 -27 -24 -19 -18 -11  -9  -8  -8 -13 -19 -20 -19 -17 -17 -20 -17 -16 -16 -18 -14 -17
DST1709*06  X220   0 -12 -10 -10 -10  -3  -6  -4  -4  -4  -4  -6  -8  -3 -10 -20 -21 -16 -16 -16 -13 -13 -16 -18 -10 -11
DST1709*07  X220   0  19  29  24  15  -2 -14  -6 -17 -23 -26 -27 -28 -17 -17 -21 -25 -19 -16 -12  -7  -8 -18 -44 -86 -14
DST1709*08  X220   0-128-148-132-116-130-119-114-112 -89 -73 -66 -65 -90-114-116-123-108-117-101-103-106 -98-108-100-107
DST1709*09  X220   0 -96 -94 -91 -87 -84 -83 -79 -72 -70 -68 -70 -68 -65 -67 -67 -66 -64 -60 -59 -58 -59 -60 -62 -64 -71
DST1709*10  X220   0 -63 -63 -63 -61 -56 -52 -48 -43 -41 -43 -45 -45 -45 -47 -48 -48 -50 -46 -43 -38 -45 -49 -58 -51 -50
DST1709*11  X220   0 -48 -47 -48 -44 -43 -45 -44 -41 -35 -31 -35 -30 -28 -27 -28 -31 -30 -30 -29 -29 -32 -36 -37 -41 -36
DST1709*12  X220   0 -35 -33 -33 -28 -25 -22 -19  -9 -12 -20 -29 -41 -45 -42 -37 -35 -31 -31 -27 -24 -11  -9 -15 -27 -27
DST1709*13  X220   0 -49 -41 -38 -39 -49 -56 -46 -45 -42 -34 -32 -28 -25 -26 -28 -32 -31 -28 -27 -28 -31 -35 -36 -34 -36
DST1709*14  X220   0 -33 -25 -22 -24 -27 -28 -25 -22 -19 -15 -18 -10   1  -4 -12 -37 -42 -47 -50 -49 -52 -47 -44 -41 -29
DST1709*15  X220   0 -51 -47 -46 -50 -55 -47 -41 -41 -30 -38 -30 -36 -26 -36 -42 -46 -40 -32 -26 -32 -32 -36 -36 -41 -39
DST1709*16  X220   0 -40 -45 -52 -54 -62 -71 -56 -44 -37 -40 -38 -36 -29 -35 -39 -44 -45 -42 -36 -34 -35 -33 -36 -37 -43
DST1709*17  X220   0 -36 -34 -36 -43 -44 -39 -36 -21 -17 -17 -17 -19 -19 -34 -39 -40 -47 -47 -41 -35 -34 -36 -35 -30 -33
DST1709*18  X220   0 -26 -26 -34 -38 -39 -37 -39 -48 -53 -34 -35 -42 -44 -37 -37 -36 -32 -34 -34 -28 -29 -34 -33 -32 -36
DST1709*19  X220   0 -26 -22 -20 -20 -23 -26 -24 -21 -16 -16 -22 -29 -29 -26 -26 -26 -27 -29 -25 -27 -29 -37 -43 -41 -26
DST1709*20  X220   0 -37 -37 -40 -42 -39 -36 -33 -28 -25 -25 -25 -33 -32 -29 -25 -23 -23 -22 -20 -18 -17 -17 -18 -17 -28
DST1709*21  X220   0 -17 -17 -20 -23 -26 -27 -27 -24 -24 -26 -25 -24 -20 -18 -22 -23 -21 -16 -16 -20 -23 -31 -33 -35 -23
DST1709*22  X220   0 -31 -30 -28 -26 -23 -23 -22 -21 -15 -11 -15 -17 -19 -17 -16 -17 -18 -23 -28 -28 -28 -28 -28 -25 -22
DST1709*23  X220   0 -22 -20 -18 -16 -16 -23 -24 -19 -18 -13 -11 -10 -14 -13 -13 -13 -15 -16 -17 -21 -21 -22 -24 -21 -18
DST1709*24  X220   0 -18 -14 -12 -12 -14 -14  -9  -3  -1  -2  -3  -4  -9 -11 -15 -14  -5   1   2  -2  -5  -5  -7 -10  -8
DST1709*25  X220   0 -16 -17 -14 -17 -18 -18 -16 -12 -11 -11 -13 -14 -14 -15 -17 -18 -17 -14 -12  -9  -9  -8  -9  -8 -14
DST1709*26  X220   0  -4  -4  -6  -6  -7  -7  -4  -2   1  -1  -2  -2   0   1   0  -2  -2  -1   1   1   2   2   2   5  -1
DST1709*27  X220   0  11   4   1   6  15  21  19 -12 -37 -37 -31 -24 -31 -52 -53 -49 -39 -33 -27 -31 -38 -52 -59 -52 -24
DST1709*28  X220   0 -44 -59 -71 -72 -75 -81 -94 -85 -98 -94 -77 -61 -57 -53 -59 -55 -48 -47 -45 -40 -41 -52 -56 -55 -63
DST1709*29  X220   0 -50 -48 -48 -46 -42 -45 -38 -28 -27 -33 -33 -34 -29 -36 -38 -40 -38 -38 -38 -34 -36 -41 -44 -42 -39
DST1709*30  X220   0 -38 -34 -32 -31 -32 -39 -42 -32 -38 -35 -35 -31 -31 -33 -40 -37 -39 -43 -44 -40 -38 -38 -43 -40 -37
DST1710*01  X220   0 -37 -39 -35 -31 -26 -25 -25 -32 -33 -26 -23 -21 -24 -24 -25 -30 -30 -27 -31 -31 -32 -35 -37 -35 -30
DST1710*02  X220   0 -30 -27 -25 -30 -28 -23 -21 -19 -18 -22 -22 -25 -22 -23 -24 -23 -22 -23 -24 -24 -24 -25 -24 -22 -24
DST1710*03  X220   0 -19 -18 -21 -25 -30 -28 -24 -16 -20 -19 -18 -17 -16 -17 -18 -17 -18 -21 -23 -22 -22 -21 -19 -16 -20
DST1710*04  X220   0 -14 -11 -12 -14 -14 -13 -10  -6  -9 -15 -16 -16 -14 -14 -13 -12 -15 -19 -20 -18 -20 -26 -35 -33 -16
DST1710*05  X220   0 -24 -20 -18 -16 -13 -10  -8  -7  -8 -10 -11 -11 -10 -10  -8  -3  -4  -9 -12 -11 -10 -12 -13 -11 -11
DST1710*06  X220   0  -8 -15 -17 -19 -23 -26 -21 -12 -14 -18 -21 -16 -15 -14 -16 -16 -16 -18 -16 -16 -18 -24 -25 -24 -18
DST1710*07  X220   0 -20 -17 -14 -14 -11  -7  -4  -3  -5  -9 -11 -10 -12 -11 -13 -12 -15 -15 -16 -15 -14 -13 -11  -6 -12
DST1710*08  X220   0  -3  -3  -1  -3  -8  -7  -6  -6  -7  -8  -9  -9  -9  -9 -10 -10 -10 -10 -11 -11 -11  -9  -9  -9  -8
DST1710*09  X220   0 -10 -12  -8  -3  -2  -2  -5  -5  -3  -2  -2  -1  -2  -3  -4  -6  -7  -5  -4  -5  -5  -4  -3  -3  -4
DST1710*10  X220   0   0  -1  -1   1   3   5   5   6   5   3   1   0  -1  -1   0   0  -1  -2  -1   0   1   2  -1  -8   1
DST1710*11  X220   0 -14 -10  -6  -3 -10 -25 -28 -23 -31 -31 -24 -28 -30 -20 -21 -23 -28 -34 -40 -40 -39 -36 -37 -31 -26
DST1710*12  X220   0 -33 -26 -31 -42 -49 -47 -46 -47 -52 -42 -36 -39 -39 -33 -43 -35 -35 -38 -37 -36 -35 -38 -35 -32 -39
DST1710*13  X220   0 -28 -23 -22 -29 -41 -33 -25 -20 -21 -24 -39 -53 -53 -48 -43 -34 -41 -50 -47 -40 -46 -46 -40 -46 -37
DST1710*14  X220   0 -45 -46 -40 -44 -58 -70 -54 -43 -40 -39 -36 -42 -38 -35 -36 -34 -31 -26 -26 -30 -33 -30 -29 -27 -39
DST1710*15  X220   0 -29 -43 -47 -49 -60 -58 -48 -42 -35 -31 -33 -38 -48 -48 -34 -40 -41 -49 -49 -43 -37 -36 -34 -29 -42
DST1710*16  X220   0 -22 -20 -21 -24 -32 -30 -24 -23 -23 -30 -35 -32 -29 -23 -22 -22 -24 -27 -28 -30 -27 -23 -21 -20 -26
DST1710*17  X220   0 -19 -19 -22 -25 -21 -17 -16 -15 -23 -29 -31 -29 -26 -25 -20 -21 -23 -25 -28 -32 -30 -27 -24 -22 -24
DST1710*18  X220   0 -19 -19 -25 -26 -22 -19 -17 -20 -23 -24 -22 -22 -23 -20 -14 -12 -12 -12 -13 -12 -12  -9  -8 -13 -17
DST1710*19  X220   0 -11  -9  -8  -7  -5 -12 -21 -25 -25 -35 -31 -22 -21 -17 -18 -19 -21 -25 -35 -36 -30 -24 -21 -22 -21
DST1710*20  X220   0 -21 -16 -15 -15 -19 -24 -27 -22 -18 -19 -19 -19 -20 -16 -14 -15 -17 -21 -21 -20 -19 -19 -17 -15 -19
DST1710*21  X220   0  -9  -4  -9 -10 -12  -7   1   0  -4  -6  -3   1   0   2  -2  -1   0  -7 -12 -11 -15 -14  -8  -9  -6
DST1710*22  X220   0 -16 -18 -17 -17 -14 -14 -15 -18 -17 -18 -17 -18 -18 -15 -14 -12  -9 -11 -12 -11  -7  -1   2  -3 -13
DST1710*23  X220   0   4   6   5   2   0   0   1   0  -7 -11 -13 -13  -6  -4  -6  -4  -2  -3  -3  -4  -7  -8 -10  -8  -4
DST1710*24  X220   0  -2   1   1  -2   0   1   2   1   7  10  10   8  -4  -6 -11 -19 -31 -22 -21 -25 -27 -23 -27 -24  -8
DST1710*25  X220   0 -12 -11 -21 -33 -32 -26 -21 -30 -33 -31 -26 -25 -24 -24 -22 -20 -21 -19 -16 -14 -12 -15 -16 -13 -22
DST1710*26  X220   0 -12 -13 -21 -21 -18 -14 -14 -17 -22 -26 -33 -44 -40 -47 -51 -37 -39 -40 -39 -33 -32 -31 -27 -22 -29
DST1710*27  X220   0 -21 -19 -21 -27 -23 -20 -18 -22 -23 -23 -23 -22 -21 -18 -17 -16 -17 -19 -18 -20 -15 -14 -10  -8 -19
DST1710*28  X220   0  -9 -10 -11 -14 -16 -16 -19 -21 -21 -21 -20 -18 -19 -21 -18 -16 -14 -15 -15 -15 -15 -14 -11 -10 -16
DST1710*29  X220   0  -7  -8 -11 -12 -11 -10  -8  -7 -10 -11 -11  -9  -9  -9 -10 -11  -9  -8  -9 -12 -12 -12 -11 -10 -10
DST1710*30  X220   0 -10 -10 -13 -14 -15 -13 -11 -12 -11 -10  -8  -8  -8  -9  -8  -7  -6  -6  -6  -6  -6  -6  -6  -8  -9
DST1710*31  X220   0  -8  -6  -9 -10  -9  -9  -9  -6  -7  -7  -8  -9  -9  -6  -3  -1  -1  -2  -2  -2  -1   1   1   2  -5
DST1711*01  X220   0   2   0  -2  -3  -1   3   4   5   5   7   7   5   0   2   4   7   8   8   8   6   4   1   2   5   4
DST1711*02  X220   0   0  -4 -10  -6  -3  -2   1   1  -4  -5  -1   0   0   1   6   7   8   7   5   3   1  -5  -5 -11  -1
DST1711*03  X220   0 -16 -15 -16 -19 -18 -18 -16 -23 -19 -17 -20 -24 -24 -22 -17 -14 -13 -14 -13 -11 -10 -10  -9  -7 -16
DST1711*04  X220   0  -4  -1  -1  -5  -7  -7  -7 -10 -14 -14 -12 -11 -10  -7  -5  -6  -9 -11 -11 -12 -12 -12 -11  -9  -9
DST1711*05  X220   0  -7 -10 -11 -11 -11  -9  -8  -6  -6  -2  -1   0  -1  -2  -3  -3  -6  -5  -4  -3  -4  -6  -8  -9  -6
DST1711*06  X220   0  -9  -8  -8  -6  -5  -5  -4  -4  -5  -3  -2  -1   0   1   1   1   2   2   1   1   3   5   5   4  -1
DST1711*07  X220   0   6   9  14  23  26  21   4   4 -12 -40 -52 -63 -56 -48 -30 -35 -41 -40 -40 -38 -48 -61 -59 -56 -26
DST1711*08  X220   0 -55 -69 -72 -72 -82 -73 -61 -57 -53 -59 -59 -64 -68 -67 -68 -66 -62 -60 -54 -48 -49 -45 -45 -38 -60
DST1711*09  X220   0 -38 -47 -51 -50 -47 -49 -51 -53 -58 -60 -52 -50 -49 -50 -47 -39 -36 -32 -39 -42 -37 -31 -33 -29 -45
DST1711*10  X220   0 -25 -22 -29 -33 -29 -30 -45 -55 -50 -40 -40 -38 -40 -34 -28 -28 -29 -27 -27 -27 -32 -29 -28 -31 -33
DST1711*11  X220   0 -30 -29 -28 -29 -30 -33 -35 -34 -33 -31 -25 -27 -26 -26 -27 -27 -24 -21 -19 -15 -12 -14 -16 -16 -25
DST1711*12  X220   0 -18 -19 -18 -18 -21 -20 -19 -19 -20 -22 -24 -24 -22 -20 -20 -20 -20 -18 -16 -15 -17 -18 -17 -17 -19
DST1711*13  X220   0 -16 -19 -22 -22 -19 -17 -14 -13 -15 -17 -12 -12 -13 -18 -21 -19 -16 -16 -16 -14 -12 -10 -11 -11 -16
DST1711*14  X220   0 -14 -16 -12 -14  -8  -8 -19 -27 -28 -31 -26 -17 -12 -12 -15 -18 -24 -28 -31 -29 -25 -22 -24 -25 -20
DST1711*15  X220   0 -26 -25 -24 -24 -26 -28 -35 -36 -40 -38 -21 -18 -23 -20 -17 -12 -10 -22 -15  -7   0 -10  -8  -4 -20
DST1711*16  X220   0  -4  -9 -19 -19 -19 -17 -24 -28 -38 -38 -28 -24 -21 -18 -17 -17 -16 -16 -19 -20 -19 -15 -16 -17 -20
DST1711*17  X220   0 -17 -18 -21 -21 -22 -21 -22 -24 -28 -27 -26 -14 -15 -12  -8  -9  -8  -7  -7  -7  -3  -3 -10 -18 -15
DST1711*18  X220   0 -19 -20 -20 -21 -21 -22 -20 -19 -20 -15 -14 -12 -11  -9 -10  -8  -8  -8 -11 -13 -13 -10  -8  -8 -14
DST1711*19  X220   0  -7  -6 -11 -14 -15 -11 -10  -9  -9  -7  -3  -3  -2   0   0  -1   0  -2  -2  -3  -3  -3  -1  -4  -5
DST1711*20  X220   0  -5  -3  -7  -5  -5  -4  -3  -3   0   3   2   1   1   1   4   4  11  16   9   1   4   8  11   3   2
DST1711*21  X220   0 -17 -20 -13 -20 -26 -40 -55 -49 -43 -44 -44 -36 -30 -28 -29 -29 -21 -18 -19 -27 -18 -17 -20 -21 -29
DST1711*22  X220   0 -22 -24 -22 -20 -28 -31 -32 -31 -27 -20 -18 -19 -13 -11 -19 -23 -24 -24 -24 -22 -25 -24 -20 -17 -23
DST1711*23  X220   0 -17 -17 -20 -20 -19 -19 -17 -16 -19 -21 -18 -19 -19 -16 -17 -17 -15 -12 -13 -18 -18 -16 -16 -16 -17
DST1711*24  X220   0 -16 -17 -19 -21 -22 -23 -24 -26 -25 -21 -20 -17 -13 -10  -7  -6  -2   0  -6  -9 -15 -14 -21 -26 -16
DST1711*25  X220   0 -24 -16 -19 -25 -31 -33 -32 -28 -24 -22 -21 -24 -26 -24 -21 -19 -16 -12 -10 -11 -11 -11 -14 -15 -20
DST1711*26  X220   0 -14 -12 -11 -11 -10 -10  -8  -7  -4  -3  -5  -5  -5  -6 -10 -13 -10  -9 -10  -9  -8  -4  -4  -3  -8
DST1711*27  X220   0  -2   0   4   6   5   6   6   8   9   7   0  -2   4   8  12  10   9   4  -1  -2   2   8  10   6   5
DST1711*28  X220   0  -1 -17 -23 -22 -16 -12 -14 -16 -16 -17 -17 -22 -21 -14 -12 -11  -8   0  -1  -1   3   4   3   4 -10
DST1711*29  X220   0   5   2  -1  -2  -3  -4  -7 -12  -7  -4  -2  -1   0  -1   1   1   4   4   4   6   5   1   0   4   0
DST1711*30  X220   0   7  11   6  -5  -8  -5   0   0   1  -2  -4  -6 -10  -8  -5  -6 -11 -13 -13 -14 -17 -14 -14 -11  -6
DST1712*01  X220   0  -4  -4  -6  -6 -11 -12  -8  -4  -4  -8  -9 -12  -9  -7  -8  -6  -6  -7  -9  -5  -3   0  -2  -4  -6
DST1712*02  X220   0  -5  -7  -7  -5  -4  -1   0   1   3   4   1   0   2   0  -3  -8  -5  -4  -3  -2  -2  -3  -4  -4  -2
DST1712*03  X220   0  -4  -6 -12 -14 -16 -16 -15 -11  -6  -5  -8  -9  -8  -4  -2  -3  -2  -1   0   0  -1   0  -2  -1  -6
DST1712*04  X220   0   2   1   2   4   6   8   6   0  -1  -2  -1  -2  -5  -4   3   5  12  -5 -25 -39 -41 -40 -32 -25  -7
DST1712*05  X220   0 -24 -25 -30 -33 -31 -26 -24 -32 -37 -43 -51 -47 -37 -26 -22 -25 -28 -23 -19 -22 -21 -22 -29 -31 -30
DST1712*06  X220   0 -29 -26 -27 -23 -21 -28 -30 -32 -30 -30 -34 -33 -31 -25 -20 -20 -23 -24 -25 -23 -22 -20 -18 -20 -26
DST1712*07  X220   0 -21 -16 -14 -13 -12 -17 -18 -18 -14 -13 -14 -12 -14 -14 -15 -23 -18 -18 -17 -19 -20 -20 -21 -22 -17
DST1712*08  X220   0 -21 -20 -17 -15 -15 -19 -18 -15 -14 -14 -12 -10  -8  -8  -9  -8  -9  -9  -7  -8  -7  -8  -8  -9 -12
DST1712*09  X220   0 -11 -14 -14 -14 -14 -11  -7  -6  -4  -4  -7  -9  -8  -8  -6  -6  -6  -5  -4  -4  -4  -4  -4  -2  -7
DST1712*10  X220   0   0   0   1   0   1   1   1   0   1   0   2   3   3   1  -2  -5  -9 -10 -11 -12 -11  -7  -7  -9  -3
DST1712*11  X220   0  -9  -9  -6  -3   7   9  10   5  -2  -7 -14 -16 -12 -15  -9 -13  -8  -5  -6  -5   5   7   6   4  -4
DST1712*12  X220   0  -3  -6  -8  -8 -13 -18 -22 -21 -17 -16 -15 -12  -9  -8  -3  -2  -3  -5 -19 -23 -17 -18 -17 -16 -12
DST1712*13  X220   0 -14 -10  -8  -9  -8  -7  -7 -10 -12 -10  -9  -9 -11 -14 -13 -13 -13  -9 -10 -10  -8 -10 -10  -7 -10
DST1712*14  X220   0  -3  -4  -8  -7  -6  -7  -8  -8  -6  -7  -8 -10  -5  -2  -1  -3  -4  -4  -2  -2   0   1   2   0  -4
DST1712*15  X220   0   3   3   3   2   1  -1   0   1   1   0  -2   0   2   0   4   3   3   3   5   6   4   3   6   3   2
DST1712*16  X220   0   4   7   6   5   2   3   5   9  10   7   3  -4  -6  -4  -3  -3  -4  -2   0   0   3   9  19  22   4
DST1712*17  X220   0  21  24  16  10  14   7 -18 -12  -5  -9 -10 -15 -23 -14  -7 -17 -20 -17 -19  -9 -17 -18 -17 -17  -7
DST1712*18  X220   0 -19 -15 -17 -13 -16 -18 -19 -28 -23 -27 -25 -27 -22 -16 -17 -17 -16 -13 -14 -14 -14 -11 -10  -9 -18
DST1712*19  X220   0  -7  -3  -2  -3  -2  -3  -6  -8  -9 -10  -9 -11 -10 -10 -10  -7  -6  -6  -8 -11 -13 -17 -23 -20  -9
DST1712*20  X220   0 -17 -15 -15 -16 -15 -13  -8  -7  -8 -12 -13  -6  -6  -4  -2  -4  -6  -4  -5  -4  -2  -1  -4  -5  -8
DST1712*21  X220   0  -5  -6  -6  -5  -3  -4  -6  -7  -9  -7  -6  -5  -6  -7  -4  -4  -4  -3  -3  -4  -3  -4  -5  -5  -5
DST1712*22  X220   0  -5  -5  -4  -3  -3  -3   0   2   5   6   4   3   1   1   1   2   2   3   3   4   5   6   4   5   1
DST1712*23  X220   0   6   8   8   9   7   6   7   6   0  -3  -4  -6 -12  -7  -2  -1  -1   0   1   3   7   8   8   9   2
DST1712*24  X220   0  12  12  13  17  22  24  26  21  13  12   8 -14 -25 -15 -12  -7  -6  -6  -6  -7 -10 -15 -14 -12   1
DST1712*25  X220   0  -3  -1  -4  -7  -7  -8  -9  -9 -10  -7  -4  -6  -4  -3  -5  -6 -12 -18 -22 -18 -18 -21 -24 -26 -11
DST1712*26  X220   0 -24 -20 -17 -15 -15 -16 -16 -13 -13 -11 -11  -9  -6  -7  -9  -4  -1  -2  -1  -6  -7 -10 -10 -10 -11
DST1712*27  X220   0  -8  -8  -6  -8 -10 -10  -4   0   5  -2  -7  -8  -9 -10  -5  -2   0   2  -2  -6  -8  -6  -7  -4  -5
DST1712*28  X220   0  -1  -1  -5  -4  -4  -4  -5  -4  -5  -7  -7  -9  -5  -4  -2  -6  -6  -6  -6  -8 -10  -8 -11  -7  -6
DST1712*29  X220   0  -1   0  -2  -3  -3  -5  -5  -6  -4  -2   1   3   2  -1  -3   0   2   1  -1   0   4   5   6   8   0
DST1712*30  X220   0  10   7   4   3   6   6   8   7   8   6   5   3  -1  -1   1  -3  -6  -6  -5  -6  -6  -3   0   2   2
DST1712*31  X220   0   6   7   6   4   2   1   4   6   8   7   9  10   9   8   7   7   5   5  11  15  12   7   2   1   7
DST1801*01  X220   0  10   6  -1   0  -7 -16 -19 -17 -16 -17 -17 -12  -8  -7 -14 -14 -14 -11  -7  -3  -1   0   0   2  -8
DST1801*02  X220   0   4   3   3   1  -2  -7 -11  -9  -7  -5  -5  -6  -3  -4  -6  -4  -3  -4  -1   2   4   4   5   8  -2
DST1801*03  X220   0   9  12  12  11   8   4   2   1  -1  -8  -6  -1   5   4   2   2   2   4   1   0   2   3   4   6   3
DST1801*04  X220   0   8   8   9   9   5   0  -6  -7  -5  -4  -6  -5  -5  -3  -3  -3  -3   0  -2  -2  -6  -5  -5  -3  -1
DST1801*05  X220   0  -2  -1   0   2  -3  -5  -5  -6  -7  -4  -1   1   2  -4  -2   1   0   0  -1   3   5   5   6   6   0
DST1801*06  X220   0   4  -3  -5  -3   0   2   4   3   1   0  -4  -5  -6  -6  -4  -3  -1   0   0   0   0   2   1   2  -1
DST1801*07  X220   0   2   3   5   8   7   8   8   7   8   6   4   2   4   3   3   6   7   7   6   5   6   8   8  11   6
DST1801*08  X220   0   9   9  12  13  14  13  17  35  32  29  26  26  28  17   3  -6 -11  -5   2   3   5   7   4   2  12
DST1801*09  X220   0   2  -7 -10  -9 -10 -15 -17 -12  -8  -6  -5  -6 -10 -12 -12 -10 -11 -10  -8  -4  -4  -4  -7  -7  -8
DST1801*10  X220   0 -12 -12 -12 -10  -7  -5  -5  -5  -4  -3  -4  -1   2   1  -2  -3  -5  -4  -2  -1  -1  -1  -4  -6  -4
DST1801*11  X220   0  -5  -4  -2   0  -2  -1   0  -2  -2  -1   1   6   4   3   4   3   1   2   2   3   1   2   1   1   1
DST1801*12  X220   0   2  -1  -3  -1   0  -2  -3  -2  -1  -1  -3  -4  -3  -2  -1  -2  -5  -5  -3   0   5   6   3   2  -1
DST1801*13  X220   0   3   4   6   8   8   5   3   5   4   0  -1   3   3   8   9   9   8  11  11   1   8   4  11  18   6
DST1801*14  X220   0  23  14  14   8   2  -9 -17 -20 -20 -18 -16 -12 -12 -10 -13 -10 -12 -11 -10  -9  -8  -5  -2   4  -6
DST1801*15  X220   0   0   0  -3  -1  -5 -14 -20 -17 -13  -9 -12  -8  -4  -1  -4  -8  -8  -7  -6  -5  -4  -2   0   2  -6
DST1801*16  X220   0   3   3   4   6   5   0  -3  -4  -6  -8  -9  -9  -7  -6  -3  -4  -4  -4  -4  -6  -7  -5  -3  -4  -3
DST1801*17  X220   0  -1  -1   1   0  -2  -3  -3  -1   2   3   2   0   0  -2   0  -1  -3  -2  -1  -2  -1   0   0   1  -1
DST1801*18  X220   0   4   5   3   4   4   2   2   5   5   5   7  10  11  10   8   7   6   7   8   8   7   7   4   4   6
DST1801*19  X220   0   8   8   6   5   4  -6 -15 -23 -28 -27 -16  -5   0   1  -2  -4  -4  -3  -3  -2  -3  -2  -3   0  -5
DST1801*20  X220   0  -2  -2   0   2   1  -2  -8 -11 -12 -10  -8  -6  -4  -4  -4  -6  -8  -7  -7  -4  -3   0  -1  -1  -4
DST1801*21  X220   0   1   0   5   8   9  11  11   7   2  -4  -2  -4  -3 -12 -19 -17 -15  -9  -7  -6  -6  -3   1   5  -2
DST1801*22  X220   0   3   5   9   6   7   3  -5 -14 -20 -24 -16 -11  -9  -8  -6  -5  -9 -12 -14 -16 -14 -12 -13 -14  -8
DST1801*23  X220   0 -16 -16 -15 -12  -9  -7  -7 -10 -11 -12 -12 -10  -7  -6  -7  -7  -8  -8  -7  -6  -7  -5  -5  -4  -9
DST1801*24  X220   0  -5  -5  -4  -2   1   4   6   4   2  -1  -1   4   5   2   2   6   7   6  12  13  13   7  -4  -7   3
DST1801*25  X220   0 -10 -10 -11 -10  -9 -12 -13 -18 -19 -17 -20 -20 -16 -13 -14 -16 -23 -21 -18 -19 -15 -10  -6  -7 -14
DST1801*26  X220   0 -10  -9  -4   0   2   4   5  -8 -17 -13 -12 -11  -9  -6  -5  -7  -6  -9  -8  -3   4   7   6   4  -4
DST1801*27  X220   0   2  -3  -4  -5  -3   2  -1  -6  -9 -15 -12  -7  -9 -13 -14 -13 -13  -9  -5  -5  -2  -4  -5  -5  -7
DST1801*28  X220   0  -6  -5  -3  -2   1   3   4   4   0  -2  -1   4   5   2   3  -2  -2  -3  -2  -2   0   0   4   4   0
DST1801*29  X220   0   6   5   3   2   1   1   2   5   1  -8  -6  -3   0   3   4   2   0   0   2   1   4   6   7   8   2
DST1801*30  X220   0   7   8   5   0  -2   1   4   0  -6  -8  -6  -1   4   3   0   0   1   2   4   5   7  11  16  17   3
DST1801*31  X220   0  16  14  12  10  10   9   6   2   1   0  -6  -7  -7  -2  -5 -11 -11 -10 -11 -13  -8  -2   2   0   0
DST1802*01  X220   0  -1  -2  -3  -3  -1  -1  -4  -9 -12 -14 -12  -8  -1   1   1   2   0  -2  -3  -4  -3  -7  -8  -7  -4
DST1802*02  X220   0  -6  -7  -9 -10  -8  -5  -5  -9 -14 -15 -15 -11  -6  -1   1   0   0  -1   1   5   6   9  13  12  -3
DST1802*03  X220   0  11   9   5   7   7  10   9   3  -3  -6  -5  -3   0   5   6   5   5   6   9   8  11  14  12   8   6
DST1802*04  X220   0   7   7   7   6   9  13  14  10   5   1   2   6  11  14  14  15  18  15  10   8   8  11  13  10  10
DST1802*05  X220   0   9   6   0   0   3   8   8   0  -8 -16 -15  -8  -7  -4  -9  -7  -6  -1   1  -3  -3  -3  -1   0  -2
DST1802*06  X220   0   1   1   4   1   0   1   1   0  -3  -2   0  -8  -4  -2   0   0   0   1  -1  -1  -1  -1   4   4   0
DST1802*07  X220   0   1  -1  -4  -6  -5  -3  -3  -2   2   6   6   3  -2  -4  -1  -1  -1   0   0   0   1   2   4   4   0
DST1802*08  X220   0   4   2   2   3   4   6   8   7   5   0   1   4   6   7   8   6   7   6   6   7   6   5   9   9   5
DST1802*09  X220   0   8   7   6   4   1   0   1   1   1  -1  -3  -7  -6  -4  -1   1   3   4   4   4   5   8   9   9   2
DST1802*10  X220   0   9  13  14  16  16  13  11  11   6   2  -6  -9 -10  -9  -2   1  -1  -3  -2  -7  -7  -5  -4  -4   2
DST1802*11  X220   0  -6  -7  -3   0   1   2   1  -1  -3  -1   1  -1  -1   1  -1  -2   1   3   1   0   2   4   5   6   0
DST1802*12  X220   0   7   8   7  12  13  12   8   6   7   7   6  10  12  13  11  11  10  11  10   8  11  14  17  17  10
DST1802*13  X220   0  18  16  14  11  11  12  13  10  12   9   7   6   7   7   5   2   4   4   3   2   2   1  -1  -4   7
DST1802*14  X220   0  -7  -2  -1   0  -2  -4  -2   1   1  -2  -3  -2  -1   1   2   3   4   4   4   3   1  -2  -2  -3   0
DST1802*15  X220   0   2   7   8   6   3   2   1   1   5  10   6   6   6   6   3  -8 -17 -14 -14 -12 -14 -11  -9  -8  -1
DST1802*16  X220   0  -1   6   9   8   4  10   1  -6  -5 -15 -17 -18 -15 -11  -8  -5  -3  -3  -4  -5  -2  -1  -4  -5  -4
DST1802*17  X220   0  -2   1  -3  -4  -6 -18 -18 -19 -25 -26 -25 -23 -25 -21 -18 -12 -14 -12 -12  -9  -8  -6  -2  -1 -13
DST1802*18  X220   0   2   0   3   5   3   1 -10 -15 -14 -16 -26 -22 -14 -14 -14 -12 -15 -14 -13 -13 -11 -10 -11  -5 -10
DST1802*19  X220   0  -3  -4  -9  -5 -13 -16 -13 -16 -21 -26 -26 -23 -22 -14 -13 -17 -17 -20 -19 -13 -16 -17 -13 -13 -15
DST1802*20  X220   0 -14 -10  -7  -6  -8 -10 -14 -21 -25 -28 -26 -25 -22 -16 -11  -9  -8  -8  -9  -7  -9 -13 -14 -16 -14
DST1802*21  X220   0 -15 -11  -9  -9  -9  -4   2   4  -2 -12 -16 -15 -13 -12 -10  -9  -7  -7  -3   0   1   1   0  -3  -7
DST1802*22  X220   0  -6  -6  -5  -5  -4  -1   0  -3  -6  -9 -14 -12 -11  -6  -2  -2  -1  -5  -5  -9  -6  -9  -8 -11  -6
DST1802*23  X220   0 -10  -9  -8 -12 -16  -8 -11 -15 -12 -27 -32 -38 -26 -19 -15 -18 -14 -15 -16 -14  -8 -11  -7  -5 -15
DST1802*24  X220   0 -10 -14 -14 -16 -17 -17 -18 -22 -29 -24 -20 -16 -14 -12 -12 -14 -14 -13 -12 -14 -14 -14 -13 -12 -16
DST1802*25  X220   0 -10  -9  -6  -6  -6  -7  -4  -2  -6  -8  -8  -7  -6  -5  -6  -5  -7  -9  -9 -11 -13 -12  -6  -2  -7
DST1802*26  X220   0  -2  -2   2   1   0  -4  -9 -11  -9 -13 -16 -14 -15 -17 -21 -16 -13 -13 -11  -9 -10 -10  -3  -2  -9
DST1802*27  X220   0   3   1  -1  -4 -26 -22 -15 -16 -20 -17 -14 -15 -29 -31 -31 -30 -27 -27 -26 -24 -23 -20 -16 -10 -18
DST1802*28  X220   0  -8  -3   0  -1  -7 -10 -14 -17 -17 -16 -18 -15 -15 -15 -13 -13 -16 -18 -17 -16 -15 -17 -14  -8 -13
DST1803*01  X220   0  -4  -1   2   2  -3  -8 -11 -12 -13 -16 -17 -17 -19 -20 -14 -10 -10 -10 -10 -14 -11 -15 -15 -11 -11
DST1803*02  X220   0  -6  -5  -1   2   0  -4  -5  -6  -8  -9  -8  -7  -9  -9  -8  -6  -7  -7  -7  -9 -12 -14 -14 -12  -7
DST1803*03  X220   0  -8  -6  -5  -3  -2   0   1   0  -3   0   0  -3  -8  -9  -7  -3  -6  -4  -4   0   2  -5  -9  -9  -4
DST1803*04  X220   0   1  10   4  -7  -9  -9 -12 -12 -11 -15 -13  -9  -9  -7  -6  -3  -3  -1  -4  -8 -10 -10 -11  -8  -7
DST1803*05  X220   0  -5   1   9  10  12  11   8   4   3   3   2   2   0  -2   0   6   1   2   4   1  -1  -3  -1  -5   3
DST1803*06  X220   0  -9  -5   5  11  12   9   8   8   6   6   7   5   5   4   4   4   4   5   6   7   4   1   1   0   5
DST1803*07  X220   0   1   3   2   4   4   1   1   3   4   5   5   6   4   3   3   4   5   5   6   3   0  -1  -1  -1   3
DST1803*08  X220   0   2   6  10  12  11   4  -4  -3   1   0   2   2   3   4   4   4   4   7   6  10   8   6   2   0   4
DST1803*09  X220   0   4  11   7   2  -1   0   2   1  -4  -7  -6  -3  -2  -2  -2   0   2   4  18  24  18  18  21  18   5
DST1803*10  X220   0  -2  -8 -14 -21 -33 -38 -37 -38 -39 -31 -23 -18 -14 -16 -17 -20 -20 -16  -9 -11   7  11   7   4 -17
DST1803*11  X220   0   3   7   5   5  -2  -9 -11 -10 -10 -11 -10  -7  -8 -10 -10  -9  -9  -5  -1   1  -2  -5  -4  -3  -5
DST1803*12  X220   0  -2  -2   1   2   2   0   0   1   1   0   0   0  -2  -2  -2  -2  -4  -3  -1  -1  -2   1   2   3   0
DST1803*13  X220   0   3   3   6   9  11  13  11   5  -1  -5  -5  -4  -5  -4  -6  -6  -6  -5  -3  -3  -3  -1  -3  -4   0
DST1803*14  X220   0  -2   0   5  10  13  12  10   3  -2  -2   1   2   1   1  -1  -9 -17 -11 -13 -20 -27 -28 -19 -18  -5
DST1803*15  X220   0 -25 -26 -24 -21 -22 -21 -17 -14 -10 -14 -12  -6  -3  -3  -7 -14 -24 -30 -25 -19 -23 -24 -23 -25 -18
DST1803*16  X220   0 -24 -17 -15 -23 -37 -37 -35 -30 -27 -31 -39 -29 -21 -21 -21 -22 -29 -25 -22 -19 -16 -16 -16 -22 -25
DST1803*17  X220   0 -25 -28 -23 -27 -28 -25 -26 -27 -23 -18 -16 -15 -15 -15 -16 -13 -14 -12  -8  -7  -8 -10 -11 -14 -18
DST1803*18  X220   0 -16 -14 -13 -14 -16 -15 -15 -15 -16 -19 -18 -15 -12 -18 -26 -31 -24 -16 -14 -21 -38 -38 -37 -41 -21
DST1803*19  X220   0 -43 -44 -45 -39 -35 -34 -29 -23 -23 -28 -24 -20 -15 -16 -15 -16 -18 -17 -13 -10 -20 -25 -21 -24 -25
DST1803*20  X220   0 -26 -27 -28 -25 -19 -16 -16 -19 -20 -23 -22 -19 -19 -19 -20 -19 -16 -15 -12 -10 -11 -13 -17 -20 -19
DST1803*21  X220   0 -21 -22 -16 -11  -9 -10 -14 -15 -14 -12 -10  -9  -6  -5  -7  -8  -8  -8  -8  -7  -9  -9 -11 -12 -11
DST1803*22  X220   0 -13 -14 -12 -10  -9  -7  -9 -10 -10  -8  -7  -4  -2  -2  -4  -6  -3   3   3  -4 -18 -25 -25 -19  -9
DST1803*23  X220   0 -16 -20 -22 -14 -16 -19 -12  -9  -7 -17 -29 -26 -19 -11  -7  -6 -11 -10 -10  -6  -7 -17 -21 -20 -15
DST1803*24  X220   0 -23 -23 -24 -20 -14  -8  -8  -8 -10 -17 -18 -14  -9  -8  -9 -13 -16 -12 -11 -14 -17 -20 -22 -20 -15
DST1803*25  X220   0 -20 -20 -19 -20 -19 -21 -17 -18 -26 -27 -18 -21 -14 -16 -22 -22 -26 -21 -10  -7  -9 -10 -11 -15 -18
DST1803*26  X220   0 -13 -15 -21 -22 -21 -24 -20 -13 -12 -17 -23 -25 -23 -24 -25 -24 -22 -22 -18 -17 -17 -16 -19 -20 -20
DST1803*27  X220   0 -23 -23 -21 -16 -18 -14 -12 -12 -11 -11 -12  -8  -5 -11 -16 -19 -18 -16 -15 -15 -15 -16 -13 -13 -15
DST1803*28  X220   0 -14 -16 -19 -17 -16 -19 -16 -13 -12  -9 -11 -10  -9  -9 -11 -12 -10  -9  -6  -6  -4  -1  -2  -3 -11
DST1803*29  X220   0  -8 -11 -11 -10  -9  -5  -1   4   9  13   9   8  10  12  12  18  11   5   0  -4  -6  -6  -5  -3   1
DST1803*30  X220   0  -1  -6  -9  -8 -11  -9  -5  -2   1   3   3   0  -2   7   5   5   8  11  14  11  13  13  11   9   3
DST1803*31  X220   0   7   0  -5  -6  -2  -3  -1   0   3   4   3   2   3   2   0  -3  -5  -2   1   2   6   5   3   4   1
DST1804*01  X220   0   6   7   5   4   3   3   1   1   2  -4  -8  -8  -3  -2   0  -1   0   3   4   6   4   2   0  -1   1
DST1804*02  X220   0  -3  -6  -4  -4  -2   3   3   2  -1  -1  -1  -1   1   0   2   1  -1   0   2   1  -1   0  -4  -6  -1
DST1804*03  X220   0  -7 -11 -14  -9  -5  -7  -5  -7  -5  -3  -4  -3  -1   0  -2  -5  -4   0   3   3   5   7   6   5  -3
DST1804*04  X220   0   0  -3  -2   1   6   9  10  11  14  14   7   2   0   3   5   3   4   9  10   6   8  11  15  11   6
DST1804*05  X220   0   6  -3  -2   1   6   7   9   8   8   9   4  -1   3   8   7   3   1   6   7  10   6   6   2   0   5
DST1804*06  X220   0  -5  -8 -10 -11  -7  -2   1   5   7   4   0  -5  -2   0   0   0  -1   0  -2  -2   1   3   0   2  -1
DST1804*07  X220   0   2   1   2   3   3   6  11  13  13  12   7   5   9  13  12   9   7  10  11  10  12  10   7   3   8
DST1804*08  X220   0   3   2   0  -1   1   5   8  10  12  12   8   2   3   7   9   9   8   9  10   6   4  -1  -2  -2   5
DST1804*09  X220   0   0  -1  -2  -1  -4   0  -1  -1   2  -1  -2  -4  -4  -1   2   0  -6  -9  -6 -12 -17  -9  -8  -3  -4
DST1804*10  X220   0   0  -3  -7 -13 -30 -30 -32 -24 -25 -31 -27 -24 -19 -22 -33 -30 -27 -21 -22 -23 -22 -20 -20 -22 -22
DST1804*11  X220   0 -21 -23 -25 -22 -22 -23 -29 -29 -18 -12 -16 -21 -17 -17 -18 -20 -19 -17 -16 -13 -10  -9 -12 -12 -18
DST1804*12  X220   0 -14 -15 -17 -14 -10  -8 -13 -10  -6  -5  -7 -13  -9  -4  -7 -10 -12 -10 -10 -13 -12  -6  -7 -10 -10
DST1804*13  X220   0  -9 -16 -26 -28 -23 -18 -15 -13 -12 -12 -14 -17 -10  -4  -5  -8  -9  -2  -2  -4 -10  -6  -7  -9 -12
DST1804*14  X220   0  -8 -11 -14 -19 -15  -9  -6  -6  -4  -4  -4  -7  -6  -5  -5 -11 -13  -8 -11  -9 -11 -14 -16 -16 -10
DST1804*15  X220   0 -13 -11 -13 -12 -12  -8  -5  -2  -1   2   0  -9 -14 -13  -9 -12 -11  -9 -10 -11 -10  -7  -5  -6  -8
DST1804*16  X220   0 -12 -14 -15 -12  -9  -7  -5  -3  -4  -4  -7  -7  -5  -4  -6  -7  -8  -5  -4  -4  -2   0   0  -1  -6
DST1804*17  X220   0  -2  -3  -7  -4   0  -3  -3  -1  -1   3   3  -1   0   3   3   1   2   3   1  -3  -3   3   5   4   0
DST1804*18  X220   0   4   2   0   0   1   1   1   3   3   3   0  -3  -2  -2   0   0  -4  -6 -11 -13 -10  -5  -1  -1  -2
DST1804*19  X220   0  -4  -6  -9  -7  -2   1   6   8   7   6   2  -4  -1   2   4   3   3   3   1   2   5   9  12  13   2
DST1804*20  X220   0  23  24  15  19   0 -24 -45 -40 -57 -78 -56 -49 -56 -52 -45 -50 -53 -54 -55 -44 -38 -43 -39 -36 -35
DST1804*21  X220   0 -39 -40 -40 -40 -36 -31 -25 -26 -31 -29 -30 -28 -24 -23 -28 -31 -30 -29 -32 -33 -30 -27 -24 -25 -30
DST1804*22  X220   0 -24 -25 -27 -27 -27 -24 -22 -21 -18 -18 -22 -22 -19 -19 -17 -17 -16 -17 -16 -19 -20 -23 -22 -22 -21
DST1804*23  X220   0 -21 -22 -23 -25 -25 -23 -16  -9  -9 -13 -20 -21 -17 -17 -18 -21 -23 -24 -23 -24 -26 -25 -25 -23 -21
DST1804*24  X220   0 -23 -24 -25 -25 -22 -16 -11 -11  -9  -9 -12 -16 -15 -18 -17 -16 -11  -7  -5  -7  -6  -8  -8  -9 -14
DST1804*25  X220   0  -9 -15 -21 -23 -19 -18 -16 -13 -10 -10 -14 -18 -17 -16 -16 -17 -14 -13 -12 -13 -13 -14 -13 -14 -15
DST1804*26  X220   0 -18 -21 -20 -17 -16  -9   0   6   7   4  -1   1   4   4  -2  -4  -4  -4  -4  -5  -3  -1  -1  -3  -4
DST1804*27  X220   0  -4  -7  -7  -8  -7  -4  -1   0   2   4   2   3   5   9   9   5   0   4   5   2   0   2   1  -1   1
DST1804*28  X220   0   0   2  -1  -5  -3  -1   0   1   2   3   1  -2  -1  -2  -1  -1   1   0  -1   0   0  -1  -2  -2  -1
DST1804*29  X220   0  -4  -5  -4  -3   0   2   2   8   9   5   3   5   4   0  -1   2   1  -3  -2  -2  -2  -5  -6  -5   0
DST1804*30  X220   0  -3   3   3  -1   1   4   6   8   7   5   3   1   2   1   0  -3  -1  -1  -5  -7  -8 -10 -10 -10  -1
DST1805*01  X220   0 -10  -9  -8 -10  -7  -3   0   0   2   4   2   0   0   0   2   1   2   2   2   1  -1  -1   2   2  -1
DST1805*02  X220   0   2   1   1  -1  -3  -4  -1   1  -1  -7 -11 -10  -9  -4  -1  -2  -4  -5  -6  -4  -2  -2  -3  -3  -3
DST1805*03  X220   0  -3  -3  -4  -5  -4  -2  -1   1   0  -2  -4  -5  -6  -1   0  -2   0   1   4   4   4   3  -2   0  -1
DST1805*04  X220   0  -1  -5  -3  -2  -1   0   3   3   0   2   1   0   2   2   5   5   9   8   5   2  -2  -1   2   1   1
DST1805*05  X220   0   0  -1  -4  -5  -3  -2   1   3   4   5  17  28  23  19  17  -4 -12 -31 -41 -34 -25 -20 -26 -36  -5
DST1805*06  X220   0 -47 -53 -53 -54 -55 -47 -44 -42 -33 -33 -34 -35 -31 -22 -20 -23 -25 -24 -25 -23 -22 -22 -25 -22 -34
DST1805*07  X220   0 -24 -27 -31 -34 -41 -42 -38 -26 -21 -23 -24 -28 -19 -18 -22 -25 -25 -26 -28 -26 -24 -25 -22 -23 -27
DST1805*08  X220   0 -23 -21 -22 -16 -11 -29 -37 -28 -22 -24 -23 -22 -17 -13 -10 -19 -22 -23 -24 -27 -23 -23 -19 -17 -21
DST1805*09  X220   0 -18 -27 -32 -30 -27 -23 -23 -21 -17 -17 -17 -17 -21 -18 -17 -16 -18 -17 -23 -25 -18 -18 -21 -27 -21
DST1805*10  X220   0 -27 -28 -26 -26 -20 -21 -21 -23 -31 -33 -32 -33 -33 -32 -30 -27 -29 -30 -31 -30 -30 -29 -30 -29 -28
DST1805*11  X220   0 -26 -20 -17 -16 -22 -26 -29 -36 -34 -33 -29 -24 -21 -18 -20 -25 -27 -29 -34 -36 -40 -38 -31 -26 -27
DST1805*12  X220   0 -25 -25 -23 -28 -29 -22 -18 -16 -16 -19 -18 -15 -15 -14 -16 -16 -16 -18 -16 -17 -20 -22 -21 -18 -19
DST1805*13  X220   0 -16 -15 -13 -11 -11 -12  -7  -8 -18 -14 -19 -20 -20 -21 -19  -3  -4  -3  -2  -4 -10 -15 -12 -10 -12
DST1805*14  X220   0  -9  -9 -11 -12 -13 -13 -10  -9 -13 -15 -13 -12 -12 -10 -10 -10 -10 -12 -15 -17 -16 -15 -13 -13 -12
DST1805*15  X220   0  -8  -4  -2  -3  -4  -4  -5  -5 -11 -10 -12 -12 -10  -7  -8  -9 -11 -15 -16 -18 -17 -17 -16 -10 -10
DST1805*16  X220   0  -4  -3  -4  -3  -3  -1  -2  -3  -4  -2   0   3   4   4   6   6   3  -2  -7  -9  -4  -1  -1   1  -1
DST1805*17  X220   0  -1   1  -5  -9  -6  -2   2   5   6   8  -3  -9 -16 -15 -15 -20 -24 -27 -31 -33 -32 -29 -24 -21 -13
DST1805*18  X220   0 -17 -20 -20 -13 -18 -16 -18 -19 -17 -14  -9  -7  -8  -8 -10  -9 -10 -14 -15 -17 -20 -19 -15 -11 -14
DST1805*19  X220   0 -10 -10 -10 -11  -9  -9  -9  -9  -8  -9  -7  -5  -3  -3  -4  -5  -5  -6  -6  -9 -10 -10  -7  -5  -7
DST1805*20  X220   0  -4  -4  -4  -3  -2  -3  -2  -6  -6  -8  -8  -8  -8  -9  -9  -8  -8  -9  -9  -8  -7  -6  -6  -5  -6
DST1805*21  X220   0  -6  -8  -5  -3  -2  -6  -7  -7  -7  -7  -4  -3  -4  -5  -6  -5  -6  -7  -6  -4  -1   1  -1   2  -4
DST1805*22  X220   0   2   1   3   4   1  -2  -5  -5  -1   2   1   0   9  13  13  13  12  10  14   8   8   8   6   1   5
DST1805*23  X220   0   2   4   5   4   1  -7 -14 -15  -8  -2  -4 -11 -11  -4  -2  -4  -4  -6  -7  -7  -7  -8  -7  -6  -5
DST1805*24  X220   0  -8  -7  -4   1  -2  -1  -1  -1  -2  -5  -6  -5  -3  -5  -4  -3  -1  -3  -7  -9  -7  -2  -3  -2  -4
DST1805*25  X220   0  -1  -4  -3  -4  -4  -3  -2  -2  -1  -1   0  -2  -4  -3  -4  -2  -1  -2  -2  -4  -4  -4  -3  -2  -3
DST1805*26  X220   0  -2   3   2   3   3   5   3   1   2   4   4   6   6   4   6   6   6   8  12  12  11  11   7   3   5
DST1805*27  X220   0   4  12  18  18  13  13   8   6   3   0  -1  -2  -4  -1   0   3   3   5   5   2   3   1   4  10   5
DST1805*28  X220   0  14  15  14  10   8   8   6   3   3   5   8   8   4   3   4   4   6   5   3   4   5   9  10  11   7
DST1805*29  X220   0  14  17  19  17   8  10  10   5   6   5  10   9   7   3   3   4   2  -2  -4  -7  -7  -7  -6  -3   5
DST1805*30  X220   0   1   1   3   4   4   1  -2  -2  -1   4   5   8   6   2   5   7  10  12   9  10  10   9   2   3   5
DST1805*31  X220   0   1   6   8   7   7   7   7   6   6   9  13  16  16  13  16  29  28  19   9  -7   0   3  -7 -12   8
DST1806*01  X220   0  -9  -7   1   5  -3 -20 -39 -45 -26 -29 -26 -22 -19 -28 -28 -28 -28 -26 -32 -40 -40 -37 -31 -30 -24
DST1806*02  X220   0 -27 -24 -25 -34 -27 -23 -23 -19 -19 -17 -18 -21 -18 -13 -14 -13 -13 -12 -20 -29 -26 -23 -21 -26 -21
DST1806*03  X220   0 -20 -18 -19 -21 -19 -22 -20 -18 -18 -15  -9  -9 -12 -12 -13 -13 -12 -12 -19 -23 -23 -24 -25 -23 -17
DST1806*04  X220   0 -22 -17 -13 -16 -19 -19 -19 -18 -17 -16 -10  -6  -7  -8  -7  -7  -7 -13 -15 -18 -18 -15 -13 -11 -14
DST1806*05  X220   0  -9  -6  -7 -10  -9  -1   1  -3  -3  -3  -2  -1  -1  -2  -3  -1  -4  -9 -11 -15 -14  -8  -4  -7  -6
DST1806*06  X220   0  -8  -9  -9  -8  -7  -7  -6  -6  -7  -7  -6  -1   0   1   2   6   4  -2 -12 -23 -22 -23 -21 -18  -8
DST1806*07  X220   0 -20 -22 -22 -19 -17 -15 -12 -11  -7  -5  -8 -11 -13 -12 -12 -12 -12 -12 -11  -9  -6  -6  -3  -2 -12
DST1806*08  X220   0  -3  -5  -8 -12 -16 -14 -10  -9  -8  -7  -6  -6  -5  -3  -2   2   2   2   0  -1  -1   1   1   1  -4
DST1806*09  X220   0   1   0  -4  -4  -2  -2  -1  -7  -9  -2   1   1   2   3   5   5   4   5   1  -3  -4  -3  -1   0  -1
DST1806*10  X220   0   2   1   1   0   0   1   0  -2  -4  -4  -4  -3  -1  -1   1   3   0  -1  -1  -3   0  -1  -3  -4  -1
DST1806*11  X220   0  -5  -6  -6  -4  -4  -3  -1  -1  -1   0  -1   0  -2  -4  -3  -1  -2  -2   2   3   2   2   3   2  -1
DST1806*12  X220   0   0  -1   0   3   1   3   2   1   2   2   2   0  -3  -5  -4  -2   1   5   6   4   0  -2   1   4   1
DST1806*13  X220   0   8   8   5  -1  -4  -4  -4  -3  -1   1   3   8  10  11  13  15  15  18  16   7  -2  -4  -3   1   5
DST1806*14  X220   0   5   5   2  -2  -4  -1   1  -2  -6  -3  -1   2   0  -1  -1   2   3   2  -1  -5  -3   0   4   5   0
DST1806*15  X220   0   7   6   4   4   4   5   6   6   8   8   5   5   5   3   2   2   0   1   1   1   1   4   5   5   4
DST1806*16  X220   0   5   7   6   5   4   6   4   6   6   5   3   3   2   1   1   1   2   5   5   3   1   1   0   3   4
DST1806*17  X220   0   4   5   9   9   6   5   4   5   5   7  11  12  12  11  10  10  10  10  12  11  16  15  15  19  10
DST1806*18  X220   0  20  -1 -25 -35 -25 -13  -9 -10 -21 -12  -6  -4 -10 -15 -13 -13 -10 -10 -16 -20 -18 -14 -12  -9 -13
DST1806*19  X220   0 -10 -10 -13 -15 -15 -14 -15 -17 -15 -15 -12 -13 -14 -15 -15 -13 -10  -8 -10 -12 -10  -7  -5  -4 -12
DST1806*20  X220   0  -5  -4  -9 -11 -10 -10  -9 -11 -10  -7  -7  -9  -9 -11 -12 -11 -10  -8  -5  -4  -4  -1  -3  -4  -8
DST1806*21  X220   0  -7  -8  -8  -8  -9  -9  -8  -8  -7  -5  -4  -4  -3  -2  -2  -1  -1   0   1   0   1   0   0   2  -4
DST1806*22  X220   0   5   4   1  -1  -1  -3  -3  -1   1   1   0  -1  -2  -4  -4  -2   1   3   2  -2   2   5   6   4   0
DST1806*23  X220   0   1  -3 -12 -18 -20 -20 -12  -6  -3  -2 -15 -12  -8 -11 -10 -14 -16 -13 -11 -14 -15 -23 -27 -25 -13
DST1806*24  X220   0 -20 -21 -22 -26 -25 -26 -25 -23 -25 -26 -20 -19 -20 -18 -18 -18 -19 -17 -17 -20 -21 -21 -23 -18 -21
DST1806*25  X220   0 -11  -8 -10 -13 -13 -14 -17 -16 -14  -6  -3  -2  -9 -13 -12 -15 -17 -20 -25 -30 -37 -42 -40 -41 -18
DST1806*26  X220   0 -45 -47 -40 -40 -43 -39 -31 -37 -30 -18 -22 -27 -24 -16 -21 -25 -26 -30 -36 -39 -36 -31 -25 -22 -31
DST1806*27  X220   0 -19 -15 -13 -15 -20 -23 -21 -21 -19 -18 -20 -21 -21 -20 -19 -18 -18 -19 -18 -18 -18 -16 -15 -15 -18
DST1806*28  X220   0 -16 -13 -13 -14 -13 -11  -9  -7  -7  -7  -7 -12 -14 -14 -14 -14 -12 -12 -16 -18 -21 -20 -17 -11 -13
DST1806*29  X220   0 -11  -9  -9 -10 -13 -13 -13 -15 -16 -14 -13 -15 -15 -15 -12 -12 -11 -12 -13 -11 -10 -10  -9 -10 -12
DST1806*30  X220   0 -11 -11 -10  -8  -9 -11 -10  -7  -4  -8  -9  -8  -8  -6  -7  -9 -10  -5  -5  -6  -6  -8  -8  -5  -8
DST1807*01  X220   0  -3  -2  -1   0  -2  -3  -5  -8  -8  -4  -2  -1  -4  -5  -7  -8  -7  -6  -4  -2  -2  -2   0   0  -4
DST1807*02  X220   0   0  -2  -5  -5  -3  -2   0   1   1   2   1  -2  -2   0   0   0   1   0  -3  -5  -4  -1  -2  -2  -1
DST1807*03  X220   0   0   1  -1   0   3   5   6   5   6  10  11  10   8   8   5   1   3   7  10  12  15  16  11  10   7
DST1807*04  X220   0  11  12  10   7   7   7   7   5   5   6   7   5   5   5   3   4   3   3   1  -2   0   2   5   9   5
DST1807*05  X220   0   9   6   4   0  -3  -3  -2   0   4   4   3   4  11   6   8   4  -4 -12 -12 -26 -25  -4  -7 -12  -2
DST1807*06  X220   0 -13 -14 -14 -11 -10  -8  -6  -5   1   7   5   5   8   5   6   2   3   1  -5  -7  -7  -9 -11  -7  -4
DST1807*07  X220   0   1   3  -4  -7  -9 -10 -11  -9  -6  -4  -5  -8 -10 -11 -14 -13 -10  -5  -3  -3   1   0  -2  -2  -6
DST1807*08  X220   0  -3   0  -1  -1  -3  -6  -7  -5  -4  -2  -3  -4  -3  -3  -5  -6  -6  -4  -5  -6  -8  -7  -6  -6  -4
DST1807*09  X220   0  -5  -2  -2  -4  -6  -6  -5  -5  -4  -4  -4  -4  -5  -5  -4  -3  -2  -3  -4  -3  -1  -1  -2   1  -3
DST1807*10  X220   0   5   5   3  -1  -3   0   1   3   5   5   7  12  16  10   0  -1   1   3   2   0   0  -3  -4  -2   3
DST1807*11  X220   0  -2  -3  -3   3   9  10   6   8  12   4   2   6   9  11  14  12  14   7   5   6   2   0  -5   1   5
DST1807*12  X220   0   7   8   3   4  11  13   3  -7  -7   1   7   5   3   1  -3  -6  -6  -5  -4  -3  -2  -1  -1   3   1
DST1807*13  X220   0   2  -4  -7  -9  -6  -6  -7  -8  -7  -4   0   4   4  -1  -2  -6  -4  -3  -6  -7  -5  -6  -7  -4  -4
DST1807*14  X220   0   2   2   2   0  -2  -3  -2  -4  -3  -2  -1   0  -1  -2  -2  -3  -5  -7 -11 -11  -6  -3  -2  -3  -3
DST1807*15  X220   0  -3  -5  -6  -7  -9 -10 -10  -9  -8  -9 -10 -10  -8  -8  -8  -8  -7  -5  -3  -3  -3  -4  -5  -7  -7
DST1807*16  X220   0  -4   2   3   0  -2  -2   3  -3 -14 -17 -18 -17 -12 -10 -11  -7  -8  -9  -8  -6  -1   3   8   9  -5
DST1807*17  X220   0  10   8   6   7   5  -7 -16 -24 -18 -12 -10  -9 -13 -13 -13 -15 -12 -12 -11 -13 -13 -11 -13 -13  -9
DST1807*18  X220   0 -14 -13  -9  -8  -6  -5  -7  -6  -4  -5  -4  -2   0  -1  -1   0   0   1   0   0   0  -4  -4  -5  -4
DST1807*19  X220   0  -6  -7  -5  -2   0   3   2   2   5   3   1   2   2  -1  -3  -4  -4  -4  -5  -5  -5  -3  -2  -1  -2
DST1807*20  X220   0  -6  -4  -4  -1   2   2   6   5   1  -1  -5  -5  -4  -1  -2  -2  -1   0   0   3   2  -3  -3  -2  -1
DST1807*21  X220   0   0   2   4   1   1  -5  -8  -6 -15 -13 -11   0   3   0  -5 -12  -8  -7  -8 -11 -11  -8  -8 -11  -6
DST1807*22  X220   0 -14 -11  -8  -7 -10 -13 -14 -10 -12 -14 -12  -5  -3  -4  -6  -9 -10 -11  -9 -11 -10 -10  -9  -7 -10
DST1807*23  X220   0  -7  -9  -9  -7  -6  -9 -12 -14 -10  -6  -4  -3   0  -1  -5  -7  -7  -7  -8  -4  -3  -2   3   5  -6
DST1807*24  X220   0   3   0  -1   3   8   9 -11  -7   1  -4 -11  -6   4   8   6   1  -3  -5  -7 -14 -21 -17 -13  -7  -4
DST1807*25  X220   0  -6  -8 -14 -19 -17 -17 -19 -16 -12 -12 -11  -9  -7  -5  -7 -10 -11 -12 -11  -7  -8 -11 -11  -9 -11
DST1807*26  X220   0  -7  -7 -11 -14 -12  -9  -6  -5  -5  -4  -5  -5  -5  -2  -3  -5  -7  -9  -6  -6  -4  -4  -6  -7  -6
DST1807*27  X220   0  -8  -8  -8  -5  -3  -3  -2   0  -1   2   3   5   5   2   1   0   1   3   5   9  10   8   8   7   1
DST1807*28  X220   0   5   3   1  -1  -4  -4  -4  -3  -5  -6  -6  -4  -1  -2  -4  -7  -7  -7  -8  -5  -1  -2  -5  -5  -3
DST1807*29  X220   0  -6  -9 -12 -13 -15 -16 -13 -12 -12 -11  -9  -7  -6  -6  -8  -9  -9 -11 -11 -10  -2  -1  -5  -6  -9
DST1807*30  X220   0 -10  -9  -6  -4  -4  -4  -3  -2  -1   0   0  -2   5   8   9  11   8   6   2   1  -4  -5  -3   1   0
DST1807*31  X220   0  -2  -7  -9  -8  -4  -3  -3  -3  -3   0   0   4   4   4   8   9  10  12  13  14  19  16  11   5   4
DST1808*01  X220   0   1   3   6   7  10  10   9   9  10   7   3   4   2   2   6   7   7   8   7   6   3   9  12  13   7
DST1808*02  X220   0  18  14  11   8   6   4   3   6   6   6   6  11  11   3   3   4   5   5   4   2   4   7   8   9   7
DST1808*03  X220   0   9   8  14  12  13  11   6   5   5   1   2   7   6   3  -1  -1  -1   2   2   2   3   1   0   1   5
DST1808*04  X220   0   0  -2  -9 -11  -6  -3   1   2   2   3   1   1  -1  -3  -4  -4  -6  -6  -5  -2   1   2   2   4  -2
DST1808*05  X220   0   3   3   1  -2   4   8  11  12  13  10   6  -5  -8  -7  -7  -9  -9  -8  -6  -5  -4   0   1  -1   0
DST1808*06  X220   0  -4  -5  -4   0   2   1   2   2   2   6   2   2   5   5   3   3   5   3   1   5   8   7  11  10   3
DST1808*07  X220   0  10   9   3   0   3   1   4   9  11  12   7   8  14  10  14  15  18  17   9   0   0   2   6   9   8
DST1808*08  X220   0   9   5   1  -2  -3  -3  -2  -2   0   3   2   0  -1   0  -2  -3  -2  -5  -7  -6  -5  -5  -4  -3  -1
DST1808*09  X220   0  -5  -8  -9 -12 -10  -7  -6  -5  -3  -1  -1  -2  -5  -5  -5  -6  -5  -7  -6  -5  -2   1   3   4  -4
DST1808*10  X220   0   4   3  -1   0   0   3   6   7   7   8  10   8   8   8   7   3   3   3   1   2   0   0  -1   1   4
DST1808*11  X220   0   3   3   5   6   8   3   1   6   1   4   7   8   6   3  -7  -8  -2   2   2   1  -3 -14 -17 -15   0
DST1808*12  X220   0 -10  -6  -5  -6  -5  -4  -2   0  -1  -2  -3  -3  -1   7   9   9   7   5  -1  -8  -7  -6  -5  -3  -2
DST1808*13  X220   0  -3  -3  -2  -5  -6  -7  -6  -4  -5 -10 -13 -14 -14 -14 -11 -10  -7  -5  -4  -3  -3  -4  -1  -3  -7
DST1808*14  X220   0  -3  -1   1   0  -1  -2   1   2   1   2   4   5   3   4   6  10  12  13  14  15  15  14  11  12   6
DST1808*15  X220   0  12  10  10   9   9   9   3  -4 -11  -6  -3  -9 -22 -32 -32 -30 -24 -22 -26 -22 -15 -18 -24 -26 -11
DST1808*16  X220   0 -26 -28 -31 -34 -35 -33 -26 -20 -14 -11 -13 -19 -20 -16 -13 -15 -17 -16 -20 -21 -17 -18 -17 -17 -21
DST1808*17  X220   0 -18 -23 -24 -35 -38 -30 -30 -30 -26 -26 -24 -23 -22 -20 -18 -18 -19 -19 -20 -23 -25 -22 -19 -17 -24
DST1808*18  X220   0 -20 -17 -14 -11 -10 -18 -19 -19 -22 -20 -15 -15 -16 -14 -12 -17 -24 -26 -21 -18 -16 -17 -20 -22 -18
DST1808*19  X220   0 -20 -19 -17 -15 -17 -20 -21 -19 -16 -11 -10  -9  -8  -6  -5  -3  -3   3   5   7  11  14   6  -8  -8
DST1808*20  X220   0 -15 -19 -13 -11 -13  -7  -1  -6  -7  -8  -9 -11 -11 -13 -12 -10 -14 -20 -20 -19 -17 -17 -14 -12 -12
DST1808*21  X220   0 -17 -17 -14 -13 -13 -12 -11  -8  -7  -8 -11 -11 -13 -13 -14 -16 -17 -14 -10  -8  -5  -3  -2  -5 -11
DST1808*22  X220   0  -6  -5  -8 -14 -13  -9  -8  -8  -7  -7  -5  -4  -6  -8  -8 -10 -11 -10  -8  -6  -7  -6  -7 -11  -8
DST1808*23  X220   0 -13 -15 -14 -10  -8  -8  -8  -8  -8  -5  -6  -8  -9  -7  -9 -14 -15 -12 -13 -12 -12 -11 -10 -11 -10
DST1808*24  X220   0 -10  -8 -10  -9  -7  -7  -5   3   5   4   4   2   3  -3 -10 -13 -10  -7  -4  -4  -5  -6  -4  -4  -4
DST1808*25  X220   0  -3  -3  -1   2   5   5   5   8  16  11  15  13  14  17  13  10   8   5  -9 -26 -36 -31 -34 -50  -2
DST1808*26  X220   0 -60 -73 -85-104-129-156-175-176-153-159-143-130-113 -94 -80 -83 -86 -85 -75 -74 -81 -75 -69 -64-105
DST1808*27  X220   0 -62 -60 -60 -61 -63 -62 -68 -72 -70 -66 -61 -61 -58 -55 -59 -65 -64 -61 -56 -55 -53 -50 -49 -48 -60
DST1808*28  X220   0 -47 -45 -45 -44 -43 -42 -42 -44 -42 -43 -43 -40 -42 -46 -49 -48 -43 -38 -36 -34 -33 -32 -28 -28 -41
DST1808*29  X220   0 -31 -33 -35 -36 -37 -37 -37 -36 -35 -35 -35 -37 -39 -41 -43 -41 -41 -38 -34 -33 -36 -33 -32 -34 -36
DST1808*30  X220   0 -33 -32 -29 -26 -27 -27 -27 -29 -29 -28 -28 -27 -27 -28 -29 -29 -28 -25 -27 -31 -31 -30 -27 -25 -28
DST1808*31  X220   0 -27 -26 -26 -23 -20 -15 -10 -13 -15 -15 -15 -16 -12 -12 -19 -23 -22 -23 -22 -13 -15 -18 -19 -21 -18
DST1809*01  X220   0 -22 -22 -20 -19 -18 -16 -14 -13 -13 -14 -14 -13 -13 -14 -14 -17 -19 -21 -20 -19 -19 -16 -15 -15 -17
DST1809*02  X220   0 -19 -21 -20 -19 -18 -15 -12  -9 -10 -11 -12 -15 -16 -14 -15 -19 -18 -18 -18 -18 -18 -16 -13 -12 -16
DST1809*03  X220   0 -12 -12 -12 -10 -11  -9  -6  -7 -10 -10 -10 -11  -9  -9 -10 -11 -13 -11  -8  -8  -7  -7  -7  -2  -9
DST1809*04  X220   0   4   6   1  -3  -7 -15 -14 -13 -13 -13 -13 -13 -11  -6  -6  -9 -13 -14 -12 -12 -18 -18 -19 -27 -11
DST1809*05  X220   0 -31 -31 -35 -30 -25 -26 -21 -22 -23 -23 -29 -23 -18 -15 -21 -25 -25 -24 -24 -22 -22 -23 -22 -22 -24
DST1809*06  X220   0 -22 -22 -19 -18 -19 -22 -24 -21 -21 -20 -18 -19 -19 -21 -21 -19 -16 -17 -17 -16 -15 -11  -4   1 -18
DST1809*07  X220   0   9   5   5   6  10   8   6  -1  -3  -5  -8 -11 -16 -18 -19 -18 -18 -18 -17 -18 -18 -15 -14 -13  -8
DST1809*08  X220   0 -14 -10  -6  -6  -6  -6  -7   0  -1  -2  -6 -13 -15 -14 -11  -9 -10 -15 -16 -16 -15 -12 -10 -11 -10
DST1809*09  X220   0 -10  -9  -7  -5  -3  -3  -4  -4  -1  -5  -9  -9  -9 -10  -8  -6  -2  -8 -10  -8  -9 -10 -15 -16  -8
DST1809*10  X220   0 -13 -10  -9  -8  -8 -10 -10 -11  -9  -8  -7 -10 -19 -31 -32 -28 -31 -37 -43 -36 -34 -42 -58 -60 -24
DST1809*11  X220   0 -41 -30 -27 -34 -50 -46 -43 -48 -51 -69 -73 -68 -54 -54 -60 -62 -59 -55 -51 -45 -39 -33 -33 -33 -48
DST1809*12  X220   0 -30 -31 -32 -31 -29 -30 -31 -30 -29 -30 -27 -29 -30 -31 -28 -26 -28 -26 -26 -27 -25 -22 -20 -22 -28
DST1809*13  X220   0 -17 -18 -15 -22 -29 -34 -34 -30 -25 -24 -30 -36 -36 -37 -34 -35 -37 -32 -29 -29 -28 -27 -28 -29 -29
DST1809*14  X220   0 -31 -29 -30 -28 -27 -30 -29 -30 -31 -28 -26 -29 -29 -26 -25 -21 -16 -18 -17 -21 -33 -32 -26 -23 -26
DST1809*15  X220   0 -22 -24 -25 -26 -28 -29 -27 -26 -27 -27 -26 -22 -22 -22 -25 -25 -24 -24 -24 -22 -18 -18 -17 -18 -24
DST1809*16  X220   0 -19 -20 -22 -22 -22 -18 -15 -15 -17 -18 -16 -11  -6  -5  -7  -7  -4  -6 -11 -16 -16 -11 -10 -10 -14
DST1809*17  X220   0 -10  -8  -4 -13 -10 -13 -13 -15 -10  -6  -8  -5   0   1  -1  -1  -1  -9 -18 -18 -17 -21 -21 -18 -10
DST1809*18  X220   0 -13 -10  -8  -9 -10 -10 -16 -21 -28 -27 -20 -18 -14 -13 -13 -13 -10 -12 -14 -13 -10 -11 -11 -12 -14
DST1809*19  X220   0 -13 -11 -12 -14 -16 -17 -18 -20 -20 -19 -18 -16 -15 -13 -12 -13 -10 -10 -11 -12 -11 -12 -12 -13 -14
DST1809*20  X220   0 -13 -18 -19 -14 -10 -10 -11 -14 -14 -13 -10  -9  -9  -8  -8  -7  -5  -6  -6  -5  -6  -6  -7  -7 -10
DST1809*21  X220   0  -6  -6  -6  -6  -6  -6  -8  -8  -4  -4  -8 -11 -13  -9  -7  -4   1   7   5   3   4   5  -5 -16  -5
DST1809*22  X220   0 -25 -28 -38 -49 -47 -48 -48 -53 -49 -47 -38 -40 -38 -40 -30 -24 -24 -30 -34 -41 -37 -31 -28 -23 -37
DST1809*23  X220   0 -24 -27 -26 -27 -30 -38 -41 -40 -36 -32 -25 -25 -24 -27 -29 -27 -24 -21 -20 -24 -30 -29 -25 -25 -28
DST1809*24  X220   0 -22 -11  -6  -9 -11 -10 -15 -18 -21 -18 -17 -13 -12 -12  -7  -4  -4  -9 -15 -14 -15 -16 -16  -8 -13
DST1809*25  X220   0  -6  -2   1   1  -2  -5  -7  -6  -4  -2  -1  -4   2   5   4  -2  -5  -5  -7 -10 -21 -25 -21 -18  -6
DST1809*26  X220   0 -16 -14 -13 -13 -14 -18 -21 -20 -15 -10  -8  -5  -6  -9 -15 -24 -26 -19 -15 -18 -17 -15 -18 -11 -15
DST1809*27  X220   0  -9  -6  -6  -9 -13 -16 -15 -16 -16 -15 -14 -12 -10  -8  -9  -9  -7  -8  -6  -1   0   2  -1  -6  -9
DST1809*28  X220   0 -11 -14 -17 -15 -19 -23 -20 -21 -17 -13  -8  -5  -6  -7  -7  -4  -1   1   3   3   1  -2  -6  -5  -9
DST1809*29  X220   0 -10  -5 -11 -10 -11 -16 -14 -22 -27 -28 -26 -22 -20 -19 -19 -20 -17 -22 -21 -18 -16 -13 -16 -11 -17
DST1809*30  X220   0  -7  -8 -11 -17 -17 -14 -13 -14 -13 -13 -14 -13 -13 -11 -12 -11  -9  -8 -10 -12 -10 -11 -13 -13 -12
DST1810*01  X220   0 -12 -12 -10  -8  -9 -11 -12 -11 -13 -14 -14 -14  -5  -5  -5  -6  -6  -7  -9 -10  -8  -6  -7 -13  -9
DST1810*02  X220   0 -14 -17 -15 -15 -17 -18 -16 -17 -12  -8  -7  -7  -4  -3  -5  -4  -4  -4  -9 -15 -16 -15 -15 -14 -11
DST1810*03  X220   0 -13 -13 -13 -15 -16 -14 -11  -8  -6  -5  -1   4   4   4   3   7   6   7  10   6   3   0   0  -4  -3
DST1810*04  X220   0  -5  -8  -8 -11 -12 -13 -12 -10  -7  -6  -3  -1   1  -3 -10 -10  -7  -3  -2  -1   0   0   0   0  -5
DST1810*05  X220   0  -4  -5 -12 -10  -9  -4  -2  -7 -13  -9  -5  -3  -2   4   5  -4  -6  -8  -6  -7 -10 -10  -7  -3  -6
DST1810*06  X220   0  -3  -4  -2   0  -1  -2  -1  -6  -8  -8 -10  -5  -2  -2  -4  -6  -1   1   2   0  -3  -4  -4  -3  -3
DST1810*07  X220   0  -2  -3  -5  -3  -3  -3  -3   0   4  11  18  10  -3  -8  -7 -18 -36 -43 -43 -47 -54 -54 -50 -41 -16
DST1810*08  X220   0 -35 -32 -33 -40 -43 -42 -40 -40 -41 -39 -39 -46 -40 -38 -40 -39 -34 -31 -34 -32 -30 -29 -27 -26 -36
DST1810*09  X220   0 -25 -25 -25 -26 -27 -29 -33 -43 -41 -33 -31 -24 -23 -22 -22 -21 -29 -34 -31 -28 -28 -30 -35 -36 -29
DST1810*10  X220   0 -34 -34 -31 -27 -25 -25 -25 -24 -23 -20 -19 -25 -33 -37 -38 -37 -31 -34 -37 -37 -34 -34 -30 -28 -30
DST1810*11  X220   0 -35 -44 -45 -41 -37 -35 -36 -36 -33 -33 -28 -24 -25 -23 -23 -21 -20 -20 -18 -19 -23 -27 -27 -26 -29
DST1810*12  X220   0 -28 -28 -28 -29 -26 -25 -24 -21 -22 -24 -23 -22 -23 -21 -19 -20 -21 -18 -15 -17 -17 -17 -16 -16 -22
DST1810*13  X220   0 -17 -19 -22 -20 -17 -13 -10  -6  -5  -5  -4  -1  -5  -8  -7  -6 -14 -29 -38 -38 -34 -33 -41 -40 -18
DST1810*14  X220   0 -36 -33 -30 -28 -25 -25 -26 -27 -24 -22 -21 -22 -19 -18 -16 -15 -12  -9  -8  -9  -8 -10 -10 -13 -19
DST1810*15  X220   0 -15 -16 -19 -19 -20 -18 -17 -17 -17 -18 -18 -17 -18 -20 -18 -16 -11 -16 -21 -19 -16 -18 -19 -18 -18
DST1810*16  X220   0 -14  -9  -9 -11 -13 -16 -13 -13 -15 -15 -12  -9  -9  -8 -10 -11 -10 -11 -12 -14 -15 -17 -15 -12 -12
DST1810*17  X220   0 -11 -10  -9  -9 -12 -11 -11 -14 -14 -13 -12 -14 -15 -16 -15 -16 -14 -13 -10  -9  -9  -9  -8  -7 -12
DST1810*18  X220   0  -8  -7  -8  -8  -6  -6  -5  -7  -7  -6  -4  -6  -8  -9  -7  -7  -6  -4  -5  -5  -5  -5  -5  -6  -6
DST1810*19  X220   0  -7  -8 -10  -9  -8  -8  -6  -3  -1  -1  -3  -7  -9  -9  -7  -8  -7  -4  -3  -4  -5  -4  -3  -2  -6
DST1810*20  X220   0  -1   1   2   2  -1  -3  -3  -3  -4  -4  -4  -4  -3  -3  -3  -4  -5  -6  -7  -6  -3  -2  -4  -2  -3
DST1810*21  X220   0   1   4   6   5   5   7   7   7   9  10   8  -2  -9 -13 -10  -9  -8  -6  -6  -7  -7  -3  -3  -6  -1
DST1810*22  X220   0  -7  -7  -3  -2  -6  -4  -3  -3  -3  -6  -8  -8 -10 -12 -15 -14 -16 -20 -20 -20 -19 -17 -16 -16 -11
DST1810*23  X220   0 -16 -15 -13 -10 -10  -9  -8  -9 -10 -12 -11 -11 -11  -9  -5  -3   0   0  -2  -1  -2  -2  -2  -2  -7
DST1810*24  X220   0  -2   1   0   1  -1  -3  -1   1   1   0  -7  -9  -7  -5  -1   0  -2  -3  -7 -10  -9  -8  -9  -9  -4
DST1810*25  X220   0  -6  -3  -2  -2  -1  -4  -4  -2  -5  -7  -5  -6  -8  -4   0   0  -5  -5  -6 -10 -13 -10  -9 -11  -5
DST1810*26  X220   0 -10  -7  -2   2   7   8   8   2   0  -1  -3  -2  -1  -4  -3  -3  -2  -3  -4  -5 -10 -15 -16 -13  -3
DST1810*27  X220   0 -11  -8  -9 -10 -10 -10 -12 -15 -15 -13 -11  -5  -6  -5  -5  -5  -5  -6  -7  -7  -6  -6  -7 -10  -9
DST1810*28  X220   0 -11 -11 -10  -5  -4  -5  -5  -4  -4  -5  -4  -2  -2  -1   0   0  -1  -3  -6  -7  -6  -7  -3  -2  -5
DST1810*29  X220   0  -2  -2  -3  -2  -1  -1   2   4   4   4   5   7   6  10   6   3   3   3   5   7   5   3   2   2   3
DST1810*30  X220   0   2   1  -2  -1   0   3   6   6   6   4   2   3   2   3   4   3   3   4   2   0   0   0   2   2   2
DST1810*31  X220   0   0   0  -1  -1   1   2   4   4   3   4   6   7   4   4   3   1   1   1   3   4   2   4   4   4   3
DST1811*01  X220   0   4   6   4   4   5   8   9   6  -2  -2   0  -2  -3  -3  -5  -5  -3   2   0  -2  -3  -1   1   0   1
DST1811*02  X220   0   0   1   2   3   3   3   5   6   6   7   7   6   3   1   3   2   2   2   5   5   5   7  10  10   4
DST1811*03  X220   0   7   4   0   0   0   1   2   2   1   1   3   4   3   3   3   2   1   2   0  -1  -2  -2  -1   1   1
DST1811*04  X220   0   4   7   9   9   9  10  12  13  10  12  11   5  -3  -5 -12 -20 -25 -26 -36 -41 -31 -24 -12 -22  -6
DST1811*05  X220   0 -24 -15 -14 -22 -26 -57 -56 -48 -51 -50 -43 -51 -53 -47 -41 -43 -47 -52 -51 -43 -40 -40 -34 -32 -41
DST1811*06  X220   0 -30 -26 -25 -23 -23 -24 -28 -32 -35 -38 -37 -35 -34 -28 -28 -29 -27 -24 -25 -23 -18 -16 -17 -19 -27
DST1811*07  X220   0 -20 -19 -20 -23 -26 -27 -27 -26 -28 -28 -25 -24 -23 -21 -21 -21 -20 -16 -14 -11 -18 -23 -25 -20 -22
DST1811*08  X220   0 -16 -14 -16 -21 -17 -14 -15 -21 -21 -23 -27 -26 -23 -19 -18 -22 -25 -24 -23 -20 -19 -20 -21 -23 -20
DST1811*09  X220   0 -22 -19 -18 -17 -16 -18 -18 -16 -15 -14 -16 -19 -24 -27 -27 -25 -15 -23 -25 -32 -43 -47 -44 -38 -24
DST1811*10  X220   0 -31 -25 -18 -16 -18 -19 -17 -16 -14 -19 -22 -25 -26 -26 -26 -22 -20 -20 -19 -26 -27 -22 -19 -12 -21
DST1811*11  X220   0 -21 -20 -20 -17 -17 -18 -20 -18 -17 -18 -19 -22 -21 -17 -12  -9  -7  -8 -12 -14 -16 -13 -12 -12 -16
DST1811*12  X220   0  -9 -11 -11 -12 -11 -18 -26 -31 -30 -26 -28 -29 -24 -22 -21 -18 -16 -14 -15 -20 -21 -20 -19 -18 -20
DST1811*13  X220   0 -19 -17 -18 -18 -18 -18 -16 -15 -17 -17 -16 -15 -17 -18 -17 -17 -15 -15 -16 -14 -11 -11 -11 -12 -16
DST1811*14  X220   0 -10 -10 -10  -9  -8  -7  -4  -4  -3  -5  -4  -4  -4  -5  -3  -3  -2  -3  -4  -4  -7 -10 -12 -13  -6
DST1811*15  X220   0 -11 -11 -10 -11 -11  -9  -8  -7  -7  -8  -7  -7  -7  -8  -8  -5  -4  -3  -2  -2  -3  -4  -4  -2  -7
DST1811*16  X220   0  -1   0   0  -1  -5  -4  -4  -6  -4  -3  -2  -2  -4  -4  -6  -6  -5  -2  -3  -3  -3  -3  -1   0  -3
DST1811*17  X220   0   0  -1   0  -1  -3  -6  -7  -7  -6  -5  -6  -7  -7  -6  -4  -3  -4  -8  -8  -8  -9  -9  -9 -10  -6
DST1811*18  X220   0  -9 -10  -9 -10  -7  -5  -3  -4  -2  -2  -3  -2  -3  -4  -3   2   1   0  -2   0   3   5   7   8  -2
DST1811*19  X220   0  10   9   6   2  -1  -1  -3  -4  -1  -2  -1  -2  -2  -2  -3  -5  -8 -11 -13 -10  -8  -3   0   0  -2
DST1811*20  X220   0   7   5  -2  -3  -5  -6 -11  -7  -7  -5  -7  -7  -9  -7  -5  -5  -5   0   0   2   3  -2  -1   2  -3
DST1811*21  X220   0   7   9   7   4   4   9   6   0   0  -5  -7  -7  -8  -8 -10  -9 -10 -11 -12 -12  -9  -7  -7  -8  -4
DST1811*22  X220   0  -7  -7  -9  -7  -9 -10 -10 -10  -9  -8  -5  -4  -3  -3  -4  -3  -7  -8  -9  -7  -6  -1   2   2  -6
DST1811*23  X220   0   4   3   2  -1   0   2   4   6   3   3   4   3   3   1  -1   0   2   1   0   0   1   1   3   5   2
DST1811*24  X220   0   8   7   3   2   1   1   0  -1  -1  -3   1   4   8   8   3   2   0   4   8   7   2   5   7   9   4
DST1811*25  X220   0  12  12   8   2  -3  -3  -3  -4  -3  -6  -9  -9  -9  -8  -5  -1   1   3   1   0  -2  -4  -6  -5  -2
DST1811*26  X220   0  -4  -4  -4  -1  -2   0   0  -1  -2  -5  -6  -5  -3  -2  -2  -1   0   0  -3  -3  -2  -1  -1  -1  -2
DST1811*27  X220   0   1   1   2   6  11  11   7   6   8   7   5   7   8   5   5   3   3   5   3  -1   1   0  -4  -2   4
DST1811*28  X220   0   0  -2  -5  -3  -2  -1  -3  -3  -3  -5  -6  -4  -3  -4  -2   0   1   1  -1  -2  -2  -3  -3  -6  -3
DST1811*29  X220   0  -5  -3  -4  -3  -1  -1  -1  -1   0  -1  -4  -6  -7  -8  -7  -6  -3  -3  -3  -4  -3  -1  -1  -4  -3
DST1811*30  X220   0  -1  -2  -4  -3  -2  -2  -2  -1   0   2   1   1   0  -2  -5  -3  -1  -1  -1  -2  -1   2   2   3  -1
DST1812*01  X220   0   3   4   4   2   1   3   7  10  13  13  11  14  10   2   6   8   4  -1  -2  -5  -9  -7  -3  -2   4
DST1812*02  X220   0  -3  -4  -9 -15 -18 -18 -10  -4   0  -2  -6  -4  -9 -10  -8  -8  -9 -12 -14 -13 -14 -11 -13  -7  -9
DST1812*03  X220   0   2   4   2  -6  -8  -9 -11 -10  -5  -7  -8  -6  -6  -7  -9 -12 -17 -20 -19 -17 -14 -10  -9  -5  -9
DST1812*04  X220   0  -5  -7 -11 -17 -18 -20 -18 -19 -17 -13 -10  -7  -7  -6  -5  -1  -5 -10 -13 -10  -7  -6  -7  -4 -10
DST1812*05  X220   0  -5  -5  -6  -9  -9  -8  -7  -7  -5  -6  -6  -4  -6  -7  -8  -7  -7  -8  -8 -10  -7 -11 -15 -13  -8
DST1812*06  X220   0 -10  -9 -10 -13 -15 -15 -17 -16 -16 -16 -16 -17 -16 -16 -14 -13 -15 -15 -11  -8  -6  -5  -2   2 -12
DST1812*07  X220   0   5   7   6   5   3   2   8   3   3  -1  -1  -8 -14 -16 -14 -15 -11 -16 -18 -25 -20 -19 -14 -10  -7
DST1812*08  X220   0  -6  -5 -10 -14 -14 -15 -14 -16 -14 -18 -18 -11 -10 -12 -13 -17 -20 -21 -17 -16 -16 -15 -11  -7 -14
DST1812*09  X220   0  -4  -5  -3   0   1  -2  -2  -5  -2  -2  -4   3   3   1  -4  -7 -11 -14 -14 -13  -9 -15 -16 -12  -6
DST1812*10  X220   0  -8 -10 -13 -14 -13 -11 -11 -15 -15 -15 -19 -16 -13 -12 -13 -13 -12 -13 -15 -16 -15 -14 -13 -12 -13
DST1812*11  X220   0 -10 -10 -10 -12 -10 -11 -14 -16 -19 -16 -16 -13 -14 -18 -18 -16 -17 -18 -20 -20 -17 -17 -18 -16 -15
DST1812*12  X220   0 -13 -14 -15 -14 -11 -10 -10 -10  -9  -9 -11 -11 -14 -17 -14 -13 -13 -12 -13 -15 -14 -10 -12 -12 -12
DST1812*13  X220   0 -14 -16 -14 -14 -13 -10  -7  -6  -6  -6  -7  -6  -8 -10  -8  -7  -5  -5  -5  -7  -8  -7  -7  -6  -8
DST1812*14  X220   0  -8  -9  -8  -9  -7  -6  -5  -5  -4  -4  -6  -9 -10  -9  -7  -5  -2  -2  -1  -1   0   2   2  -2  -5
DST1812*15  X220   0  -4  -2  -3  -3  -3  -3  -5  -5  -6  -7  -7  -6  -5  -6  -6  -7  -6  -5  -3  -3  -2  -3  -2  -2  -4
DST1812*16  X220   0  -5  -3  -4  -6  -5  -2  -2  -2   0   2   2   3   1  -2   0   1   1   0  -3  -3  -3  -5  -2   3  -1
DST1812*17  X220   0  10  11  12  11  10  14  17  13  20  20  12   9   7   6   3  -1  -1   2  -4 -11  -9 -10  -5  -9   5
DST1812*18  X220   0 -16 -20 -18 -15 -13 -14 -18 -17 -15 -11  -9  -6  -1   1  -6 -14 -18 -17 -14 -11  -8  -3  -2  -2 -11
DST1812*19  X220   0  -1  -4  -5  -9 -10 -14 -12 -13 -13 -16 -13 -13 -10  -8  -7  -6  -4  -3  -6  -6  -8  -8  -7  -6  -8
DST1812*20  X220   0  -9  -7 -10  -5  -4  -4 -10  -8  -5  -5  -9  -7 -12 -16 -16 -14 -14 -11 -11 -10  -9 -11 -10  -5  -9
DST1812*21  X220   0  -5  -8  -8  -9 -12 -14 -16 -18 -14 -12 -14 -13 -13 -11 -13 -10  -9  -9 -11 -12 -13 -13 -12 -11 -12
DST1812*22  X220   0 -12 -12 -12 -16 -16 -11 -11  -9  -8  -8  -8  -8  -7  -8  -5  -7  -8  -7  -5  -4  -4  -5  -2   0  -8
DST1812*23  X220   0   0  -1  -2  -3  -6  -9  -9  -7  -6  -7  -6  -3   1   2   2  -4  -7  -7  -4  -2  -1  -1  -2   0  -3
DST1812*24  X220   0   0   1   2  -1  -5  -7  -6  -2   1   2   4   6   6   5   2  -3  -4  -3   2   0  -1  -1  -2  -7   0
DST1812*25  X220   0  -8  -9  -8  -5  -4  -5  -5  -3  -2  -1   0   2   3   2  -3  -9 -10  -8  -7  -4  -5  -8  -7  -3  -4
DST1812*26  X220   0   0   0  -2  -2  -3  -4  -5  -6  -8  -9  -7  -5  -5  -6  -8  -9 -10 -10  -5  -5  -3  -2   0   0  -5
DST1812*27  X220   0  -3  -2  -3  -2  -2  -4  -5  -5  -4  -1   1   1   3   6   8   9   8  12  12  12  17  18   7   5   4
DST1812*28  X220   0  -4  -9 -16 -14 -10  -8 -12 -26 -21 -14 -15 -17 -12 -12 -13 -11 -15 -13 -18 -19 -19 -23 -21 -16 -15
DST1812*29  X220   0 -17 -15 -17 -20 -19 -23 -25 -26 -25 -25 -25 -21 -19 -21 -24 -22 -18 -11  -7  -5  -7  -7  -9 -10 -17
DST1812*30  X220   0 -11 -13 -13 -12 -15 -22 -24 -22 -16 -18 -18 -13 -13 -16 -15 -13 -10  -2   0  -1  -1  -4  -8  -8 -12
DST1812*31  X220   0 -11 -11 -12 -10  -8  -8 -11 -10  -8 -12 -15 -18 -21 -19 -14 -12 -11  -9  -7  -6 -11 -11  -9  -9 -11
DST1901*01  X220   0  -8 -11  -9  -7  -4  -9 -12 -17 -22 -22 -20 -14 -15 -16 -13 -12 -10  -7  -7 -11 -12 -12 -12 -14 -12
DST1901*02  X220   0 -15 -15 -13 -12 -11  -9  -8  -6  -6  -5  -5  -7 -10 -14 -14 -12  -9  -7  -6  -4  -5  -4  -5  -7  -9
DST1901*03  X220   0  -8  -9 -10 -12 -13 -13 -13 -11  -7  -4  -1   1   0   1   3   4   1   1   0  -3  -5  -6  -3   1  -4
DST1901*04  X220   0   2   1   0  -4  -5  -4   2   3   3  -1  -5   4   8   0  -1   6   8  -1  -9 -11  -8  -9  -6  -1  -1
DST1901*05  X220   0 -18 -17 -15 -22 -20 -16 -12 -13 -16 -15 -10 -14 -16 -12  -9 -11 -17 -24 -22 -20 -17 -18 -18 -19 -16
DST1901*06  X220   0 -16 -15 -15 -17 -16 -11 -13 -15 -12 -12 -10  -8  -9 -13 -13 -12  -9  -9 -12 -18 -19 -15 -13 -13 -13
DST1901*07  X220   0 -10 -10 -10 -12 -10 -10 -12 -17 -19 -18 -14 -13  -9  -6  -5  -2  -4  -4  -4  -6  -5  -7  -7  -4  -9
DST1901*08  X220   0  -2  -4  -4  -2  -3  -4  -6  -5  -5  -6  -7  -6  -9  -4  -3  -3  -6  -4  -3  -3  -2  -2  -2  -5  -4
DST1901*09  X220   0  -4  -3  -5  -2  -1   1  -2  -1  -6  -3  -1   0   0   1  -1  -3  -6  -5  -4  -4  -4  -6  -6  -6  -3
DST1901*10  X220   0  -7  -9  -7  -6  -4  -4  -3  -1  -4  -2   3   7   5  -1  -2   2   3   6   3   2   1  -2  -4  -4  -1
DST1901*11  X220   0  -3   1   1  -3   2   4  -1  -5  -7  -6  -6  -7  -7  -7  -6  -6  -4  -4  -2  -1  -1  -2  -4  -8  -3
DST1901*12  X220   0 -11 -10 -13  -9  -5  -5  -5  -5  -5  -7 -10 -11  -8  -8  -7  -6  -5  -4  -2  -3  -5  -5  -5  -6  -7
DST1901*13  X220   0  -5  -6  -7  -8  -8  -3   2   5   6   4   1   0  -1  -2  -1   2   2   2   3   3   5   9  14  18   1
DST1901*14  X220   0   9  11  11  13  12  12  10   6   1   2   2  -2  -6  -7   1   5   5   2   3   3  11  13  10   8   6
DST1901*15  X220   0   3   2   0  -2  -3  -4  -3   2   8   7   5   0  -4  -5   0   1  -2  -4   0   4   3   4   2   1   1
DST1901*16  X220   0   1   1   1   2   2  -7 -12  -9  -5  -2  -4  -5  -6  -6  -5  -1  -2  -5  -6 -10 -19 -24 -23 -25  -7
DST1901*17  X220   0 -20 -15 -13 -14 -16 -14 -12  -7  -2   1   1  -5  -7 -11 -11 -13 -15 -17 -19 -16 -10 -11  -8 -10 -11
DST1901*18  X220   0 -11  -7  -6  -8  -6  -7  -6  -5  -5  -3  -8  -9  -9  -9 -10  -9  -9 -14 -15 -16 -13  -9  -3  -1  -8
DST1901*19  X220   0   1   1  -2  -6  -8  -6  -6  -5  -5  -4  -5  -7  -7  -7  -7  -7 -11 -15 -18 -16 -14 -12  -8  -6  -8
DST1901*20  X220   0   0   3   2  -2  -4  -3  -4  -5  -4  -3  -5  -7  -6  -6  -4  -3  -1  -4  -5  -4  -5  -8  -4   1  -3
DST1901*21  X220   0   7   8   7   2  -2  -3  -2  -2   0  -1   0  -1  -3  -5  -6  -2  -1  -1  -1   2   5   8  11  12   1
DST1901*22  X220   0  14  14  13  12  10   9   3  -1  -1   0  -1  -2  -2  -1   4   4   1   1  -2  -7  -9 -11  -7  -1   2
DST1901*23  X220   0   6   8   8   6   3   4  -4  -8  -1   0 -11 -12  -3  -5  -9  -6   1   3   7   8   6   0  -1  -5   0
DST1901*24  X220   0   6   7   8   1 -10 -17 -20 -17 -12 -10  -8  -5  -4  -4  -5  -1  -1  -6 -20 -21 -15 -12 -12  -6  -8
DST1901*25  X220   0  -3  -1  -6 -10 -15 -18 -18 -14 -15  -9 -10 -10 -14 -16 -17 -15 -11 -13 -15 -11  -9  -9  -7  -7 -11
DST1901*26  X220   0  -7  -7  -8 -10  -9  -5  -5  -5  -5  -3  -6  -7  -9 -12 -12 -11 -10 -11 -13 -13 -11 -10  -7  -4  -8
DST1901*27  X220   0  -3  -5  -9 -12 -11  -9  -7  -5  -4  -3  -5  -7  -7  -9  -9 -10 -11 -12 -13 -13  -9  -6  -6  -7  -8
DST1901*28  X220   0  -7  -6  -6  -6  -5  -4  -5  -5  -6  -5  -6  -6  -4  -1  -2  -3  -5  -6  -7  -5  -4  -4  -4  -6  -5
DST1901*29  X220   0  -4  -2  -1  -2  -2  -3   0   1   4   6   5   3   3   0  -4  -5  -5  -6  -6  -4  -2   0   2   2  -1
DST1901*30  X220   0   3   4   3   0  -2  -1   0   0  -2  -2  -2   2   4   3   3   6   5   6   5   4   3   5   6   6   2
DST1901*31  X220   0   9  14  24  24  23  18  10   9   9  10   8   2   0  -2  -6 -13 -14 -15  -5  -2   1 -10 -25 -19   2
DST1902*01  X220   0  -8  -4  -6 -18 -23 -27 -24 -31 -30 -23 -25 -20 -17 -20 -29 -35 -30 -31 -29 -25 -19 -19 -14 -14 -22
DST1902*02  X220   0 -13 -16 -15 -20 -22 -21 -18 -25 -32 -32 -28 -25 -23 -22 -24 -27 -23 -20 -23 -16 -18 -18 -11  -9 -21
DST1902*03  X220   0 -11 -16 -22 -22 -26 -28 -29 -29 -24 -22 -23 -20 -18 -18 -16 -15 -16 -18 -19 -18 -20 -24 -23 -20 -21
DST1902*04  X220   0 -16 -16 -17 -16 -16 -16 -15 -17 -19 -18 -15 -14 -16 -22 -28 -28 -28 -24 -23 -25 -20 -17 -20 -21 -19
DST1902*05  X220   0 -13  -7  -7 -13 -14 -12 -16 -16 -17 -16 -14 -12 -12 -12 -12 -10  -8  -9 -12 -15 -16 -15 -13  -9 -13
DST1902*06  X220   0  -4  -2  -4 -10 -10  -6  -4  -7 -13 -12 -14 -16 -25 -21 -15 -12  -9 -13 -16 -13 -17 -15 -14 -14 -12
DST1902*07  X220   0 -13 -13 -14 -15 -15 -14 -13 -12 -12 -13 -13 -11  -8  -8  -9  -8 -10 -10  -8  -7 -12 -20 -24 -22 -13
DST1902*08  X220   0 -16 -10 -12 -15 -15 -13 -13 -16 -17 -25 -22 -16 -12 -10 -10 -10 -12 -12 -11 -10 -13 -17 -17 -14 -14
DST1902*09  X220   0 -15 -13 -13 -11 -12 -10 -12 -12 -16 -20 -16 -10  -7  -6  -5  -6  -7 -11 -14 -13 -11  -9  -8  -7 -11
DST1902*10  X220   0  -3  -3  -5  -5  -4  -5  -7 -12 -14 -11  -9  -5  -5  -4  -5  -7  -8 -10 -11 -11 -11 -10 -12  -9  -8
DST1902*11  X220   0  -6  -4  -5  -6  -6  -8  -8  -6  -4  -5  -4  -8  -5  -3  -4 -12 -15 -15 -16 -13 -12 -10  -9  -9  -8
DST1902*12  X220   0  -5  -6  -9 -13 -13 -10  -6  -6  -8  -6  -4  -1  -1  -5  -8  -8 -10  -8  -9  -8  -9  -6 -10  -9  -7
DST1902*13  X220   0  -9  -6  -6  -8  -7  -4  -5 -10 -12 -13 -22 -22 -26 -25 -19 -16 -17 -16 -16  -9  -5  -5 -10 -11 -12
DST1902*14  X220   0 -11  -9 -11 -14 -13 -12 -10 -13 -14 -19 -14 -11  -8  -8  -8  -7  -8  -8  -8 -12 -12 -12  -7  -3 -11
DST1902*15  X220   0  -2  -3  -7 -10 -10 -10 -10 -11 -12  -9  -9  -9 -10  -9  -7  -7  -9  -9 -10  -9  -9  -8  -7  -6  -8
DST1902*16  X220   0  -4  -1  -1  -3  -5  -9 -10  -8  -8  -8  -7  -6  -7  -6  -8  -6  -7  -9 -11  -9  -6  -3  -2  -1  -6
DST1902*17  X220   0   3   4   0  -3  -5  -5  -6  -9 -11 -12  -9  -6  -5  -4  -4  -4  -5  -6  -6  -6  -6   0   4   4  -4
DST1902*18  X220   0   3   3  -1  -8 -10  -8  -8  -8  -9 -11 -10  -7  -6  -8 -11 -12 -10 -10 -10  -9 -10 -10  -7  -5  -8
DST1902*19  X220   0  -5  -5  -6  -7  -7  -7  -9 -11 -11 -10  -8  -8  -9  -8  -8  -7  -8  -8  -9  -8  -8  -8  -7  -6  -8
DST1902*20  X220   0  -4  -1   1   2   1  -1  -1   0   0  -1   0   2   4   5   7  11  11  14  15  13  11   3  -6  -7   3
DST1902*21  X220   0  -7  -8  -5  -4  -3  -2  -3  -6  -4  -4  -3  -3  -2  -2   1   3   0  -1  -1  -2  -2  -4 -13 -17  -4
DST1902*22  X220   0 -13  -7  -7 -10 -10 -10 -10 -11 -14 -16 -14 -12 -10  -6  -2  -1  -1   0  -1  -4  -5  -4  -5  -6  -7
DST1902*23  X220   0  -4   1   3   4   4   2  -1   0   0   0   0   1   3   5   5   2   0  -1  -2  -2  -2  -3  -2  -2   0
DST1902*24  X220   0  -3  -2   0   0   1   0  -1   1  -1  -1  -1   1   1   2   1  -1   1   2   2   3   1   2   0  -2   0
DST1902*25  X220   0  -3  -2  -2  -1   0   0  -2   2   5   5   6   6   5   6   6   5   5   4   4   5   4   3   2   1   3
DST1902*26  X220   0  -2  -2  -1  -1   0   0   1   2   0  -2  -1   0   0   1   3   0   0   3   4   4   3   2   0  -2   1
DST1902*27  X220   0  -2   0   2   2   2   1   2   7  12  14  19  20  15   8   7   3  -3 -15 -20 -17 -14 -13 -28 -27  -1
DST1902*28  X220   0 -17 -11 -18 -20 -16 -16 -20 -19 -17 -19 -17 -15 -16 -17 -19 -22 -22 -20 -29 -41 -40 -38 -34 -32 -22
DST1903*01  X220   0 -30 -31 -29 -25 -28 -27 -27 -28 -26 -22 -26 -26 -21 -15 -15 -22 -24 -25 -29 -33 -34 -31 -28 -26 -26
DST1903*02  X220   0 -23 -24 -21 -19 -23 -26 -25 -27 -25 -23 -22 -21 -16 -20 -22 -20 -20 -25 -29 -27 -24 -22 -23 -22 -23
DST1903*03  X220   0 -22 -21 -20 -21 -20 -19 -17 -17 -17 -18 -19 -17 -15 -14 -15 -15 -17 -17 -17 -18 -18 -19 -20 -21 -18
DST1903*04  X220   0 -21 -19 -21 -24 -23 -26 -26 -26 -27 -24 -27 -28 -25 -21 -23 -22 -22 -21 -21 -16 -17 -18 -19 -22 -22
DST1903*05  X220   0 -25 -26 -24 -21 -18 -16 -16 -16 -14 -11 -11 -12 -10  -9 -11 -14 -14 -13 -11 -11 -14 -16 -16 -15 -15
DST1903*06  X220   0 -14 -12  -9  -7  -5  -5 -13 -12  -7  -4   0   4  -1  -4  -6 -10 -13 -18 -22 -25 -25 -21 -19 -16 -11
DST1903*07  X220   0 -13 -13 -13  -9  -5  -4  -5  -4  -1   0   0   3   0  -2  -8 -16 -24 -23 -14 -15 -17 -18 -21 -23 -10
DST1903*08  X220   0 -18 -17 -16 -15 -12 -12 -14 -16 -18 -17 -11  -7  -6  -8 -11 -15 -16 -15 -13 -12 -11  -9  -8  -8 -13
DST1903*09  X220   0  -9  -7  -3   0   2   2  -1  -4  -5 -10  -8  -7  -7  -9 -12 -12 -13 -10 -11  -9 -11  -9  -7 -11  -7
DST1903*10  X220   0 -16 -18 -18 -17 -15 -14 -15 -18 -17 -18 -17 -16 -12 -10  -9  -9  -9 -10  -9  -5  -5  -3  -3  -3 -12
DST1903*11  X220   0  -3  -2  -3  -2  -4  -5  -5  -5  -3  -2  -4  -6  -8  -8  -5  -5  -4  -3  -5  -6  -6  -4  -5  -4  -4
DST1903*12  X220   0  -1   3   0   2   2   3   1 -10 -21 -27 -25 -21 -20 -19 -20 -21 -21 -18 -15 -15 -14 -15 -16 -14 -13
DST1903*13  X220   0 -15 -17 -18 -17 -19 -20 -16 -13 -11  -9  -8  -8  -8  -7  -6  -7  -8  -6  -7  -8 -10  -6  -3  -3 -10
DST1903*14  X220   0  -4  -6  -4  -3  -4  -9 -14 -14  -9  -3  -5  -9 -14 -12  -7  -7  -8  -8  -8  -9 -13  -9  -7  -9  -8
DST1903*15  X220   0 -11  -9  -7 -13 -21 -21 -17  -8  -6  -6  -7  -5  -6  -5  -6 -10 -13 -16 -18 -14 -12 -10  -8  -7 -11
DST1903*16  X220   0  -8  -5  -4  -1  -7  -9  -8 -10 -12 -15 -15 -16  -8  -5  -4 -12 -21 -28 -27 -22 -18 -24 -28 -34 -14
DST1903*17  X220   0 -30 -32 -34 -34 -39 -41 -40 -41 -33 -37 -42 -43 -37 -33 -29 -28 -28 -26 -23 -21 -20 -18 -18 -16 -31
DST1903*18  X220   0 -14 -14 -13 -12 -12 -13 -14 -13 -11 -10  -8  -7  -8  -8 -10 -11 -13 -13 -14 -15 -12 -11  -9  -8 -11
DST1903*19  X220   0  -7  -7  -9  -9  -8  -6  -2   4  11  14  13   9   2   2   1  -1  -2  -2   0  -2  -8 -17 -15 -11  -2
DST1903*20  X220   0  -6  -5  -5  -6  -8 -11  -8  -5  -2   0  -3  -3   0  -1  -2  -3  -5  -6  -5  -6  -6  -7  -8  -7  -5
DST1903*21  X220   0  -7  -8  -6  -6  -5  -5  -5  -3   0   0   1   0  -2  -1  -2  -4  -6  -4  -5  -4  -3  -1   0   0  -3
DST1903*22  X220   0   1   0  -2  -2  -1  -3  -3  -4  -3  -4  -2  -1   0  -1  -2  -1  -1   1   2   3   2   1   0   0  -1
DST1903*23  X220   0   1   0  -2  -3  -2  -1   1   4   3   1   2   3   2   2   2   3   3   4   4   4   3   1   1   0   2
DST1903*24  X220   0   0   0   0   1   1   1   0   1   2   3   5   7   6   6   7   6   6   6   8   9   9  11  22  24   6
DST1903*25  X220   0  25  19  15  14  11   9   9   7   8   8  10  11   7   4   3   3   1   1   3   5   6   8   6   4   8
DST1903*26  X220   0   4   0  -1  -3  -8  -8  -3  -1   0   1   3   5   5   3   2   2   0  -2   0   2   3   3   0   6   1
DST1903*27  X220   0   7   4   2   4   3  -2   1   5  -5  -8  -8  -7  -6  -5  -4  -5  -6  -9 -10 -10  -6  -7  -4  -1  -3
DST1903*28  X220   0  -1   3   7   5  -2  -8 -14 -14 -10  -8  -5  -4  -7 -10 -14 -10  -8 -11 -10 -13 -13 -14 -10  -7  -7
DST1903*29  X220   0  -5  -2   0  -1  -6  -9  -7  -8  -8  -7  -6  -3  -3  -4  -4  -8 -11 -16 -14 -10 -10  -7  -3  -6  -7
DST1903*30  X220   0  -7  -7  -8 -10 -12 -11 -12 -11  -7  -6  -6  -5  -4  -3  -2  -3  -3  -4  -3  -4  -5  -5  -4  -5  -6
DST1903*31  X220   0  -3  -1  -3  -7 -13 -14 -12 -12  -9  -6  -3  -2  -4 -13 -18 -19 -17 -15 -13 -15 -15 -13 -12 -11 -10
DST1904*01  X220   0  -8  -9 -10  -7  -7  -9 -13 -19 -23 -28 -29 -18 -14 -13 -17 -20 -19 -17 -15 -14 -15 -16 -15 -12 -15
DST1904*02  X220   0  -9 -10 -10  -9  -8 -10 -11 -12  -9  -8  -8  -8  -6 -12 -15 -16 -16 -16 -14 -13 -19 -17 -11  -7 -11
DST1904*03  X220   0  -9 -12 -13 -16 -17 -20 -18 -18 -18 -21 -26 -29 -21 -17 -15 -15 -22 -24 -24 -18 -16 -23 -30 -25 -19
DST1904*04  X220   0 -20 -20 -23 -22 -22 -22 -16 -14 -10 -12 -20 -32 -29 -25 -20 -21 -31 -35 -31 -28 -23 -22 -22 -21 -23
DST1904*05  X220   0 -20 -16 -15 -17 -17 -19 -21 -20 -20 -19 -15 -13 -12 -14 -18 -20 -19 -16 -17 -18 -19 -20 -18 -17 -18
DST1904*06  X220   0 -14 -11 -10 -14 -13 -13 -13 -15 -18 -12 -12  -9  -7  -7  -7  -8 -11 -10 -12 -16 -16 -19 -18 -17 -13
DST1904*07  X220   0 -15 -13 -11 -10 -13 -17 -18 -17 -14 -13 -15 -15 -14 -10  -9  -8  -7  -5  -6  -8 -10 -11 -11 -16 -12
DST1904*08  X220   0 -19 -16  -9  -5  -9 -22 -20 -12  -7  -9 -10  -7  -5 -11 -11 -11 -15 -19 -19 -22 -26 -28 -24 -23 -15
DST1904*09  X220   0 -22 -22 -21 -18 -15 -15 -16 -15 -18 -18 -18 -12 -10 -10  -9  -9 -11 -13  -8  -5  -5  -5  -4  -2 -13
DST1904*10  X220   0 -11 -20 -25 -33 -34 -34 -26 -22 -19 -17 -15 -14 -13 -11 -16 -20 -20 -21 -20 -19 -16 -16 -14 -15 -20
DST1904*11  X220   0 -15 -15 -15 -16 -15 -13 -12 -12 -14 -16 -14 -13 -10 -11 -11 -12 -11  -7  -5  -2  -3  -6  -6  -1 -11
DST1904*12  X220   0  -2 -10 -12 -13 -14 -16 -17 -19 -22 -21 -21 -17 -17 -20 -22 -18 -14 -14 -18 -12  -9 -10  -9  -6 -15
DST1904*13  X220   0  -8  -7  -9 -14 -17 -17 -15  -9  -6  -3  -5  -7  -8  -7  -6  -8  -9  -9  -7  -7  -6  -4  -3   0  -8
DST1904*14  X220   0  -2  -5  -9 -11 -11  -8  -5  -7  -7  -2  -2   1   1   0  -2  -5  -6  -5  -6  -6  -5  -4  -3  -3  -5
DST1904*15  X220   0  -4  -5  -8  -9  -7  -7  -6   1   1  -5  -4   1   5   8   7   4   0  -7  -9 -10 -15 -20 -17 -13  -5
DST1904*16  X220   0  -8  -8 -10 -14 -11  -8 -11 -15 -12  -7  -4  -7  -7  -9 -10 -12 -11 -10 -10 -10 -11  -9  -6  -5  -9
DST1904*17  X220   0  -4  -5  -6  -7  -7  -6  -4  -3  -2  -2   0   1   0  -1  -2  -2  -3  -7 -10 -11 -10  -6  -2   0  -4
DST1904*18  X220   0  -1  -4  -4  -3  -2  -1   1   2   2   3   1  -2  -3  -4  -5  -3  -1  -3  -2  -1   2   5   7   7   0
DST1904*19  X220   0   6   5   4   5   5   1   1   2   1   1   5   4  -4  -8  -9  -5  -2  -1  -2   2   5   5   5   4   1
DST1904*20  X220   0   4   5   7   8   4   1  -1  -2  -2   0   1   2   5  10  10   8   8   5   4   2  -2  -3  -5  -3   3
DST1904*21  X220   0  -2  -3  -5  -8  -7  -5  -3  -2  -4  -6  -9  -9  -7  -6  -3  -2  -1   0   1   2   2   2   2   0  -3
DST1904*22  X220   0   0   1   1   0   0   0   0  -3  -1   0   2   4   4   2   0  -1   0   2   5   6   4   4   3   3   2
DST1904*23  X220   0   3   0   0  -1   0   4   6   7   6   4   5   3  -1  -5  -8  -7  -2   4  10   6 -11  -9  -4  -7   0
DST1904*24  X220   0  -9 -10 -11 -17 -18 -14 -10  -6  -4   0  -2  -3  -7  -8  -8  -7  -6  -7  -8  -9  -8  -9  -7  -3  -8
DST1904*25  X220   0   0   2  -4  -7  -2  -4  -6  -3  -1   0   1   2  -5  -4  -4  -3  -2  -3  -4  -4  -4  -5  -4  -3  -3
DST1904*26  X220   0  -3  -3  -2  -4  -5  -3  -2  -2  -1  -2  -1  -1  -3  -5  -7  -8  -6  -5  -4  -4  -7  -8  -8  -5  -4
DST1904*27  X220   0  -8  -9 -12 -13 -14 -12  -7  -4 -10 -12 -13 -10  -4  -7 -12 -14 -12 -12 -11 -12 -13 -13 -10  -5 -10
DST1904*28  X220   0  -3  -2  -3  -6  -7  -6  -3   0   0   0   0   1  -2  -3  -3  -5  -6  -5  -4  -2  -8  -8  -4  -3  -3
DST1904*29  X220   0  -1   0  -2  -1   0   1   2   2   0   1   4   2   1  -3  -8 -12 -12 -11 -11 -12 -11  -9  -7  -5  -4
DST1904*30  X220   0  -7  -6  -8 -11 -11 -12  -8  -5  -2   0   2   1  -1  -3  -5  -7  -7  -6  -5  -7  -7  -4   2   8  -5
DST1905*01  X220   0  12  11   5  -2  -8  -7  -4  -2  -2  -6  -8  -4   2   2   2   1   6   5  -4 -10 -20 -21  -8  -7  -3
DST1905*02  X220   0  -8  -9 -14 -26 -34 -25 -18 -15 -15 -14 -14 -14 -12 -13 -18 -18 -13 -13 -15 -12  -8  -5  -4  -7 -14
DST1905*03  X220   0  -8 -12 -19 -21 -21 -19 -16 -14 -15 -14 -14 -13 -10  -8 -11 -10  -5  -4  -3  -5  -8  -8 -10 -12 -12
DST1905*04  X220   0  -8  -4  -1  -2  -5  -5  -9 -16 -23 -24 -16 -10 -10 -12 -14 -18 -17 -16 -17 -18 -18 -17 -19 -20 -13
DST1905*05  X220   0 -19 -14 -13 -13 -13 -12 -12 -11 -12 -11 -10  -7  -8 -10 -10  -8  -7  -7  -8  -6  -5  -4  -6  -8 -10
DST1905*06  X220   0  -8  -5  -4  -8 -10  -9  -6  -4  -2   0  -1  -3  -4  -5  -7  -5  -6 -10 -11 -11  -9 -12 -15 -10  -7
DST1905*07  X220   0  -5  -4  -4  -5 -10 -10 -10  -7  -5  -3  -3  -3  -3  -2  -6  -8  -8  -6  -5  -7  -3  -1  -3  -4  -5
DST1905*08  X220   0  -3   3   5   7   1   2   3   5   6   5   4   5   6   7   7   6   6   8   7  10  11  10   4   5   5
DST1905*09  X220   0   9  11  10  10  10  14  12   8   5   5   2   3   5   6   5   4   3   1  -3  -6  -4  -4  -7  -8   4
DST1905*10  X220   0  -9  -9  -9 -11 -11 -10  -9  -9  -9  -7  -5  -2   0  -1  -2  -3  -1   1   9   5  -3  -5  -8 -17  -5
DST1905*11  X220   0 -27 -28 -28 -38 -35 -28 -24 -28 -41 -42 -42 -41 -35 -39 -44 -51 -50 -46 -48 -50 -53 -54 -48 -35 -40
DST1905*12  X220   0 -32 -32 -33 -33 -30 -28 -24 -22 -22 -20 -18 -16 -14 -13 -15 -16 -12 -12 -15 -15 -15 -14 -15 -18 -20
DST1905*13  X220   0 -19 -17 -15 -16 -15 -11  -9  -7  -2  -3 -10 -12  -7  -6  -5 -13 -21 -25 -21 -18 -16 -17 -19 -12 -13
DST1905*14  X220   0  -7 -15  -9  -8 -18 -45 -58 -68 -60 -56 -53 -52 -49 -40 -38 -42 -40 -38 -41 -45 -46 -46 -41 -39 -40
DST1905*15  X220   0 -36 -29 -26 -24 -24 -19 -11  -5  -4  -5  -8 -10  -7  -5  -8  -4  -5   0   0  -4  -9 -10 -10  -9 -11
DST1905*16  X220   0  -7  -3  -5  -9 -12 -13 -11 -10  -9  -7  -8  -9  -9 -10 -12 -14 -11  -3  -4  -7 -10 -12 -10 -13  -9
DST1905*17  X220   0 -13  -1  -4  -7  -3  -2   0  -4  -5  -5  -6  -7 -10 -14 -12 -11  -9  -6  -5  -5  -5  -7 -10  -9  -7
DST1905*18  X220   0  -6  -7  -9 -11 -12 -13 -12 -12 -13 -14 -13 -12 -11 -13 -13 -15 -15 -14 -11 -13 -14 -12  -9  -7 -12
DST1905*19  X220   0  -6  -5  -5  -5  -7  -7  -6  -6  -8  -6  -7  -8  -7  -7  -8  -9  -9  -8  -5  -3   0   2   2   1  -5
DST1905*20  X220   0  -1  -6  -9  -5  -4  -5 -10 -10  -8  -6  -6  -2  -1  -1  -5  -8  -8  -5  -6  -9  -9  -9 -10  -9  -6
DST1905*21  X220   0 -11 -11 -11 -12 -10 -10 -11 -10 -10  -8  -7  -5  -7  -8  -5  -4  -4  -2  -5  -8 -11 -12 -10  -8  -8
DST1905*22  X220   0  -7  -1   1   3   5   3   2   4   5   7   5   5   5   7   9   9   8   9   9   6   2  -1  -4  -3   4
DST1905*23  X220   0   1   3   4   4   5   7   4   3   3   6   7   7   4   4   0  -1  -7  -8  -9 -11 -15 -21 -26 -26  -3
DST1905*24  X220   0 -18 -13 -12 -13 -16 -14 -11  -8  -5  -2  -1   0  -1  -1   0   0   1   0  -2  -6  -7  -6   1   6  -5
DST1905*25  X220   0   5   6   7   7   6   4   3   5   5   4   4   3   2   2   3   3  -1  -2  -2  -2  -4  -5  -7  -7   2
DST1905*26  X220   0  -5  -4  -2   0   2   2   0   1   1   1   1   2   2   1  -1  -2  -1   1   3   1   1   1  12  18   1
DST1905*27  X220   0  21  17  11  17  14  15  12   2  -6 -16 -16 -14 -14 -15 -16 -15 -15  -8  -9 -13 -17 -21 -20 -19  -5
DST1905*28  X220   0 -16 -14 -11 -10  -8  -7  -8  -8  -8  -9  -7  -6  -4  -1  -2   0   1   5   5  -4  -8  -6  -5  -5  -6
DST1905*29  X220   0  -2  -2 -10 -15 -23 -28 -31 -27 -23 -23 -27 -27 -21 -18 -18 -19 -20 -19 -21 -19 -14 -15 -16 -14 -19
DST1905*30  X220   0 -16 -11 -12 -15 -20 -21 -16 -13 -10 -10  -6  -4  -3  -3  -5  -6  -6  -5  -6 -13 -17 -17 -16 -13 -11
DST1905*31  X220   0 -10  -9  -9 -10 -10 -13 -16 -15 -12 -10 -14 -16 -16 -13 -12 -12 -14 -13 -15 -16 -15 -13 -10  -8 -13
DST1906*01  X220   0  -9  -9  -9  -8 -10 -12 -12 -11 -10  -9 -11 -10  -9  -9  -8  -9  -9  -8  -6  -5  -5  -5  -6  -6  -9
DST1906*02  X220   0  -4   0   3   3   2   0  -2  -3  -2  -2  -3  -5  -5  -6  -6  -8  -8  -3   1   2  -2  -7  -9 -10  -3
DST1906*03  X220   0  -9  -6  -1   0   0   0  -1  -1   1   7   9   8   8   7   5   2  -1   1   3   4   5   1  -1  -2   2
DST1906*04  X220   0  -2   0   2   3   2  -3  -7  -9 -11  -8  -4  -4  -1   1   2  -3 -11 -18 -20 -20 -28 -29 -26 -22  -9
DST1906*05  X220   0 -19 -16 -13 -10 -10 -11 -13 -14 -13 -10 -10  -9  -7  -6  -5  -7 -11 -11 -12 -10 -12 -14 -13  -8 -11
DST1906*06  X220   0  -5  -6  -6  -6  -6  -5  -4  -3  -4  -6  -4   0   1   3   3   3   2   1  -1  -5  -5  -4  -3  -3  -3
DST1906*07  X220   0  -2  -1  -4  -4  -4  -4  -4  -3  -1   1   1   2   4   5   2   1  -1   0   0  -1   0  -1   1  -1  -1
DST1906*08  X220   0  -3  -3  -4  -3  -1  -1  -1  -2  -2   0  13  17  20  22  25  20  23  15   5  -2  -5 -12 -12 -17   4
DST1906*09  X220   0 -16 -15 -11 -10 -13 -15 -18 -21 -19 -19 -17 -16 -17 -18 -19 -19 -17 -14 -14 -13 -13 -12 -11  -8 -15
DST1906*10  X220   0  -5  -3  -2  -4  -6  -7  -9 -10  -9 -10 -11  -9  -7  -7  -7  -8  -7  -4  -3  -4  -6  -5  -5  -6  -6
DST1906*11  X220   0  -7  -9 -10  -9 -10  -6  -5  -4  -3  -2  -4  -3  -1   1   3   3   1  -1  -1  -3   2   3   4   4  -2
DST1906*12  X220   0   2  -3  -2  -1   0   4   6   8  10  14  14   9   5   6   5   4   4   2  -1  -3  -3  -4  -4  -3   3
DST1906*13  X220   0   2   3   1   1  -1   3   6   3   2   0   0   3   3   3   1   1   4   8  12  11   8   8   3  -9   3
DST1906*14  X220   0  -9  -6  -2  -2  -4  -8 -11  -7  -5  -5  -7  -8  -7  -7  -4  -2  -3  -1   0  -3  -6  -8  -8  -7  -5
DST1906*15  X220   0  -4   0   3   1  -1  -1  -3  -4  -5  -6  -4  -6  -7  -5  -6  -5  -8  -6  -6  -9 -11 -10 -10 -12  -5
DST1906*16  X220   0 -13 -13 -13 -12 -10 -11  -9  -6  -5  -4  -5  -7 -10  -9  -7  -8 -10  -9  -7  -6  -5  -9 -11 -12  -9
DST1906*17  X220   0 -13 -11  -9  -6  -5  -4  -6  -7  -8  -7  -4  -5  -7  -7  -4  -2  -1   1   2   2   2   2   1   4  -4
DST1906*18  X220   0   4   4   5   5   7   5   3   3   4   3   2   3   1   4   1   0   0  -2  -2   2   6   7   8   7   3
DST1906*19  X220   0   5   8   9  10  11  12  11  10   7   7   7   5   3   3   7   6   5   7  10  10   9   8   6   6   8
DST1906*20  X220   0   7   7   9  12  10   6  -2  -7 -13 -15 -18 -12  -5  -6  -7 -10  -9  -6  -5  -3  -4  -8 -10  -6  -4
DST1906*21  X220   0   1   6  11  13  12   6   2   2   0  -1  -2  -4  -2  -1   1  -1  -2  -1   1   2   5  10   8   3   3
DST1906*22  X220   0   2   1   0  -1   0  -3  -5  -6  -3  -4  -3   1   4   2   3   6   6   5   6   6   5   3   3   3   1
DST1906*23  X220   0   3   3   4   4   0  -1  -1  -2  -1  -2  -2  -3  -4  -8  -8  -7  -6  -5  -3  -3  -3  -4  -4   0  -2
DST1906*24  X220   0   9  12  10   6   1   2   3   2   0   3   1  -1  -2  -2  -4  -1  -1   2   3  -1  -1   1   2   2   2
DST1906*25  X220   0   0  -1   0   1   1   0   1  -1   0   4   2   0  -1  -2  -2  -3  -4  -4  -2   1   7   9   4   3   1
DST1906*26  X220   0   0  -1   0   1   0  -2  -2  -1  -4  -8  -9  -7  -6  -3  -5  -9 -12 -10  -7  -3   1   2   4   7  -3
DST1906*27  X220   0  10  11   8   5   2   1  -1  -3  -4  -4  -3  -2  -4  -8  -9  -7  -5  -3   0   7  11  12   9   9   1
DST1906*28  X220   0   8   5   4   1  -1  -2  -1  -2  -3  -1   0  -1   0  -3  -6  -7  -7  -7  -7 -10 -10  -8  -5  -4  -3
DST1906*29  X220   0   0   3   3   1  -2  -4  -5  -4  -2  -2  -3  -3  -4  -6  -5  -2   0   3   5   6   8   6   5   3   0
DST1906*30  X220   0   4   5   6   5   6   3   2   1   3   4   5   7   6   3   0  -1  -3  -4  -3   0   2   3   4   3   3
DST1907*01  X220   0   1  -3  -3  -2  -4  -9 -16 -15 -12 -10  -9  -9 -12 -14 -13 -15 -14 -12  -9  -8 -13 -17 -19 -16 -11
DST1907*02  X220   0 -14  -9  -7  -6  -8 -11 -12 -11 -13 -10  -7  -5  -8 -12 -12 -13 -16 -16 -13  -8  -6  -4  -1   4  -9
DST1907*03  X220   0   9  10   9   6   4   1  -3  -7 -10  -7   1   1   4   4   5   5   6   0  -3  -3  -5  -7 -11 -13   0
DST1907*04  X220   0 -12  -9  -6  -3  -4  -5  -5  -2  -1   0   1   1   3   1  -2  -4  -5  -7  -3   3   1   1   0   2  -2
DST1907*05  X220   0   7  11   9   7   7   6   4   3   1   1  -2   0   0  -4  -3   0  -1   0   2   1   2   3   1  -2   2
DST1907*06  X220   0  -1  -1   4   4   1  -2  -1   3   6   6   5   3   2   2   1   3   2   3   4   6   9  11  11  10   4
DST1907*07  X220   0  10  11  11  10  10   7   7   5   1   0  -2  -4  -5  -3  -2   0   2   0  -2  -1   3   3   0  -3   2
DST1907*08  X220   0  -4  -6  -9  -8 -10 -12 -12 -11 -10 -10 -11 -12 -11 -11 -11 -11  -9  -5  -4  14  36  38  39  31  -1
DST1907*09  X220   0  19   9   1  -6 -13 -16 -14  -9 -11 -11 -12  -4  -1  -2  -3   1   0   2   8   0 -16 -11  -8  -5  -4
DST1907*10  X220   0  -1  -1  -2  -5 -17 -31 -29 -26 -24 -31 -32 -31 -24 -26 -24 -24 -21 -18 -15 -10  -7 -10 -15 -18 -18
DST1907*11  X220   0 -21 -19 -14 -11 -13 -17 -16 -16 -22 -22 -20 -20 -24 -25 -25 -24 -25 -23 -23 -20 -19 -15 -14 -16 -19
DST1907*12  X220   0 -14 -15 -15 -15 -16 -18 -21 -20 -23 -25 -21 -21 -23 -21 -19 -18 -18 -18 -17 -13  -8  -3   1   3 -16
DST1907*13  X220   0   4   5   2  -3  -6  -4  -4  -4  -6 -12 -12 -11 -12 -16 -16 -15 -17 -18 -15 -13  -8  -2  -2  -2  -8
DST1907*14  X220   0  -1  -1  -2  -6 -11  -8  -7  -7  -4  -4  -5  -4  -7  -6  -5  -6  -5  -3  -3   0   0  -2   1   1  -4
DST1907*15  X220   0   1   4   1  -5  -6  -2  -2  -3  -1   2  -2  -9  -5  -4  -6  -8 -11 -14 -11  -9  -7  -6  -6  -8  -5
DST1907*16  X220   0  -6  -2  -5  -8 -11 -11 -11 -12 -10  -8  -7  -6  -7  -6  -5  -4  -3  -2   1   1   2  -1  -3  -5  -5
DST1907*17  X220   0  -2   1  -3 -10 -14  -9  -1  -6  -6  -9 -11 -10  -9  -7  -6  -5  -4  -1  -1   0  -2  -2  -3  -6  -5
DST1907*18  X220   0  -5  -6  -4  -4  -7  -6  -4  -2   0  -1  -3  -5  -5   1   2   0  -5  -4   0   2   2   0  -3  -4  -3
DST1907*19  X220   0  -3  -4  -2  -1   0   0  -2  -3  -5  -7  -6  -6  -5  -5  -6  -5  -5  -5  -2  -1  -2  -1  -2  -3  -3
DST1907*20  X220   0  -4  -3  -3  -2   2   3   2   0  -1  -2   1   2   3   4   6   3   3   1  -3  -5  -4  -3  -1  -1   0
DST1907*21  X220   0   1   4   3   0   1   3   3   5   5   2  -1  -3  -4  -2   0   3   1   0   2  11   7   0   4  15   3
DST1907*22  X220   0  19  19  16  14  11   5  -1  -1  -8 -14 -14  -9 -12 -10  -3  -3  -5  -7 -12 -15 -19 -16 -15 -14  -4
DST1907*23  X220   0 -14 -13 -13 -11 -10  -4   0   2   3   3   2  10  13   0  -3  -5  -5  -4  -4  -3  -2  -4  -5  -7  -3
DST1907*24  X220   0  -7  -5  -3  -6  -3  -4  -2  -1  -2  -2   1   4   5   9   9   5   4   3   1  -6  -8  -6  -5  -2  -1
DST1907*25  X220   0  -2  -1  -3  -6  -6  -5  -4  -5  -5  -4  -3  -3  -3  -5  -5  -4  -2  -1   0  -2  -3  -3  -2  -2  -3
DST1907*26  X220   0  -1   0  -2  -3  -4  -1   1   1   3   2   3   5   6   7   6   6   6   5   4   4   2  -1   0   2   2
DST1907*27  X220   0  -1  -5  -8 -10  -6  -2   1   3   2  11  10  13  14  12  11  11  11  12   5  -1  -2  -4  -3  -5   3
DST1907*28  X220   0  -5  -3   0  -3  -7  -4   0   2   1  -1  -3  -3   2   8  12  17  15   7  -1  -4  -4  -1   0   1   1
DST1907*29  X220   0   0  -4 -11 -12 -11  -4  -1  -3  -2  -1   0   0  -2  -4  -5  -6  -6  -5  -5  -5  -6  -4   0  -1  -4
DST1907*30  X220   0  -1   0  -2  -6  -8  -6  -5  -3   0   5   8   7   8   6  10  10   2   2  -4  -7  -6  -3  10   8   1
DST1907*31  X220   0   3   1  -2  -6  -6  -4   1  -1  -4  -1   4   3   2   3   3   6   8   9   9   6   4   3   5   5   2
DST1908*01  X220   0   3  -3  -3  -3  -2  -2   0   0  -1  -1  -1   0  -1   0   1   3   4   4   0  -2   0   0  -1  -1   0
DST1908*02  X220   0  -3  -4  -6 -10 -11 -10  -8  -7  -7  -7  -7  -8  -8  -9  -8  -7  -5   0   1   3   5   8   8   7  -4
DST1908*03  X220   0   7   6   6   4   2   3   3   3   2   3   3   3   2   1   2   2   3   2   1   3   5   5   2  -1   3
DST1908*04  X220   0  -1  -1   0   4   6   5   5  13  14  10   8   7   5   5   4   2   4   5   3   1   2   6   9  12   5
DST1908*05  X220   0  16  17  23  24  12   3   6 -12 -29 -51 -49 -48 -49 -44 -46 -46 -52 -47 -48 -53 -53 -49 -48 -44 -28
DST1908*06  X220   0 -39 -40 -42 -41 -40 -34 -31 -29 -28 -28 -32 -33 -30 -26 -26 -29 -31 -28 -28 -29 -27 -26 -24 -23 -31
DST1908*07  X220   0 -26 -30 -32 -32 -28 -23 -19 -22 -21 -20 -19 -21 -22 -20 -20 -20 -19 -20 -19 -19 -19 -21 -21 -21 -22
DST1908*08  X220   0 -22 -23 -23 -21 -20 -19 -22 -21 -21 -22 -20 -18 -17 -18 -22 -23 -20 -17 -19 -21 -23 -24 -20 -16 -21
DST1908*09  X220   0 -15 -14 -14 -15 -12  -8  -7 -10 -14 -12  -9 -11 -11 -13 -14 -13 -12  -8  -6  -9 -10  -7 -10 -11 -11
DST1908*10  X220   0 -13 -21 -17 -18 -16 -17 -20 -20 -22 -23 -20 -19 -20 -16 -15 -13 -13 -13 -15 -15 -17 -18 -20 -17 -17
DST1908*11  X220   0 -17 -17 -19 -21 -18 -15 -14 -14 -13 -12  -6 -10 -15 -15 -13 -11  -9  -7 -12 -14 -16 -10  -7  -6 -13
DST1908*12  X220   0  -9 -10  -9  -9  -6  -2   0   2   2   0   2   1  -2  -1  -9 -10  -8  -5   0  -5  -6  -6  -3  -3  -4
DST1908*13  X220   0  -3  -5 -12  -9  -7  -6  -4  -2  -2   0  -6 -11  -7   0  -2  -5  -9  -9 -14 -18 -21 -18 -14 -14  -8
DST1908*14  X220   0 -14 -17 -19 -18 -14 -10 -12 -13 -12 -12 -14  -8  -3  -1  -1  -3  -3  -2  -2  -5  -7  -7  -7  -6  -9
DST1908*15  X220   0  -7  -9 -11 -10  -5  -3  -6  -6  -7  -7  -9  -9 -11 -11 -10  -6  -3  -3  -2  -2  -3  -3  -3  -5  -6
DST1908*16  X220   0  -9  -8  -5  -4  -2   0   0  -2  -6 -14 -14 -14 -14 -14 -14 -12 -12 -12 -16 -19 -17 -15 -11  -8 -10
DST1908*17  X220   0  -7  -7  -8 -12 -14 -10  -7  -6  -6  -9  -8  -9  -7  -6  -5  -6  -4  -3  -3  -4  -1   1   3   7  -5
DST1908*18  X220   0   7   1  -3  -5  -3  -5  -5  -7  -7 -10  -7  -5  -5  -4  -6  -8  -7  -6  -5  -7  -8  -7  -6  -3  -5
DST1908*19  X220   0  -2  -4  -4  -4  -2  -1   1   4   4   6   6   6   6   9   7   2   0  -2  -5  -6  -7  -3  -1  -2   0
DST1908*20  X220   0  -4  -3   3   4   4   3   5   4  -2  -2   2   4   4   2  -2  -3  -2  -1  -4  -4  -5  -5  -4  -4   0
DST1908*21  X220   0 -11 -11 -11  -6  -3  -2  -1   0   4   2   5   9   7   3  -3   0   2   2   5   2   3   5   4   3   0
DST1908*22  X220   0   2  -1  -1   2   9   7   7   5   4   8  12  10  10  10   8   7   5   1  -6  -6  -5   1   6   9   4
DST1908*23  X220   0   6   5   6   3   1   0  -1   0  -5  -7  -6  -6  -5  -4  -5  -6  -5  -4  -5  -7  -9  -8  -6  -4  -3
DST1908*24  X220   0  -4  -2  -1  -1   2   4   5   2   1   0   2   4   2   1   2   1   2   2  -4  -6  -5  -4  -4  -2   0
DST1908*25  X220   0  -2   1   2   5   4  -1  -4  -4  -3  -1   0   1  -4  -6  -9  -7  -4  -3  -5  -7 -11 -11  -3   0  -3
DST1908*26  X220   0   0  -1   2   6   8   8   8   6   2  -6  -9  -9  -9  -8  -5  -4  -4  -2   4   1  -2  -5  -4  -3  -1
DST1908*27  X220   0   1   0   7  13   7  -7  -6  -5  -6  -8 -12 -13 -15 -13  -7  -5  -7 -11 -18 -19 -19 -18 -18 -14  -8
DST1908*28  X220   0  -7  -1  -2  -3  -1  -3  -7  -8 -11  -9  -9 -11 -13 -13 -13 -13 -14 -14 -15 -14 -13 -13 -13 -12 -10
DST1908*29  X220   0 -13 -11  -9  -6  -6  -7  -6  -5  -4  -2  -1  -1   2   3   4   4   1  -1  -1  -2  -6  -8  -6  -5  -4
DST1908*30  X220   0  -3  -3  -3  -4  -2  -1  -1  -2  -2   0   2   2   6   9   6   1   2  -7 -13  -9  -8  -7 -13 -16  -3
DST1908*31  X220   0 -16 -16 -28 -31 -25 -24 -33 -36 -29 -25 -19 -27 -32 -26 -32 -34 -30 -36 -37 -38 -40 -41 -43 -45 -31
DST1909*01  X220   0 -43 -40 -36 -33 -38 -50 -57 -53 -45 -37 -47 -44 -40 -43 -43 -48 -44 -45 -45 -52 -59 -52 -46 -46 -45
DST1909*02  X220   0 -54 -55 -45 -39 -40 -40 -42 -35 -34 -32 -28 -31 -30 -30 -30 -33 -34 -37 -42 -44 -44 -39 -34 -30 -38
DST1909*03  X220   0 -26 -26 -24 -26 -27 -27 -25 -29 -30 -27 -24 -25 -27 -28 -30 -30 -30 -28 -26 -29 -29 -30 -30 -29 -28
DST1909*04  X220   0 -26 -25 -21 -21 -21 -21 -24 -23 -26 -33 -29 -26 -26 -25 -24 -23 -18 -20 -30 -29 -27 -30 -31 -27 -25
DST1909*05  X220   0 -25 -28 -36 -43 -45 -51 -46 -43 -38 -35 -34 -28 -28 -24 -27 -27 -25 -20 -22 -25 -27 -25 -27 -25 -31
DST1909*06  X220   0 -21 -16 -14 -16 -22 -23 -20 -23 -24 -26 -28 -29 -29 -27 -25 -26 -25 -26 -31 -31 -30 -26 -24 -24 -24
DST1909*07  X220   0 -20 -19 -17 -17 -16 -14 -16 -17 -14 -14 -17 -22 -25 -25 -23 -22 -21 -23 -20 -17 -20 -19 -18 -18 -19
DST1909*08  X220   0 -20 -20 -17 -13 -13 -18 -23 -25 -27 -26 -26 -22 -23 -25 -26 -27 -27 -26 -22 -23 -30 -35 -30 -34 -24
DST1909*09  X220   0 -38 -36 -31 -28 -23 -25 -24 -21 -18 -16 -22 -31 -32 -30 -28 -26 -23 -28 -34 -32 -32 -33 -36 -34 -28
DST1909*10  X220   0 -30 -26 -23 -21 -20 -22 -18 -14 -13 -14 -15 -16 -18 -26 -24 -22 -21 -22 -23 -25 -27 -28 -25 -24 -22
DST1909*11  X220   0 -19 -15 -14 -14 -15 -17 -24 -28 -25 -23 -22 -23 -25 -30 -30 -26 -23 -23 -23 -24 -25 -25 -23 -20 -22
DST1909*12  X220   0 -20 -17 -12 -12 -14 -13 -13 -13 -16 -19 -24 -22 -16 -14 -13 -15 -14 -14 -18 -20 -18 -21 -17 -12 -16
DST1909*13  X220   0  -6  -5  -6  -3  -7  -8  -4  -1   0  -1  -5  -8  -9 -13 -12 -10  -9 -10 -15 -19 -20 -21 -19 -17 -10
DST1909*14  X220   0 -13 -12 -10 -10 -13 -11 -13 -15 -14 -13  -9 -13 -15 -16 -16 -15 -13 -11 -12 -16 -19 -19 -22 -20 -14
DST1909*15  X220   0 -14 -10  -7  -6  -9  -9  -8  -9 -12 -11  -9  -9  -8 -10 -10  -6  -5  -7 -13 -23 -25 -22 -17 -11 -11
DST1909*16  X220   0 -15 -15 -16 -18 -16 -14  -9  -5  -5  -6  -9 -11 -14 -14 -11 -14 -15 -16 -11  -7  -8  -8 -10 -10 -12
DST1909*17  X220   0 -12  -7  -3   3   2   0  -2  -4  -2  -3  -6  -7  -9 -13 -14 -14 -13 -14  -7  -9  -8 -13 -17 -19  -8
DST1909*18  X220   0 -18 -19 -19 -17 -15 -15 -13 -14 -16 -12  -8 -10 -16 -18 -17 -16 -17 -15 -14 -12 -12 -14 -16 -15 -15
DST1909*19  X220   0 -16 -15 -15 -12 -11 -11 -11 -11  -8  -6  -7  -9  -8 -10 -10  -9  -9  -5  -4  -8  -8 -10 -12 -10 -10
DST1909*20  X220   0  -7  -4  -6  -8  -8 -10  -9  -9  -8  -7  -7  -9 -10  -9  -9  -6  -3  -5  -4  -5  -3  -3  -4  -3  -7
DST1909*21  X220   0   0   1  -1   0   0   0   3   2  -6 -14 -20 -20 -17 -15 -15 -17 -18 -14 -14 -15 -19 -21 -22 -24 -11
DST1909*22  X220   0 -24 -23 -22 -21 -20 -14 -10  -6  -5  -4  -1   1   0  -1  -2   0  -1   3   3   1  -1  -2  -5  -7  -7
DST1909*23  X220   0  -6  -6  -5  -5  -4  -4  -5  -6  -2  -2  -1  -3  -1  -2  -5  -7 -11 -14 -10  -6  -4  -1  -2   0  -5
DST1909*24  X220   0  -4  -5  -7 -14 -23 -28 -33 -33 -29 -20 -17 -15 -17 -10  -7   0   0  -1  -2   2   0  -6  -7  -8 -12
DST1909*25  X220   0  -6  -2  -2  -6  -7 -11 -14 -13 -12 -13 -11 -12 -14 -13 -10  -7  -5  -5  -5  -6  -6  -8  -6  -5  -8
DST1909*26  X220   0  -6  -8  -6  -4  -6  -7  -6  -8  -9  -9 -10 -10  -9 -10  -8  -7  -7  -7  -7  -7  -7  -6  -6  -3  -7
DST1909*27  X220   0  -2  -1  -3  -5  -5  -4   9   8   8  12  19  12   2  -6 -10 -17 -17 -13 -19 -20 -35 -47 -56 -56 -10
DST1909*28  X220   0 -47 -41 -41 -41 -44 -42 -41 -42 -40 -34 -33 -27 -25 -31 -33 -29 -26 -23 -18 -22 -27 -28 -27 -27 -33
DST1909*29  X220   0 -26 -26 -29 -30 -30 -33 -33 -28 -24 -23 -21 -21 -19 -19 -20 -19 -15 -21 -21 -22 -24 -24 -29 -37 -25
DST1909*30  X220   0 -37 -38 -41 -43 -39 -36 -36 -38 -35 -35 -33 -29 -32 -36 -35 -33 -27 -20 -12 -11 -13 -16 -19 -16 -30
DST1910*01  X220   0 -12 -14 -24 -29 -33 -35 -43 -43 -41 -41 -39 -38 -35 -34 -35 -33 -31 -30 -26 -23 -23 -24 -20 -16 -30
DST1910*02  X220   0 -20 -23 -20 -19 -20 -19 -18 -16 -15 -15 -16 -15 -16 -18 -18 -18 -17 -17 -14 -11  -9 -13 -13 -14 -16
DST1910*03  X220   0 -11  -9 -12 -15 -15 -17 -19 -16 -13 -14 -14 -16 -17 -17 -14 -11  -9  -8  -6  -3   3   4   0  -1 -10
DST1910*04  X220   0  -1  -1  -3  -2   0   4   7  -5  -1  -1   9  14   9   1  -4  -5  -7  -8 -10 -14 -16 -17 -18 -17  -4
DST1910*05  X220   0 -13 -14 -16 -16 -18 -18 -14  -8  -6  -4   1  -1  -3  -5  -7  -6  -2  -7  -8  -7  -7  -8  -4  -3  -8
DST1910*06  X220   0  -1  -2  -8 -10 -15 -16 -14 -14 -12 -13 -16 -16 -18 -19 -18 -13 -10 -10 -12 -14 -16 -16 -16 -15 -13
DST1910*07  X220   0 -15 -14 -13 -13 -14 -13 -12 -11  -6  -3  -3  -4  -6 -10 -14 -15 -15 -15 -17 -15 -17 -17 -15 -14 -12
DST1910*08  X220   0 -12 -12 -14 -15 -14 -14 -14 -12  -8  -3  -2  -5  -9 -11  -8  -5  -4  -2  -3  -5  -7  -8  -8  -8  -8
DST1910*09  X220   0  -8 -12 -13 -17 -16 -15 -14 -17 -17 -17 -22 -21 -14 -13 -11  -7  -2  -3   1   0  -9 -10  -6  -1 -11
DST1910*10  X220   0   0  -1   2  -2  -8 -19 -26 -33 -26 -19 -18 -19 -21 -22 -20 -25 -25 -19 -16 -14 -15 -16 -20 -19 -17
DST1910*11  X220   0 -17 -16 -16 -15 -15 -16 -18 -21 -20 -18 -16 -14 -12 -14 -17 -18 -16 -16 -20 -21 -17 -16 -14 -14 -17
DST1910*12  X220   0 -14 -14 -18 -20 -20 -20 -18 -19 -20 -15 -10 -12 -14 -13 -11  -8  -6  -6  -6  -8  -8  -9 -10 -10 -13
DST1910*13  X220   0  -8  -8  -8  -7  -7  -5  -7  -9 -11  -9  -6  -2  -3  -3  -4  -3  -3  -3  -4  -5  -7  -7  -6  -6  -6
DST1910*14  X220   0  -7  -8  -8  -8  -8  -8 -13 -14 -11  -6   0   4   4   4  -2  -2  -2  -3  -4  -8 -10 -12 -11  -6  -6
DST1910*15  X220   0  -4  -3  -7  -5  -5  -6  -5  -4  -4   0   4   3   3   3   3   4   5   9  11   8  10  16  19  26   3
DST1910*16  X220   0  24  14   9   1  -6 -13 -10 -10 -11  -6  -2   0  -2   0  -3  -4  -3   0  -1  -1  -6  -8  -8  -9  -2
DST1910*17  X220   0  -8 -11 -13 -12 -13 -13 -11  -8  -6  -3  -2  -2  -2  -4  -4  -4  -3  -1   0  -2  -3  -3  -4  -4  -6
DST1910*18  X220   0  -7  -9 -10  -6 -10 -14 -16 -15 -12  -8  -7  -9  -7  -6  -4  -4   0   0  -1  -2  -4  -5  -6  -8  -7
DST1910*19  X220   0  -9 -11 -10  -8  -7  -5  -3  -3  -5  -5  -8  -9 -10 -10 -12 -14 -13 -13 -13 -15 -18 -16 -15 -14 -10
DST1910*20  X220   0 -14 -14 -12 -10 -11  -7  -7 -12 -11 -12  -8  -6  -8 -11 -10  -9  -5   1   7   5   0  -4  -8  -9  -7
DST1910*21  X220   0 -12  -8  -5  -2  -1  -3  -4  -6  -7  -7   1   2   4   5  -1  -2  -5  -4  -3  -2  -3  -2  -1   1  -3
DST1910*22  X220   0   2   3   3   2   1   3   3   3   4   1  -1  -1   1   3   3   1  -1  -4  -3  -4  -4  -4  -4  -3   0
DST1910*23  X220   0  -2  -3  -3  -6  -6  -6  -7  -8 -10  -9  -6  -4  -2  -2  -1   0   2   1   0   0  -2  -1   1   2  -3
DST1910*24  X220   0   3   0   0   2   2   5  12  12  19  18  -3  -2  -7 -10 -10 -12 -20 -17 -22 -21 -23 -23 -23 -15  -6
DST1910*25  X220   0 -13 -18 -26 -32 -38 -43 -47 -46 -52 -44 -38 -36 -37 -33 -32 -35 -36 -29 -26 -27 -27 -27 -24 -20 -33
DST1910*26  X220   0 -19 -21 -23 -20 -24 -25 -27 -30 -29 -35 -33 -26 -32 -40 -42 -39 -35 -36 -39 -43 -47 -41 -36 -37 -32
DST1910*27  X220   0 -37 -38 -38 -39 -35 -38 -40 -39 -35 -30 -23 -26 -29 -29 -25 -24 -24 -32 -31 -33 -33 -31 -29 -28 -32
DST1910*28  X220   0 -26 -26 -27 -26 -28 -32 -35 -40 -40 -34 -28 -31 -31 -31 -28 -29 -31 -31 -29 -31 -33 -33 -26 -20 -30
DST1910*29  X220   0 -21 -24 -26 -26 -27 -24 -23 -25 -26 -25 -23 -21 -22 -25 -27 -28 -26 -25 -23 -17 -16 -16 -11 -10 -22
DST1910*30  X220   0  -8  -5  -5 -11 -14  -9  -2 -11 -14 -11  -9 -11 -13 -14 -14 -11 -17 -18 -19 -25 -14 -11  -5   2 -11
DST1910*31  X220   0  -6 -13   5   3   0  -3  -5  -8  -9 -11 -12 -13 -13 -13 -12 -12 -11 -10  -8 -11 -14 -16 -16 -14  -9
DST1911*01  X220   0 -14 -14 -16 -19 -17 -10 -11  -9  -7  -7 -10  -8 -11  -9  -9  -9 -11 -10 -11 -11 -11 -11 -12 -13 -11
DST1911*02  X220   0 -13 -14 -14 -13 -12  -7  -6  -7  -9  -8  -6  -5  -6  -7  -6  -7  -7  -7  -8  -5  -5  -2  -2  -5  -8
DST1911*03  X220   0  -5  -6  -6  -4  -2  -3  -5  -6  -7  -3  -2  -1  -1  -2  -3  -3  -4  -3  -2  -3  -4  -3  -2  -3  -3
DST1911*04  X220   0  -3  -5  -6  -8  -9  -7  -1  14  14  16  14   8   6   4   2  -3  -8  -9  -9  -7  -9 -14 -11  -6  -2
DST1911*05  X220   0  -3  -4  -8  -5  -8  -5  -4  -3  -6  -5  -3  -1  -3  -8 -11 -14 -17 -13 -16 -15 -15 -12 -11  -8  -8
DST1911*06  X220   0 -10 -12 -15 -14 -14  -9 -11 -11 -13 -12 -12 -12 -12  -9  -8  -6  -5  -6  -6  -5  -7  -4  -7  -6  -9
DST1911*07  X220   0  -3  -5  -7  -9 -14 -18 -17 -14 -13 -12 -14 -14 -13 -11  -9 -12 -13 -13 -11 -10 -10 -10  -9  -6 -11
DST1911*08  X220   0  -3  -3  -4  -3  -2  -3  -1  -2  -3  -2  -3  -3  -2  -3  -4  -9 -12 -12 -10 -10  -8 -10  -8  -4  -5
DST1911*09  X220   0  -4  -4  -6  -4  -2  -3  -7  -6  -4  -3  -5  -8  -8  -9  -8  -7  -9  -8  -5  -5  -8  -8  -7  -5  -6
DST1911*10  X220   0  -6  -7  -9 -11 -13 -12 -10  -7  -5  -7  -8  -8  -7  -7  -7  -6  -7  -8  -7  -4  -3  -2   1   4  -7
DST1911*11  X220   0   6   2  -2  -2  -3  -3  -1  -1  -4   2   2 -12 -19 -22 -22 -23 -29 -26 -21 -19 -18 -18 -10  -5 -10
DST1911*12  X220   0   4   4  -6  -6  -8  -5 -10 -11 -10 -10  -8  -4  -2  -1  -2   0  -4  -7  -9  -9 -10 -12 -12 -10  -6
DST1911*13  X220   0  -7  -6  -5  -6  -6  -4  -3  -3  -3  -3  -5  -6  -7  -8 -10 -11 -12 -14  -7  -5  -7  -7  -5  -3  -6
DST1911*14  X220   0  -4  -3  -2   1   1  -1  -2  -2   3   4   1   1  -2  -4  -4  -7 -10  -9  -7  -5  -2   0   2   5  -2
DST1911*15  X220   0   8   9   5   1  -1  -2  -2   0  -1  -1  -3  -3  -3  -2   3   4   6   7   5   4   2   1   2   1   2
DST1911*16  X220   0   1  -3  -4  -4  -7 -11 -14 -17 -16 -13 -12 -12 -12  -5  -5  -3  -5  -2  -6 -11  -5  -1  -1  -3  -7
DST1911*17  X220   0  -6  -6  -6  -8  -9  -9 -10 -11 -10 -11 -12 -13 -13 -11 -10  -9  -7  -5  -5  -5  -8 -10  -9  -6  -9
DST1911*18  X220   0  -3  -2  -2  -2  -4  -4  -4  -3  -5  -5  -6  -4  -3  -2  -2  -3  -3  -2  -4  -4  -6  -5  -4  -1  -3
DST1911*19  X220   0   1  -1  -3  -5  -8  -7  -2   3   3   1   0   0  -1  -3  -6  -6  -5  -5  -4  -3  -2  -3  -1   0  -2
DST1911*20  X220   0   1   1   1   2   1  -2  -2  -2  -2  -1  -2  -3  -4  -3  -2   1   3   6   9  14  13   9   8   4   2
DST1911*21  X220   0   4   6   5   1   2   1   0  -2   2   4   6   2  -3  -3 -10 -10 -10 -14 -12 -11  -7 -17 -14 -11  -4
DST1911*22  X220   0 -11 -11 -16 -19 -20 -23 -25 -23 -24 -23 -19 -18 -18 -18 -20 -20 -23 -23 -21 -22 -20 -22 -24 -22 -20
DST1911*23  X220   0 -21 -20 -19 -12 -18 -17 -20 -23 -23 -25 -22 -22 -23 -22 -30 -34 -31 -26 -23 -23 -22 -20 -16 -16 -22
DST1911*24  X220   0 -18 -16 -20 -22 -26 -26 -25 -21 -22 -23 -20 -20 -19 -20 -19 -19 -21 -19 -18 -20 -21 -19 -19 -17 -20
DST1911*25  X220   0 -14 -13 -12 -13 -15 -17 -17 -18 -19 -22 -23 -23 -21 -20 -20 -18 -17 -16 -14 -13 -10 -11 -10  -9 -16
DST1911*26  X220   0 -10 -11 -12 -14 -15 -15 -13 -13 -13 -16 -17 -17 -13 -12 -11  -7  -9  -7  -6  -4  -4  -5  -2   0 -10
DST1911*27  X220   0   1   0  -1   3   1   0  -4  -7  -8  -8  -9 -11  -9  -6  -8 -13 -11  -8  -5  -8 -13 -17 -13  -5  -7
DST1911*28  X220   0  -1  -1  -1  -2  -1   0  -2  -3  -5  -7  -7  -6  -6  -8  -9  -8  -7  -4  -5  -4  -3  -1   2   6  -3
DST1911*29  X220   0   6   7   4   1  -1  -1  -4  -6  -8  -9 -13 -14 -12 -12 -10  -7  -6  -6  -5  -6 -13 -19 -20 -18  -7
DST1911*30  X220   0 -14 -10  -8  -5  -5  -3  -4  -3  -5  -7  -9  -7  -5  -5  -8  -6  -2  -1  -1  -3  -2  -4  -4  -7  -5
DST1912*01  X220   0  -7  -4  -1   3   2   0  -1  -1  -1  -4  -9  -9  -8  -7  -9 -12 -11  -8  -5  -5  -4  -5  -4   0  -5
DST1912*02  X220   0   2   5   3   1   0   0  -3  -4  -4  -5  -7  -4  -4  -5  -5  -3  -3  -2  -3  -6  -8  -5  -4  -3  -3
DST1912*03  X220   0  -3  -1   1   1   1   1  -1  -4  -4  -3  -4  -5  -6  -5  -4  -3  -2  -4  -6  -6  -7  -6  -2   5  -3
DST1912*04  X220   0  13  13   8   3   6   2   2   0   4   2  -1  -2  -2  -2  -1   0  -2  -3  -4  -4  -2  -1  -1  -3   1
DST1912*05  X220   0  -3  -2  -4  -3  -4  -2  -1   0   0   0   0   8   9   9   8   8   6   4   0  -2  -3  -2   1   4   1
DST1912*06  X220   0   4   2   0  -1  -8 -10  -8  -6  -5  -5  -5  -6  -5  -3  -2  -1  -1  -3  -5  -6  -7  -7  -5  -2  -4
DST1912*07  X220   0  -1  -2  -3  -1  -3  -5  -4  -6  -5  -4  -3   0  -1  -3  -3  -3  -3  -5  -6  -7  -8  -8  -7  -3  -4
DST1912*08  X220   0   1   2  -1  -4  -4  -4  -3  -6  -9  -8  -6  -3  -1  -1   3   3   3   2  -1  -4 -10 -13  -9  -4  -3
DST1912*09  X220   0  -3  -5  -5  -7  -7  -7  -8  -9 -10  -9  -9  -8  -7  -5  -3  -2  -1   0  -1   0  -1  -1  -2   0  -5
DST1912*10  X220   0   3   6   5   4  -2  -8  -6  -7  -9  -9 -11  -5  -1   0  -1  -1   1   4   1  -1   0   4   8   8  -1
DST1912*11  X220   0  12  11  11   4  -2  -1  -1  -1  -1  -1  -6  -6  -6  -6  -4  -3  -6 -12 -11 -11 -13  -9  -4   0  -3
DST1912*12  X220   0   0   1  -1  -2  -3  -6 -10 -10  -6  -6  -8  -7  -6  -7  -7  -5  -4  -4  -4  -2   0   2   4   1  -4
DST1912*13  X220   0   1   2   0  -4  -4  -4  -6 -10 -11 -11  -9  -7  -6  -8  -9 -11 -11  -9  -8  -8  -5  -4  -3   0  -6
DST1912*14  X220   0   2   1   0  -2  -1  -2  -4  -4  -2  -3  -3  -1   2   1   2   3   3   1   1   2   4   2  -1   0   0
DST1912*15  X220   0  -1  -2  -1   0  -3  -6  -3  -2  -2  -3  -5  -3  -2  -2   0   2   1  -2  -6  -8  -8 -10  -8 -10  -4
DST1912*16  X220   0  -9  -7  -5  -4  -2  -2  -5  -7  -9 -10 -11 -10 -10 -11 -10 -10 -10  -8  -7  -8 -10  -8  -7  -7  -8
DST1912*17  X220   0  -8  -8  -7  -8  -7  -6  -6  -3  -2  -4  -5  -4  -4  -4  -5  -5  -4  -2   1   3   0   1   2   4  -3
DST1912*18  X220   0   5   8  17  13  10  11  12  11  12  14   9  -3  -6 -13 -12 -11 -17 -24 -29 -27 -26 -21 -18 -15  -4
DST1912*19  X220   0 -12 -15 -18 -19 -23 -16 -23 -25 -23 -22 -26 -24 -25 -26 -23 -20 -20 -17 -17 -20 -21 -17 -15 -15 -20
DST1912*20  X220   0 -15 -13 -13 -13 -13 -15 -16 -16 -14 -14 -16 -15 -16 -21 -21 -20 -15 -14 -15 -15 -14 -12 -11 -11 -15
DST1912*21  X220   0 -15 -17 -15 -13  -9  -7  -9 -12 -12 -12 -12 -14 -15 -16 -15 -14 -15 -13 -14 -16 -18 -15 -13 -11 -13
DST1912*22  X220   0 -13 -14 -16 -14 -14 -14 -13 -10  -7  -8 -10 -11 -14 -14 -14 -12 -11 -12 -12 -13 -16 -17 -17 -17 -13
DST1912*23  X220   0 -16 -15 -14 -14 -14 -13 -13 -15 -15 -10  -8 -10 -12 -13 -14 -14 -12 -11 -11 -14 -15 -13 -12 -13 -13
DST1912*24  X220   0 -12 -10 -10  -8  -7  -6  -5  -5  -6  -8  -7  -2  -4  -2  -3  -5  -7  -8  -8 -10 -10  -7  -6  -5  -7
DST1912*25  X220   0  -5  -6  -7  -5  -2  -1  -4  -5  -4  -5   0   1  -1  -3  -4  -3   0   5   3  -4  -7   0  13  14  -1
DST1912*26  X220   0  10   0  -2  -1   2   4   4   1  -5  -5  -5  -4  -3  -4  -3  -1   1  -2  -8 -10  -9  -5  -3  -1  -2
DST1912*27  X220   0  -4  -5  -6  -4  -2  -2  -5 -10  -8  -5  -3  -2  -2  -2   0   1   0  -1  -2  -3  -4  -2  -2  -2  -3
DST1912*28  X220   0  -3  -5  -4  -4  -3  -5  -5  -4  -4   0   1  -1  -3  -5  -5  -1   0  -3  -3  -3  -1  -2  -2  -4  -3
DST1912*29  X220   0  -4  -3  -4  -5  -4  -4  -3  -4  -3  -2  -1  -2  -2  -2  -2  -4  -5  -2  -1   0  -1  -1  -1  -1  -3
DST1912*30  X220   0   0  -1  -1   0   1   3   5   6   7   3   3   4   6   3   2   0  -1  -2  -1   1   3   7  10  11   3
DST1912*31  X220   0   8   8   8  13  11  11   7   3   0  -1  -1  -3  -5  -8  -6  -5  -7  -9  -9  -7  -4  -4  -4  -7   0
DST2001*01  X220   0  -4   1   3   4   5   7   8   5  -1  -3  -3   0   2   1   3   2  -3  -3  -1   2   5   7   6   5   2
DST2001*02  X220   0   3   5   7   7   6   7   6   5   2  -3  -6  -2   2   0   0  -1  -4  -5  -4  -2  -1  -1  -3   3   1
DST2001*03  X220   0   7   8   8   9  11  11   3  -1 -11 -15 -10  -3  -2  -5  -6  -7  -5  -5  -4  -2  -4  -6  -9 -10  -2
DST2001*04  X220   0  -8  -7  -6  -5  -6  -9 -11 -13 -11 -10  -7  -4  -3  -3  -6 -12 -20 -26 -24 -21 -18 -22 -21 -18 -12
DST2001*05  X220   0 -15 -16 -14 -11 -11 -12 -10 -12  -9  -7  -5  -2   1   4   3   2   0   6   4 -16 -20 -20 -19 -19  -8
DST2001*06  X220   0 -23 -23 -18 -13 -12 -13 -13 -14 -13 -12  -8  -7  -7  -9  -8  -5  -7  -9 -13 -16 -10  -7  -4  -3 -11
DST2001*07  X220   0  -7 -10  -7  -7 -10 -10 -10  -8 -11 -11  -7  -4  -5  -6  -4  -1  -5 -10  -9  -6  -5  -8 -11  -7  -7
DST2001*08  X220   0  -6  -6  -7  -7  -5  -7 -13 -18 -20 -19 -14  -6   0  -1   0  -2  -4 -12 -17 -18 -15 -18 -23 -22 -11
DST2001*09  X220   0 -22 -21 -18 -14 -15 -21 -27 -34 -34 -31 -30 -21 -23 -22 -21 -17 -12 -12 -16 -23 -24 -19 -16 -10 -21
DST2001*10  X220   0  -8  -9 -10 -10 -10 -13 -15 -16 -16 -17 -17 -19 -18 -13 -10  -8 -11 -10  -9 -10 -13 -12  -9 -10 -12
DST2001*11  X220   0  -9  -7  -8  -9 -13 -13 -15 -16 -21 -20 -16 -13  -8  -6  -7  -5  -5  -7  -6  -6  -6  -9 -11 -11 -10
DST2001*12  X220   0  -9  -8  -7  -7  -9 -10 -13 -16 -19 -16 -14 -12  -9  -7  -5  -4  -6  -7  -8  -8  -8  -9  -8  -5  -9
DST2001*13  X220   0  -6  -5  -3  -4  -5  -5  -3  -4  -5  -4  -5  -7  -8  -6  -2  -1  -5  -3  -2  -4  -4  -2  -2  -1  -4
DST2001*14  X220   0  -3  -3  -1   2   2   1  -1  -2  -5  -7  -7  -5  -7  -9 -10  -7  -8  -6  -6  -6  -4  -2  -4  -6  -4
DST2001*15  X220   0  -8  -7  -4   0   2   3   1  -2  -4  -8 -12  -7  -3  -2  -1   0   2   5   5   8  11   7   2  -1  -1
DST2001*16  X220   0  -2   0   3   4   7   5   7   4   1  -4 -10 -15 -14 -12 -11  -8  -7  -9  -7  -6  -9  -9  -7  -8  -4
DST2001*17  X220   0  -7  -6  -4   0   2   1   0  -1   1  -1  -2   1   3   4   2  -1  -4   1   1   5   3   0  -1  -2   0
DST2001*18  X220   0   1   1  -4  -5  -3  -2  -2   0  -1   0   0   1   1  -1   0   2   5   8   8   5   5   4   1   0   1
DST2001*19  X220   0   1   1   1   2   1   1   1   2   3   2   0   1   2   0  -1  -1   3   2   2   1  -1  -1  -3  -4   1
DST2001*20  X220   0  -3  -4  -6  -7  -6  -3  -3  -2   2   3   2   2   3   3   2   1   2   2   2   1   0  -1  -4  -4  -1
DST2001*21  X220   0  -3  -1  -1   0   0   2   2   2   1   4  11  16  18  17   7  -3  -8  -5  -2 -10 -15 -17 -13 -10   0
DST2001*22  X220   0 -13 -16 -16 -13 -15 -15 -13  -9  -7  -6  -8 -10  -9 -10  -6  -5  -7  -8  -7  -8  -8 -12  -7  -4 -10
DST2001*23  X220   0  -8 -13 -13  -9  -7  -7  -8 -11 -13 -13 -12 -12 -10  -9 -10  -9  -9 -12 -15 -16 -17 -15 -13 -10 -11
DST2001*24  X220   0 -12 -12 -11 -10 -10 -10  -8  -7  -4  -2  -1  -2  -4  -3  -4  -4  -4  -7  -3  -3  -2  -1  -1   1  -5
DST2001*25  X220   0   3   2   1   2   0  -2  -2  -2  -2  -1   1   2   3   2   2   2   2   1   0   2   4   4   4   6   1
DST2001*26  X220   0   6   4   6   8   9   6   2  -1  -3  -3  -2   0   0   0   2   6   5   5   6   5   6   5   5   2   3
DST2001*27  X220   0   2   7   7   7   4   2   0   0  -2  -2   0   0   2   2   0   1   1  -1  -3  -4  -3  -2  -2  -2   1
DST2001*28  X220   0  -3  -1  -1  -3  -4  -6  -8 -10  -9  -7   0   5   6   5   5   7   6   3   2   5   6   1   3  -4   0
DST2001*29  X220   0 -14 -13 -14 -19 -17 -14 -19 -22 -21 -17 -10  -7  -5  -5  -7  -8  -9 -15 -16 -15 -18 -17 -12 -12 -14
DST2001*30  X220   0  -8  -6  -4  -4  -3  -8 -12 -17 -15 -14 -15 -12 -11  -9  -9  -6  -9 -18 -24 -26 -27 -25 -29 -29 -14
DST2001*31  X220   0 -25 -25 -23 -21 -22 -18 -18 -19 -20 -21 -22 -21 -14 -10  -9 -10 -11 -15 -15 -16 -15 -18 -17 -19 -18
DST2002*01  X220   0 -22 -23 -21 -18 -15 -14 -15 -12 -10 -11 -10  -5  -2  -6  -9 -11 -11 -13 -16 -15 -13 -16 -22 -21 -14
DST2002*02  X220   0 -17 -14  -9  -7  -8 -10 -11 -10  -7  -6  -5  -5  -5  -4  -5  -5  -7  -9 -14 -18 -18 -16 -17 -17 -10
DST2002*03  X220   0 -16 -15 -12  -9 -11 -14 -16 -15 -14 -14 -14 -13 -12 -11 -13 -13 -13 -16 -15 -11 -10  -7  -2   1 -12
DST2002*04  X220   0   3   6   4   2   2   3   1  -3  -7 -10 -11  -8  -6  -7  -6  -7  -3  -2  -3 -11 -16 -15 -14 -14  -5
DST2002*05  X220   0  -9  -5  -2  -3  -7 -12 -14 -14 -12 -13 -15 -10  -9  -7  -8 -10 -11 -10 -10 -11 -13 -14 -11 -10 -10
DST2002*06  X220   0  -8  -5  -1   0   2   2 -10 -21 -18  -8  -4  -5  -5  -8 -11 -10 -10 -12 -12 -13 -25 -21 -14 -11 -10
DST2002*07  X220   0  -4  -4  -4 -13 -10  -9 -13 -17 -16 -15 -16 -16 -19 -19 -16 -16 -17 -17 -16 -15 -14 -17 -21 -21 -14
DST2002*08  X220   0 -20 -20 -19 -17 -18 -20 -22 -20 -19 -19 -17 -14 -13 -12 -14 -16 -20 -22 -25 -26 -24 -25 -24 -24 -20
DST2002*09  X220   0 -20 -16 -12  -7  -8  -9 -15 -19 -23 -23 -19 -16 -12  -9 -10 -10 -10 -10 -10 -11 -11 -15 -17 -18 -14
DST2002*10  X220   0 -14 -11  -8  -5  -5  -9 -11 -14 -17 -17 -13 -11  -8  -7  -6  -6  -5  -4  -4  -1  -6  -6  -5 -10  -8
DST2002*11  X220   0  -6  -5  -6  -3  -7  -9 -13 -15 -16 -14 -13 -14 -12 -10  -7  -6  -5  -5  -4  -4  -2  -3  -2  -5  -8
DST2002*12  X220   0  -6  -4  -1   2   3   4   2   0  -1  -8 -15 -13  -6  -3  -2  -3  -6  -9 -11 -11 -12 -14 -13 -11  -6
DST2002*13  X220   0  -9  -5  -3  -2  -2  -3  -4  -5  -6  -5  -7  -6  -6  -4  -1   0  -2  -2  -2  -3  -2  -6  -5  -4  -4
DST2002*14  X220   0  -4  -4  -4  -3   0   1   0   0   2   2   3   3   1   1  -1  -2  -2   0   0   0   2   4   6   4   0
DST2002*15  X220   0   3   4   5   5   3   0  -1   0   5   8   7   0  -3  -4  -3   0   1  -2  -5  -4  -1   1   1  -2   1
DST2002*16  X220   0  -4  -2  -1  -5  -9 -11  -9  -8  -8  -7  -3  -1  -1  -3  -8 -10  -9  -9  -8  -6  -5  -5  -3   0  -6
DST2002*17  X220   0  -2  -5  -4  -4  -5  -5  -7  -8 -11 -12 -11  -7  -5  -7  -7  -7  -5  -5  -6  -9 -14 -18 -18 -11  -8
DST2002*18  X220   0  -8  -6  -8  -8 -13 -19 -27 -30 -28 -28 -31 -32 -35 -36 -43 -54 -58 -57 -56 -55 -51 -46 -37 -34 -33
DST2002*19  X220   0 -28 -21 -16 -22 -34 -36 -30 -32 -39 -39 -39 -33 -33 -32 -29 -29 -29 -28 -29 -28 -27 -26 -26 -27 -30
DST2002*20  X220   0 -27 -22 -20 -22 -24 -27 -26 -22 -19 -17 -16 -16 -21 -23 -24 -21 -17 -15 -14  -7  -7  -7 -18 -22 -19
DST2002*21  X220   0 -18 -16 -13 -15 -19 -27 -31 -27 -30 -28 -23 -19 -15 -19 -16 -16 -20 -22 -18 -15 -15 -17 -17 -17 -20
DST2002*22  X220   0 -18 -17 -20 -20 -19 -17 -18 -20 -21 -19 -21 -19 -14 -10 -11 -11 -16 -16 -18 -18 -19 -20 -21 -20 -18
DST2002*23  X220   0 -19 -15 -11 -10 -11 -13 -13 -15 -17 -18 -15 -14 -14 -14 -14 -14 -11  -8 -11 -14 -18 -22 -24 -25 -15
DST2002*24  X220   0 -22 -19 -16 -15 -18 -19 -19 -19 -19 -18 -17 -16 -18 -17 -15 -13 -12 -13 -12 -11 -15 -21 -21 -18 -17
DST2002*25  X220   0 -16 -14 -13 -13 -12 -12 -13 -13 -13 -11 -11 -11 -13 -15 -12  -9  -7  -5  -4  -4  -5  -6  -8  -9 -10
DST2002*26  X220   0  -9  -7  -7  -9  -8  -5  -4  -4  -5  -4  -1   0  -1  -1   0   2   2   0  -1  -2  -5  -4  -3  -2  -3
DST2002*27  X220   0  -6  -5  -8  -7  -5  -4  -4  -3  -9 -15 -16 -16 -14 -11  -9  -8  -8  -6  -8  -7  -5  -6  -9 -12  -8
DST2002*28  X220   0 -15 -13 -10  -7  -8  -7  -7  -7  -7  -8  -8  -7  -7 -10  -8  -2  -1  -2  -2  -1   0   0  -6  -7  -6
DST2002*29  X220   0  -6  -1   0  -4  -7  -8  -8 -12 -16 -16 -10  -6  -6 -11 -12 -17 -13 -13 -12 -12 -11 -16 -24 -26 -11
DST2003*01  X220   0 -23 -14 -12 -10 -11 -11 -13 -18 -18 -13 -15 -15 -17 -18 -17 -16 -19 -19 -18 -15 -13 -11 -11 -14 -15
DST2003*02  X220   0 -16 -17 -17 -19 -18 -16 -14 -14 -14 -14 -12  -9  -7  -7  -5  -1  -2  -5  -4  -4  -4  -1   1  -1  -9
DST2003*03  X220   0  -3  -7 -12 -13 -12 -11 -12 -14 -15 -12  -9 -10 -13 -14 -11  -9  -8 -13 -12  -9  -9  -7  -7  -9 -10
DST2003*04  X220   0 -11  -6  -3  -5  -4  -5  -4  -6  -8  -7  -6  -6  -9 -12 -15 -21 -22 -23 -24 -19 -13  -9  -6  -6 -10
DST2003*05  X220   0  -3  -1   0  -1  -4  -5  -4  -5  -3  -1   3  -1  -3   0   1   1  -4  -5   1   3   2   3   5   4  -1
DST2003*06  X220   0   2   3   5   1   2   6   9   2   3   5   3  -2  -6  -7  -9 -10 -12 -10  -8  -4  -3   0   1   3  -1
DST2003*07  X220   0   4   6   3  -3  -5  -8 -13 -19 -24 -17  -9  -7  -8  -9  -9  -8  -6  -4  -3  -2  -4  -2  -2  -2  -6
DST2003*08  X220   0  -4  -6  -5  -5  -9  -9  -8  -8  -8  -8  -7  -6  -8 -11 -12 -13 -10  -5  -5  -8 -10  -6   0   1  -7
DST2003*09  X220   0   3   4   7   2  -4  -6 -10  -6  -3  -2   0   2   1   0  -2   0   0  -5  -5  -7  -6  -7  -9 -10  -3
DST2003*10  X220   0  -8  -4  -1  -1  -1  -2  -5  -7  -4  -5  -6  -6  -6  -6  -5  -2  -1   0  -1  -1  -1  -1  -1   0  -3
DST2003*11  X220   0   0   2   3   0   0   3   5   4   5   3   2   2   3   4   5   5   5   3   5   5   4   2   2   1   3
DST2003*12  X220   0   0   1  -1  -4  -5  -4  -8 -10 -10  -9  -6  -3  -2  -7 -10 -12 -12 -13 -15 -17 -16 -15 -12 -14  -9
DST2003*13  X220   0 -17 -13 -16 -16 -11  -8  -9 -12 -12 -17 -17 -11 -10 -11 -13 -14 -14 -17 -16 -16 -17 -17 -15 -15 -14
DST2003*14  X220   0 -15 -13 -10  -9  -8  -8  -7  -5  -5  -5  -6  -7  -5  -8  -8  -8  -7  -7  -9  -8  -8  -7  -6  -6  -8
DST2003*15  X220   0 -10 -12 -12  -9  -8  -3  -1   1   2   3   4  -1  -4  -7  -8  -2   2   3   0  -2  -2   0   0  -2  -3
DST2003*16  X220   0  -8  -8  -8  -9 -10  -6  -2   3   2   3   4  -1  -8 -12 -13 -14 -15 -13 -12  -7  -5  -1   4   3  -6
DST2003*17  X220   0  -5  -8  -5  -4  -1   0  -1  -4  -9 -15 -11  -9  -9 -10 -11 -14 -14 -11  -9  -8 -11 -10 -11 -10  -8
DST2003*18  X220   0 -11  -9  -4  -2  -3  -1   0  -1   1   3   3   3   5   3  -8  -9  -9  -9  -9 -14 -14  -9  -6  -4  -4
DST2003*19  X220   0 -12 -24 -23 -22 -21 -17 -16 -17 -19 -15 -14 -10 -10 -11 -18 -19 -22 -21 -23 -26 -29 -25 -24 -23 -19
DST2003*20  X220   0 -21 -19 -18 -18 -16 -14 -14 -13 -13 -10  -6  -7  -7  -7 -11 -15 -21 -23 -25 -28 -28 -28 -34 -35 -18
DST2003*21  X220   0 -32 -26 -20 -15 -13 -17 -28 -31 -26 -22 -14 -12 -16 -11 -18 -19 -17 -16 -14 -14 -12 -14 -16 -17 -18
DST2003*22  X220   0 -11  -8  -8 -12 -14 -14  -9  -9 -10 -12  -9  -7  -9 -11 -12 -14 -12  -9 -11 -13 -20 -21 -16 -18 -12
DST2003*23  X220   0 -19 -16 -17 -16 -13 -11 -12 -12 -11 -11 -14 -18 -15 -16 -15 -15 -16 -14 -17 -19 -16 -17 -15 -18 -15
DST2003*24  X220   0 -20 -23 -18 -16 -16 -14 -13 -13 -11  -8  -4  -4  -6  -9 -10  -8  -5  -4  -4  -3  -6  -9 -11 -11 -10
DST2003*25  X220   0 -13 -15 -12 -11 -10  -9  -6  -7  -7  -9  -9  -6  -4  -7  -8  -7  -6  -6  -5  -7  -7  -6 -10 -13  -8
DST2003*26  X220   0 -15 -17 -16 -11  -6  -4  -2  -3  -3  -4  -5  -2  -2  -2  -3  -1  -2  -5  -5  -3  -5  -4  -4 -11  -6
DST2003*27  X220   0 -15 -17 -14 -10  -9  -8  -8  -7  -7  -5  -6  -6  -7 -11 -10 -12 -12 -11 -10 -10  -8  -5  -4  -6  -9
DST2003*28  X220   0  -9 -13 -13 -11  -8  -7  -3  -3  -4  -4  -5  -6  -5  -5  -6  -8  -8  -7  -7  -7  -8  -8 -12 -13  -8
DST2003*29  X220   0 -10  -9  -9 -10  -9  -6  -3  -4  -4  -2   3   1  -3 -12 -16 -17 -17 -14 -15 -16 -22 -23 -23 -25 -11
DST2003*30  X220   0 -22 -19 -13  -8 -12 -10  -9  -8  -9 -14 -13 -12 -12 -15 -14 -13 -10 -18 -20 -28 -33 -31 -26 -23 -16
DST2003*31  X220   0 -28 -38 -45 -43 -33 -25 -24 -27 -21 -14  -9  -8 -13 -24 -27 -30 -28 -22 -22 -23 -17 -17 -19 -20 -24
DST2004*01  X220   0 -19 -19 -20 -23 -19 -16 -14 -16 -18 -16 -13 -12 -13 -15 -17 -18 -20 -20 -22 -22 -23 -26 -28 -29 -19
DST2004*02  X220   0 -25 -21 -19 -22 -25 -22 -19 -19 -19 -17 -13 -10  -8 -12 -14 -14 -13 -12 -14 -20 -23 -24 -21 -22 -18
DST2004*03  X220   0 -21 -23 -24 -22 -22 -21 -18 -15 -13 -13 -15 -13 -11 -12 -19 -23 -18 -19 -22 -21 -17 -17 -27 -29 -19
DST2004*04  X220   0 -24 -19 -20 -21 -19 -17 -14 -10  -6  -7  -8  -4  -3  -4  -6  -9 -11 -10 -15 -18 -18 -20 -17 -14 -13
DST2004*05  X220   0 -10  -6  -5  -5  -2  -3  -3  -5  -8  -8  -8  -7  -7 -10 -12 -12 -14 -14 -14 -12 -10  -6  -3  -2  -8
DST2004*06  X220   0  -3  -7 -10 -10  -8  -8  -7  -5  -3  -2  -4  -5  -4  -5  -7  -8  -9  -8  -9  -9  -7  -6  -6  -5  -6
DST2004*07  X220   0  -6  -5  -4  -2  -1  -1   0   1   0   2   0  -2  -2  -5  -6  -6  -4  -5  -6  -8  -6  -1  -4  -4  -3
DST2004*08  X220   0   0   8  12   5 -10 -12  -8  -9 -14 -20 -21 -18 -14 -14 -20 -24 -30 -28 -29 -21 -22 -20 -24 -23 -15
DST2004*09  X220   0 -26 -27 -23 -21 -18 -19 -20 -19 -16 -13 -12 -12 -16 -17 -16 -18 -17 -18 -17 -18 -18 -17 -16 -15 -18
DST2004*10  X220   0 -14 -12 -10  -9  -9 -10 -11 -11 -10 -10  -6  -4  -5  -6  -7  -7 -12 -11 -12 -11 -10  -8  -8  -6  -9
DST2004*11  X220   0  -5  -3  -6  -7  -6  -7  -8  -8  -6  -3  -4  -7  -6 -11 -18 -23 -27 -29 -27 -21 -18 -16 -13  -9 -12
DST2004*12  X220   0  -2   0   0  -1  -3  -7 -10 -11 -13 -13 -12 -11 -10  -7  -7  -9 -12 -12 -15 -14 -15 -16 -15 -14 -10
DST2004*13  X220   0 -13 -12 -12 -11 -11 -10 -10  -9 -10 -11 -11  -9  -6  -6  -8  -6  -6  -8 -11 -10  -7  -5  -6  -8  -9
DST2004*14  X220   0  -8  -4  -5  -5  -3  -5  -1  -4  -6  -8 -11  -9  -7  -7  -8 -10  -9  -8  -8  -5  -3  -4  -9 -14  -7
DST2004*15  X220   0 -18 -19 -18 -16 -19 -24 -27 -21 -16 -12  -9  -9  -8  -8  -7  -9  -9  -6  -6  -5  -6  -8  -9  -8 -12
DST2004*16  X220   0  -9 -11 -13 -14 -16 -18 -22 -18 -15 -13 -12 -11  -8 -10 -15 -19 -19 -17 -12  -7  -4  -5  -8 -10 -13
DST2004*17  X220   0 -12 -10  -9  -6  -5  -4  -4  -5  -8 -10  -9  -7  -2  -2  -5  -9  -9  -6  -6  -9 -10 -10  -6  -4  -7
DST2004*18  X220   0  -8 -11 -15 -18 -14 -10  -8 -10 -14 -12  -8  -8  -8 -10 -13 -15 -16 -14 -11  -8  -7  -7  -6  -4 -11
DST2004*19  X220   0  -4  -4  -4  -3  -3  -4  -5  -5  -5  -3  -2  -1  -2  -2  -4  -6  -9  -9 -10  -9  -8  -6  -4  -4  -5
DST2004*20  X220   0  -5  -5  -2   3   0   2   8  13   1 -29 -48 -61 -68 -65 -52 -48 -45 -41 -38 -38 -38 -34 -23 -21 -26
DST2004*21  X220   0 -21 -19 -18 -14  -4  -2  -7  -7  -7  -8 -11 -22 -35 -35 -29 -28 -32 -35 -33 -35 -36 -33 -30 -30 -22
DST2004*22  X220   0 -30 -33 -34 -32 -32 -33 -30 -26 -20 -20 -19 -15 -12 -12 -14 -16 -19 -19 -20 -21 -21 -23 -23 -19 -23
DST2004*23  X220   0 -19 -20 -21 -20 -20 -19 -17 -14 -11  -9 -10 -10  -7  -8  -7  -9  -9  -7  -3  -3  -4   0  -2  -3 -11
DST2004*24  X220   0  -1  -2  -5  -6  -7  -7  -9  -8  -9  -8  -6  -5  -4  -5  -8  -8  -3   5  -4 -12 -11 -13 -18 -16  -7
DST2004*25  X220   0 -11  -9 -13 -12 -12 -12 -12 -11 -11 -10  -9  -5  -6  -7 -10 -12  -9  -7  -9  -8  -7  -7  -5  -3  -9
DST2004*26  X220   0  -4  -4  -2  -4  -7  -8  -9  -9 -10 -12 -18 -19 -15  -7  -4  -7 -13 -13 -16 -20 -25 -30 -30 -23 -13
DST2004*27  X220   0 -19 -20 -21 -23 -23 -19 -17 -18 -17 -16 -14 -13 -11 -12 -11 -14 -17 -18 -21 -25 -25 -19 -15 -13 -18
DST2004*28  X220   0 -18 -26 -27 -21 -16 -14 -14 -13 -14 -12  -9  -5  -6  -9 -12 -15 -16 -15 -15 -14 -12 -13 -12 -12 -14
DST2004*29  X220   0 -11 -12 -13 -14 -15 -14 -13 -12 -12 -11 -12 -13 -13 -11  -5  -3  -1  -3  -6  -6  -8 -10 -12 -11 -10
DST2004*30  X220   0  -8  -7  -7  -8 -10  -9  -8  -9 -11 -12  -9  -9  -8  -5  -3   0   0  -1   0   0   1   2   1   1  -5
DST2005*01  X220   0   4   7   5   4   5   2  -3 -11 -18 -18  -7  -1  -4 -10 -14 -15 -15 -13 -12  -9  -6  -2  -3  -2  -6
DST2005*02  X220   0   0   0  -1  -5  -6  -8 -11 -12 -12 -13 -10 -12 -17 -17 -15 -13 -10 -10  -9  -5  -7  -4  -1   3  -8
DST2005*03  X220   0   5   3   1  -3  -5  -7  -6  -2   0   0   1  -1  -1  -2  -1  -2  -1  -1   2   5   7  10   3   7   1
DST2005*04  X220   0   5   0   0  -4  -5  -2  -2   1   1  -1  -2  -1  -1  -2  -4  -8  -6  -4  -5  -5  -4  -4  -1  -1  -2
DST2005*05  X220   0   0  -1  -3  -4  -8 -10  -8  -8 -10  -5  -5  -4   0   2  -3  -5  -7  -9 -13 -16 -22 -23 -22 -19  -8
DST2005*06  X220   0 -14 -16 -16 -21 -24 -23 -17 -14 -12 -12 -11 -10 -10 -11 -14 -17 -18 -19 -20 -20 -21 -19 -17 -15 -16
DST2005*07  X220   0 -13  -9  -7  -7  -7  -7  -9 -10  -8  -5  -7 -11 -13 -11  -6  -6  -6  -7  -6  -5  -5  -5  -6  -5  -8
DST2005*08  X220   0  -5  -6  -3  -1   1   3   2   3   4   3   4   2   1   1  -1  -2  -2  -2  -1   2   4   4  -1  -6   0
DST2005*09  X220   0 -11  -8  -4  -4  -5  -4  -3  -1  -2  -2   0   0   0   2   4   4   5   6   5   4   1   4   7   6   0
DST2005*10  X220   0   5   3   2   2   4   5   5   4   3   2   2   3   1   0   5  12  18  18  19  18  20  15   6   1   7
DST2005*11  X220   0  -4 -10 -12 -11 -14 -11  -6  -4  -7  -8  -7  -5  -5  -5  -6  -4  -3  -1   0  -3  -5  -3   1   3  -5
DST2005*12  X220   0   3   3   4   7   9   8   7   9  10   8   6   4   2   1   2  -2  -2  -1  -1   0   2   4   2   0   4
DST2005*13  X220   0   0   1   0  -1   1   3   6  10   9   7   6   5   5   4   0   2   0  -2  -2  -1  -2   0   4   5   3
DST2005*14  X220   0   8   6   6   6   6   8   9   9   9   9   7   7   8   9  10   9   9   7   8   8   8  12  11   6   8
DST2005*15  X220   0   2   0   0   1   2   4   6   7  10  16   9   5   4   4   3   2   1  -2  -2  -2   0   4   5   4   3
DST2005*16  X220   0   2  -1  -1  -1  -1   1   3   3   2   1   1  -1  -2  -2  -4   0   1   1   1   0   3   6   9  11   1
DST2005*17  X220   0  12   9   7   6   5   5   5   5   6   6   6   5   4   2   2   2   4   5   7   9   8   4   2   3   5
DST2005*18  X220   0   5   7   7   5   5   6   7   7   7   9   8   7   7   5   4   6   7  11   8   9   8   9  12  13   7
DST2005*19  X220   0   9   6   1   3   7   9   6   1  -3  -3   1   0  -4  -7  -8  -6  -4  -2  -1  -1  -1  -6  -9  -6  -1
DST2005*20  X220   0  -6  -8  -7  -4  -3  -2  -4  -4  -3  -1   0   1   1   0  -2  -2  -3  -4  -3  -4  -4  -4  -2  -1  -3
DST2005*21  X220   0  -2  -1  -2  -3   2   0  -3  -7  -9  -7  -5   1   4   1   0   2   1  -1  -1   0   0   0  -5  -9  -2
DST2005*22  X220   0  -6  -2   1   0  -1  -1  -1   2   2   2   3   7   7   9   6   1  -2  -2   0   3   5   3  -2  -6   1
DST2005*23  X220   0 -12 -13 -10  -9  -6  -2   0   0  -2  -2  -2  -1  -2  -5  -6  -7  -7  -6  -5  -5  -6  -6  -7  -6  -5
DST2005*24  X220   0  -5  -5  -6  -5  -3   0   5   6   7   8  11  15  13  11   9   5   1  -2  -7 -13 -16 -15 -11  -7   0
DST2005*25  X220   0  -9 -14 -15 -13  -9  -5  -7  -6  -4  -3  -3  -1   1  -1   0   3   6   3   3   1  -3  -8  -5   2  -4
DST2005*26  X220   0   0   2   1   1   0   0   2   1  -3  -3   0   0   0  -3  -3  -1  -3  -5  -6  -4  -3  -5  -8  -5  -2
DST2005*27  X220   0  -4  -3  -1  -2   2   1   3   6   7   7  11   9   7   5   4   4   5   5   2  -1   3   4   6   4   4
DST2005*28  X220   0   3   3   4   5   4   2   1   2   2   2   2   0   0  -2  -3  -2  -2  -2  -4  -3   2   7   9   8   2
DST2005*29  X220   0   6   6   5   4   4   5   6   3   3   1   2   6   7   4   2   2   2   1   0   0   6  14  14  17   5
DST2005*30  X220   0  17  12  13  17  16  20   4 -15 -25 -22 -26 -20 -16 -15 -15 -23 -24 -22 -25 -21 -18 -17 -23 -22 -10
DST2005*31  X220   0 -22 -21 -20 -17 -14 -14 -12  -9  -8  -9  -9  -9 -10 -13 -15 -16 -15 -15 -15 -14 -14 -12 -13 -12 -14
DST2006*01  X220   0 -14 -15 -15 -12  -9  -8  -7  -7  -7  -6  -3  -3  -4  -5  -5  -4  -3  -1   0  -2  -6  -8  -7  -9  -7
DST2006*02  X220   0 -15 -18 -20 -23 -25 -25 -24 -23 -23 -25 -23 -18 -15 -12 -12 -12 -13 -15 -16 -19 -20 -15 -14 -12 -18
DST2006*03  X220   0 -10  -7  -7  -9 -11 -10  -9  -9 -10 -11 -11 -10  -8  -8  -9  -9 -11 -14 -15 -15 -12  -9  -9  -8 -10
DST2006*04  X220   0  -7 -10 -13 -12  -9  -7  -7  -5  -1   3   6   5   4   4   6   9   7   1  -3  -3  -1  -2  -4  -5  -2
DST2006*05  X220   0  -5  -3  -2   0   0   2   2   3   2   1   3   4   2  -1  -2  -3  -5  -7  -7  -3  -1   1   2   2  -1
DST2006*06  X220   0   0   0   0   1   2   3   2   3   3   3   3   2   4   4   6   7   4   1  -1   0   4   6   6   4   3
DST2006*07  X220   0   5   6   6   5   4   4   3   2   7   7   8  10  13  16  19  22  26  17  17   8  -6  -3  -1  -1   8
DST2006*08  X220   0   0  -4  -7  -8  -8  -7  -8  -9 -10 -12 -13 -14 -15 -13  -8  -5  -6  -6  -5  -7  -4  -5  -8  -9  -8
DST2006*09  X220   0  -7  -4  -1   1   2   1   2   3   2   2   0   0  -2  -4  -1   1   6   8   9   2   0  -3  -7  -6   0
DST2006*10  X220   0  -3  -2  -1  -1  -1   0 -14 -19 -16 -15 -11  -9  -8 -10 -12 -11 -11 -10 -10  -8  -6  -5  -5  -5  -8
DST2006*11  X220   0  -5  -6  -8  -8  -8  -7  -7  -8 -10 -12 -11  -8  -4  -5  -6  -5  -6  -5  -6  -7  -7  -5  -4  -3  -7
DST2006*12  X220   0  -4  -6  -4  -1  -1  -4  -6  -3  -4  -4  -2  -2  -3  -3  -2   1   0  -2  -3  -2  -1  -1  -3  -5  -3
DST2006*13  X220   0  -6  -5  -3  -2  -3  -4  -3  -2   0   0  -1  -1  -1  -1  -2   0  -4  -5  -3  -1   2   3   3   3  -2
DST2006*14  X220   0   0  -3  -4  -3   1   1   3   2   0  -2  -2   0   0   0   2   4   8  13  15  14  14  13   7   4   4
DST2006*15  X220   0   1   0   1   4   5   2  -1  -1  -3  -2  -3  -2  -4  -5  -6  -6  -6  -5  -5  -5  -3  -1   1   2  -2
DST2006*16  X220   0   3   2   2   5   8   9  11  10   9   9   3   0  -1  -2  -1   0  -2  -7 -10  -9  -5  -3   2   4   2
DST2006*17  X220   0   3   3   7   9   9   9   8   7   2   3   5   6   4  -1   2   2   1   2   4   5   5   5   4   3   4
DST2006*18  X220   0   2   0   0   1   3   1   5   8   6   5   1  -3  -6  -8  -5  -3  -3  -2  -2  -1   1   2   1   3   0
DST2006*19  X220   0   2   4   3   3   3   4   4   5   8   9  10   8   9   9   9   9   6   5   5   5   5   0  -4  -3   5
DST2006*20  X220   0  -1   3  13  17  13   4  -5  -8  -9  -9  -2   2   5   5   3   2   1   1   0  -1  -1   0   0   0   1
DST2006*21  X220   0  -3  -5  -6  -6  -4  -2  -1  -2  -2  -1  -1   0  -2  -2  -1   0   0   1   0  -2  -4  -7  -7  -7  -3
DST2006*22  X220   0  -5  -1   2   2   0  -2   0  -1  -2  -2  -3  -2  -1  -1  -2  -3  -4  -2  -2  -1   1   0   2   5  -1
DST2006*23  X220   0   4   2   4   6   6   5   6   6   8  11  12  10  10   8   6   5   4   4   5   6   9   7   1  -2   6
DST2006*24  X220   0  -5  -6  -2  -1  -2  -5  -8  -5   1   4   3   3   5   6   2   3   3   2   3   4   3   1   2   3   1
DST2006*25  X220   0   3   6   8   8   9   9   5   4   5   5   5   5   4   5   7   6   4   5   5   4   1   0   2   5   5
DST2006*26  X220   0   5   2   1   0  -3  -3  -2  -3  -2  -2  -1  -1   1   2   3   3   3   3   1  -2  -3   0  -4  -8   0
DST2006*27  X220   0 -12 -10  -5  -2  -4  -5   2   6   8   7   0  -8  -2   2  -4  -9  -7  -8  -8  -6  -4  -5  -7  -8  -4
DST2006*28  X220   0 -12 -14 -16 -17 -16 -11 -10  -8  -6  -5  -7  -9  -8  -7  -6  -7  -8  -7  -4  -3  -2  -4  -6  -5  -8
DST2006*29  X220   0  -2   0  -2  -8  -8  -5  -2   0   4   5   4   1   1   1  -2  -3  -1   0   0  -1  -1   0   5   1  -1
DST2006*30  X220   0  -1  -2   3   3  -3  -6  -8  -3   2   3   1  -3  -4  -8  -8  -7  -4  -1   0   1   1  -1  -3   0  -2
DST2007*01  X220   0   1   1  -4  -9  -9  -8  -7  -3  -2  -2  -3  -6  -6  -4  -2  -2  -1   3   7   7   1  -5  -4  -1  -2
DST2007*02  X220   0  -3  -3  -3  -2  -3  -2   0   5   8   9   5   3   1   1   2   3   4   5   4   2   1   1   2   4   2
DST2007*03  X220   0   6   6   3   1  -1   0   2   8  14   9   4   4   4   5   4   3   0   1   5   3  -2   0   1   1   3
DST2007*04  X220   0   2   1  -1  -4  -2  -1   3   8  11  13  10   7   8  16  23  23  18  20  22  15   4  -8  -8  -9   7
DST2007*05  X220   0 -12  -7  -3  -1  -4  -7  -7  -7  -8  -5  -9 -14 -14 -13 -12 -11 -13 -12 -11  -9  -6  -3 -10  -5  -8
DST2007*06  X220   0  -4  -4  -9 -10 -11  -7  -6  -8  -6  -6  -7  -7  -5  -4  -5  -7  -8  -5  -4  -4  -3  -3  -4  -5  -6
DST2007*07  X220   0  -3  -4  -2  -2  -8 -10 -11  -6  -4  -1   0  -6 -10 -11  -9  -6  -3   1   1   1   1   2   0  -3  -4
DST2007*08  X220   0  -2  -3  -3  -5  -7  -5  -2   0   1   0   1   2   1   0   0   2   3   5   2   0   3   4   0  -1   0
DST2007*09  X220   0  -2  -2   1   5   5   3   3   2   4   6   6   4   3   1   0   1   1   3   2   1  -3  -6  -6  -6   1
DST2007*10  X220   0  -5  -4  -5  -5  -2  -1  -2   1   1   2   0   2   3   1   0   0  -1  -3   0  -2  -1  -2   0  -3  -1
DST2007*11  X220   0  -5  -6  -3  -1  -1  -3  -2  -1  -1  -1  -1  -1  -4  -5  -5  -4  -3  -3  -4  -5  -4  -3   0   0  -3
DST2007*12  X220   0   0  -2  -2   0   3   3   4   5   5   6   5   5   8   8   8   8   5   6   7   8  11  11  12  15   6
DST2007*13  X220   0  15  16  12   5   5   9  13  18  17  13   6   3   1  -1   2   3   5   7  11  12  11   5  -4 -21   7
DST2007*14  X220   0 -27 -28 -34 -43 -45 -44 -41 -31 -27 -24 -23 -25 -29 -28 -27 -25 -24 -22 -17 -13 -13 -11 -10 -13 -26
DST2007*15  X220   0 -15 -13 -13 -16 -17 -18 -19 -17 -10  -8  -9 -12 -11  -7  -9 -12 -14 -12  -9 -10 -13 -16 -19 -21 -13
DST2007*16  X220   0 -18 -13  -9  -8  -9  -7  -6  -3  -2   0  -3  -8 -10 -12 -11 -10  -9  -6  -2  -2  -3  -5  -5  -6  -7
DST2007*17  X220   0  -7  -9 -12 -12 -12 -12 -10  -8  -5  -7 -11 -11 -11  -6  -3  -2  -5  -4   2   0  -2  -1  -2  -3  -6
DST2007*18  X220   0  -4  -8  -8  -9  -9  -8  -7  -6  -1  -1  -3  -6  -5  -4  -1  -1  -1   0   1   0   0  -5  -8  -6  -4
DST2007*19  X220   0  -2   0  -3  -6  -5  -3  -2   0   0   0   2   3   2   4   6   8   8   8   5   4   2   1  -1   0   1
DST2007*20  X220   0  -3  -2  -5  -6  -7  -7  -5  -5  -1   3   1   0  -1   1   4   7   9  10   8   5   1  -4  -8  -6   0
DST2007*21  X220   0  -3   0   0  -1  -1  -2  -2   0   3   2   1   0   0   0   1   2   0   2   3   1  -1  -4  -7  -5   0
DST2007*22  X220   0  -2  -1  -2  -4  -3  -1   2   3   5   3  -1  -5  -5  -1   1   5   6   4   6   6   6   5   4   3   1
DST2007*23  X220   0   1   2   1   2   3   4   5   7   5   6  10  10   6   8  10   9   9  11  11   8   7   3   2   3   6
DST2007*24  X220   0   8   9  11  13   7   0  -8 -16 -20 -25 -20 -14 -14 -16 -19 -25 -23 -22 -23 -27 -34 -33 -33 -43 -15
DST2007*25  X220   0 -50 -49 -41 -37 -34 -31 -27 -27 -25 -19 -15 -16 -14 -10 -10  -7  -8  -5  -6  -7  -7  -7  -7  -6 -19
DST2007*26  X220   0  -5  -6 -11 -15 -17 -16 -13 -12 -12 -12 -11 -10 -10  -7  -6  -7  -9  -9  -9  -8  -9 -11 -12 -11 -10
DST2007*27  X220   0 -12 -13 -15 -16 -12  -7  -7  -5  -4  -4  -5  -4  -2   0   1   2   2   2   4   6   5   3   2  -1  -3
DST2007*28  X220   0  -7 -12 -12 -11  -9  -7  -3  -2  -1  -2  -1  -3  -3  -1   1  -1  -2  -5  -5  -3  -2  -3  -4  -4  -4
DST2007*29  X220   0  -4  -6 -10  -8  -5  -2  -2  -1   1   1   1   1  -3  -4  -1   2   0   2   8   3   3   0  -1   0  -1
DST2007*30  X220   0  -2   0   2   4   5   5   2  -5  -9  -7  -6  -6  -6  -8  -8  -2  -6  -5  -4  -2  -2  -4  -5  -7  -3
DST2007*31  X220   0  -8  -8  -5  -1   1   1   3   4   6   3   2   3   1   0   0   0  -1  -1  -1   0   2   3   2  -1   0
DST2008*01  X220   0  -2  -5  -8  -6  -5  -5  -4  -3  -3   0   1   0   2   2   2   3   3   7   9  10  10   7   9  14   2
DST2008*02  X220   0  17  15   8   4   2   8  15  13  19  22  21  10  -6 -19 -17 -19 -18 -10  -1   1   6  -6 -11  -6   2
DST2008*03  X220   0  -3  -1  -3 -22 -21 -20 -24 -21 -28 -30 -19 -15 -11 -12 -13 -13  -7 -10 -15 -18 -19 -18 -23 -19 -16
DST2008*04  X220   0 -15 -14 -19 -24 -23 -18 -15 -13 -11 -10  -9  -8 -10 -10 -10  -7  -5  -6  -5  -8 -14 -11 -13 -15 -12
DST2008*05  X220   0 -12  -9 -12 -14 -14 -17 -16 -14 -12 -11 -12 -12 -11 -11  -9  -6  -6  -8  -6  -8  -8  -9 -14 -16 -11
DST2008*06  X220   0 -17 -16 -14  -9  -5  -2  -1  -2  -3  -5  -5  -5  -8 -12 -11 -10 -11 -13 -14 -13  -7  -9 -16 -17  -9
DST2008*07  X220   0 -14 -14 -15 -15 -16 -14  -7  -5  -4  -3  -4  -2   0   1   0  -1  -3  -3  -1  -1  -2  -4  -5  -2  -6
DST2008*08  X220   0  -4  -6  -6  -6  -6  -8 -10 -12 -13  -8  -7  -7 -11 -12 -12 -14 -15 -14 -14 -13  -9  -4  -3  -4  -9
DST2008*09  X220   0  -6  -8  -9 -10  -9  -8  -4  -4  -4  -8 -10 -12 -11 -11 -10  -7  -7  -7  -6  -2   2   2   3   5  -6
DST2008*10  X220   0   2   3   4   3  -1  -2  -6  -8  -8 -10  -8  -7  -9  -8  -5  -2  -4  -4  -3   0   1   0  -1  -2  -3
DST2008*11  X220   0   0   0  -5  -8  -8  -8  -6  -6  -7  -6  -6  -7  -7  -3  -2  -2  -2  -1   2   4   3   1   4   8  -3
DST2008*12  X220   0   8   8  10   7   4   0  -1  -1  -3  -1  -1  -1  -1   2   3   4   5   4   2   2   3   4   3   0   3
DST2008*13  X220   0  -1  -1  -2  -4  -4  -1   1   4   3   2  -1  -2  -2  -1  -1  -1  -1  -2  -4  -4  -1  -3  -7  -7  -2
DST2008*14  X220   0  -4   0   3   2  -1   1   1  -1   0   2   4   3   2   2   3   4   3   0  -3  -7 -11 -11 -13 -14  -1
DST2008*15  X220   0 -12  -6  -4  -1   2   3   1  -2   1   6   7   8   9   9   6   2   1   0  -3  -7  -7  -2  -4  -5   0
DST2008*16  X220   0  -1  -3  -3  -6  -5   1   4   5   7   9   8   6   4   2   3   5   6   7  11  11  11  13  12   7   5
DST2008*17  X220   0   7   7   8   7  12  14  14  13  10   4   4   5   8   5   4   6   6   2   1   2   4  -1  -2  -2   6
DST2008*18  X220   0  -1  -3   1   6   8   8  10   5   4   7   2  -3  -9  -4   1   2   5   1  -2   1  -1   0 -10 -11   1
DST2008*19  X220   0 -13 -13 -16 -16 -17 -19 -16 -11  -9 -10 -11 -10  -9  -6  -5  -6  -7  -7  -8  -8  -9 -12 -17 -17 -11
DST2008*20  X220   0 -10  -2   2   8  10   9   6   6   8   8   3   5   8   9   9   7   6   4   1   1   1  -1   0  -1   4
DST2008*21  X220   0   0   5   7   6   8  10  10  12  12   9   6   5   6   7  10  10   7   6   2  -4  -6  -8  -7  -6   4
DST2008*22  X220   0  -2  -1  -2  -3  -1   0  -1  -5  -7  -4  -6  -5  -7  -8  -4  -2  -2  -5  -8  -7  -4  -1  -6 -11  -4
DST2008*23  X220   0 -15 -11  -8  -5  -8  -5  -5  -4  -5  -5  -4  -5  -8 -10  -9  -6  -1   2   2   1  -5 -12  -7 -11  -6
DST2008*24  X220   0  -8  -7  -4  -2  -1  -3  -3  -2  -2  -2  -2  -1   0   0  -3  -3  -1   1   0  -2  -3  -3  -2  -2  -2
DST2008*25  X220   0  -1   2   3   6   9  11  14  14  13  13  12   7   2   0   6  13   9   9  10  12   9   7   6   5   8
DST2008*26  X220   0   5   2   0  -7  -6  -6 -10  -9  -8  -8 -10  -8  -8  -6  -2   0  -1  -7  -7  -7  -5  -6 -10 -13  -6
DST2008*27  X220   0 -16 -15 -13 -14 -14 -15 -15 -12 -11  -9  -6  -4 -10 -10  -6  -4  -4  -6  -9 -12 -12  -9  -7  -8 -10
DST2008*28  X220   0  -8  -9  -9  -8  -7  -5  -7  -6  -4  -1  -2  -4  -6  -2   4   4   0  -2   0  -2  -7 -10 -15 -22  -5
DST2008*29  X220   0 -23 -20 -21 -22 -23 -26 -24 -29 -29 -27 -22 -20 -20 -19 -18 -14 -14 -14 -16 -20 -15 -17 -15 -13 -20
DST2008*30  X220   0 -12 -13  -9  -9 -16 -27 -27 -17 -13 -12 -14 -14 -17 -18 -17 -13 -13 -15 -18 -20 -20 -22 -21 -33 -17
DST2008*31  X220   0 -39 -36 -31 -28 -33 -33 -27 -23 -24 -17 -13 -16 -23 -21 -16 -23 -21 -20 -17 -17 -22 -24 -19 -16 -23
DST2009*01  X220   0 -15 -16 -16 -18 -22 -25 -20 -26 -29 -23 -21 -20 -26 -30 -28 -26 -29 -29 -28 -31 -31 -31 -29 -31 -25
DST2009*02  X220   0 -30 -35 -35 -33 -26 -20 -20 -21 -22 -23 -20 -17 -20 -19 -13  -9 -10 -12 -15 -15 -16 -19 -19 -20 -20
DST2009*03  X220   0 -20 -20 -18 -16 -14 -13 -14 -14 -15 -12  -9  -5  -3  -1  -1  -1  -3  -3  -4  -6  -9 -13 -15 -19 -10
DST2009*04  X220   0 -20 -21 -19 -17 -14 -15 -17 -17 -14 -12 -18 -20 -20 -20 -18 -20 -20 -21 -20 -19 -21 -21 -20 -20 -19
DST2009*05  X220   0 -21 -24 -25 -22 -17 -14 -14 -14 -17 -21 -20 -14 -12 -11  -7  -5  -4  -5  -7  -8  -8 -10 -10 -14 -14
DST2009*06  X220   0 -18 -20 -16 -12 -10 -10  -7  -6  -7  -6  -7 -10 -11  -7  -4  -4  -3  -4  -5  -8 -12 -16 -20 -21 -10
DST2009*07  X220   0 -21 -17 -14 -11 -13 -16 -15 -10 -10 -11 -11 -13 -15 -13 -11  -8 -10 -10 -10 -10 -11 -13 -15 -15 -13
DST2009*08  X220   0 -13 -14 -14 -12 -13 -12  -9  -6  -6  -1   1  -1  -1  -1  -1  -4  -5  -6  -5  -5  -4  -2  -2  -3  -6
DST2009*09  X220   0  -5  -6  -7  -6  -6  -6  -2   0   0   1   2   1   1   0  -1  -3  -2  -1  -2  -2  -2  -2  -1   0  -2
DST2009*10  X220   0  -2  -3  -3  -3  -2  -2  -4  -1   1   2   0   1   2   4   4   1   1   2   2  -1  -1   3   2   0   0
DST2009*11  X220   0   0   1   1   2   1   1   1   1  -1  -3   0  -1  -2  -1  -1  -2  -2  -3  -1  -3  -4  -7 -12 -13  -2
DST2009*12  X220   0 -12 -11 -10  -6  -7  -9  -9  -7  -8  -9  -1   1   0   0  -2  -5  -5  -3  -2  -3  -5  -7  -9 -11  -6
DST2009*13  X220   0  -9 -10 -13 -12  -8  -6  -7 -10  -8  -6  -3  -2   0   1  -1   0   0   8   6   7  11   7   6   8  -2
DST2009*14  X220   0   2 -12 -21 -26 -36 -36 -30 -27 -29 -16 -10  -6 -12 -14 -11 -10  -9  -7  -8 -10 -11 -14 -16 -18 -16
DST2009*15  X220   0 -19 -20 -18 -18 -21 -20 -19 -16 -20 -23 -26 -23 -16 -14 -15 -17 -17 -14 -12 -10 -11 -14 -16 -18 -17
DST2009*16  X220   0 -17 -14 -13 -14 -13 -10  -8  -8  -6  -4   0   3   3   1  -1  -4  -5  -5  -5  -5  -7 -15 -18 -17  -8
DST2009*17  X220   0 -12  -8   0   3   0  -2  -3 -10 -11  -9  -5   3   5   4   1  -3  -6  -5  -5  -4  -3 -10 -12 -12  -4
DST2009*18  X220   0  -6  -4  -4  -5  -6  -7  -6  -6  -6  -6  -5  -3  -3   9  11  13  11   6   4   2   2  -2  -3  -3  -1
DST2009*19  X220   0  -1  -1  -1  -3  -4  -7  -8  -9  -7  -4  -2  -4  -6  -8  -8  -7  -7  -8  -7  -7  -7  -6  -7  -7  -6
DST2009*20  X220   0  -9  -9  -7  -5  -5  -2   0   2   1   0  -1  -3  -5  -3   2  -1  -4  -4  -6  -7  -7  -7  -8  -6  -4
DST2009*21  X220   0   0   5   9  11  10   9   9   9   9   7   5   5   4   2   4   6   7  10  10  12  10   7   7   7   7
DST2009*22  X220   0   4   3  -2  -3  -5  -2  -3  -6 -12 -15 -16 -13  -7  -4  -7 -11 -12 -12 -11 -10 -10 -10 -11 -13  -8
DST2009*23  X220   0 -10  -9  -8  -4  -4   0   3  -1 -10 -20 -23 -23 -17 -14 -13 -16 -13  -8 -12 -17 -15 -18 -19 -19 -12
DST2009*24  X220   0 -22 -14  -4  -8 -12 -11 -14 -24 -27 -30 -23 -17 -19 -28 -34 -35 -34 -30 -24 -21 -22 -20 -22 -23 -22
DST2009*25  X220   0 -25 -22 -26 -31 -30 -27 -24 -25 -28 -25 -19 -16 -13 -15 -19 -20 -18 -17 -14 -15 -23 -32 -47 -54 -24
DST2009*26  X220   0 -52 -53 -52 -52 -47 -46 -42 -46 -42 -33 -24 -24 -22 -25 -23 -19 -25 -25 -26 -27 -28 -30 -32 -36 -35
DST2009*27  X220   0 -31 -28 -29 -31 -38 -39 -33 -32 -32 -28 -26 -24 -23 -23 -24 -29 -28 -27 -25 -28 -45 -60 -58 -52 -33
DST2009*28  X220   0 -52 -50 -46 -48 -53 -47 -45 -48 -47 -41 -39 -40 -39 -38 -35 -36 -42 -38 -43 -44 -48 -54 -48 -42 -44
DST2009*29  X220   0 -29 -31 -37 -32 -27 -27 -32 -30 -30 -27 -23 -22 -24 -24 -31 -37 -37 -34 -32 -31 -32 -29 -28 -28 -30
DST2009*30  X220   0 -24 -26 -24 -26 -37 -42 -36 -35 -33 -29 -27 -26 -23 -20 -18 -20 -21 -23 -27 -29 -32 -31 -31 -32 -28
DST2010*01  X220   0 -28 -23 -22 -24 -25 -24 -25 -25 -26 -22 -25 -29 -30 -25 -17 -19 -23 -26 -25 -24 -23 -25 -29 -34 -25
DST2010*02  X220   0 -34 -34 -30 -28 -25 -24 -24 -22 -22 -23 -25 -26 -24 -24 -21 -24 -28 -31 -31 -28 -22 -24 -28 -30 -26
DST2010*03  X220   0 -25 -22 -22 -21 -22 -23 -23 -22 -21 -24 -24 -27 -24 -21 -19 -18 -17 -18 -20 -21 -23 -24 -24 -25 -22
DST2010*04  X220   0 -24 -21 -22 -23 -22 -19 -16 -15 -15 -16 -16 -16 -16 -14 -12 -11 -12 -14 -15 -17 -19 -20 -21 -22 -17
DST2010*05  X220   0 -20 -19 -16 -16 -14 -15 -17 -17 -11  -9  -9  -8  -8  -7 -11  -9  -9 -11 -20 -29 -36 -41 -39 -36 -18
DST2010*06  X220   0 -32 -31 -33 -32 -29 -27 -25 -25 -24 -22 -21 -16 -12  -6  -4  -7  -5  -3  -1   0   0   3   1   0 -15
DST2010*07  X220   0   0  -2   0   1   0   1   0   0   3   9   8   8  13  14   4   0  -1  -4  -5  -6  -9 -12 -15 -15   0
DST2010*08  X220   0 -13 -13 -11 -11 -12 -11 -13 -11 -11 -10  -7 -11 -10 -11 -10  -8  -7  -8  -7  -6  -9  -8  -9 -10 -10
DST2010*09  X220   0 -12 -13 -13 -10  -7  -5  -6  -7  -8  -7  -6  -5  -5  -4  -5  -5  -4  -2  -2  -2  -2  -1  -1  -2  -6
DST2010*10  X220   0  -2  -2  -3  -4  -4  -4  -3  -2  -3  -7  -7  -4   0   3   4   4   1  -1   0  -1  -3  -3  -2   0  -2
DST2010*11  X220   0   3   4   4   5   3   2   1   1   6   6   7   5   5   7   8   6   3   2   3   3   0  -2  -1  -2   3
DST2010*12  X220   0  -5  -6  -7  -6  -4  -3  -2  -1  -2  -1   1   3   7   3   8   8   6   2   0   0  -2  -4  -4  -2   0
DST2010*13  X220   0   1   6   3   5   3   2   3   5   5   3   5   6   8   8   7   8   7   5   3   0   0  -1   1   1   4
DST2010*14  X220   0   5   6   6   3   2   0   0   0   0  -1  -2  -1  -2  -2  -2  -3  -4  -5  -6  -7  -7  -4  -2  -2  -1
DST2010*15  X220   0  -2  -1  -1   0  -1  -3  -3  -2  -2  -4  -5  -4  -5  -4  -3  -2  -2   0   3   5   6   8   6   3  -1
DST2010*16  X220   0   5   4   0  -2   2   4   2  -2  -3  -1   0   1   2   1   0   0  -1  -3  -2  -3  -7  -7  -7  -6  -1
DST2010*17  X220   0  -4  -2   0  -1  -5 -13 -18 -20 -19 -16  -9 -11  -8 -10 -10  -8  -5  -3  -1   3   1   2   1  -2  -7
DST2010*18  X220   0  -2   1   1   1   1  -3  -4  -4  -4  -6  -4  -3  -2  -2  -3  -3  -2  -1   0  -3  -7  -6  -3   0  -2
DST2010*19  X220   0   1   3   2   2   3   3   1  -4  -7 -13 -14 -15 -14 -13  -6   5   5   7   1  -7 -10 -12 -11  -8  -4
DST2010*20  X220   0  -7  -8 -10 -11 -10 -10  -9 -10 -14 -17 -16 -13 -12  -9  -8  -9  -8  -9  -9  -8  -7  -6  -5  -4 -10
DST2010*21  X220   0  -5  -6  -1  -1   0   3   1 -13 -20 -17 -13 -12 -13 -13 -12 -14 -17 -18 -17 -16 -16 -15 -15 -13 -11
DST2010*22  X220   0 -10 -10 -11  -9  -7  -5  -5  -4  -3  -2   0   1   2   0  -6  -9 -10 -10 -12 -13 -13 -16 -15 -17  -8
DST2010*23  X220   0 -15 -11 -10  -9  -7  -6  -7  -9 -10  -7  -2   1   5  10  18  18  19  26   9   7  -6 -16 -24 -28  -2
DST2010*24  X220   0 -23 -29 -36 -33 -37 -41 -36 -34 -39 -35 -33 -24 -23 -22 -26 -27 -27 -29 -30 -28 -27 -21 -19 -20 -29
DST2010*25  X220   0 -17 -15 -12 -10  -9 -10 -10 -15 -27 -30 -23 -21 -23 -21 -25 -30 -32 -32 -34 -36 -30 -27 -23 -18 -22
DST2010*26  X220   0 -16 -14 -17 -16 -25 -35 -34 -29 -26 -30 -27 -23 -24 -26 -23 -24 -25 -27 -28 -31 -28 -25 -29 -31 -26
DST2010*27  X220   0 -27 -21 -19 -20 -21 -23 -23 -25 -22 -23 -25 -22 -19 -18 -18 -20 -22 -22 -23 -27 -21 -19 -20 -17 -22
DST2010*28  X220   0 -17 -15 -12 -15 -20 -22 -22 -20 -18 -16 -19 -22 -24 -24 -24 -32 -33 -24 -26 -23 -36 -31 -27 -24 -23
DST2010*29  X220   0 -24 -22 -17 -14 -13 -17 -19 -19 -22 -27 -28 -22 -21 -18 -22 -30 -32 -30 -30 -27 -22 -23 -24 -25 -23
DST2010*30  X220   0 -22 -18 -16 -15 -16 -18 -22 -25 -24 -21 -17 -15 -15 -18 -20 -18 -14 -21 -20 -17 -15 -14 -18 -16 -18
DST2010*31  X220   0 -10  -8  -8  -5  -8 -14 -22 -29 -35 -37 -33 -28 -23 -27 -28 -28 -24 -19 -16 -15 -17 -16 -17 -21 -20
DST2011*01  X220   0 -19 -16 -12 -10 -11 -14 -13 -15 -18 -21 -17 -12  -9 -11 -20 -25 -29 -35 -34 -36 -33 -30 -27 -24 -20
DST2011*02  X220   0 -20 -16 -16 -15 -16 -16 -18 -19 -16 -13 -12 -14 -11 -13 -15 -15 -15 -17 -19 -19 -20 -21 -21 -20 -17
DST2011*03  X220   0 -17 -14 -11  -9 -10 -10 -11 -12 -12 -11 -11 -11 -10  -9 -11 -12 -13 -14 -15 -15 -16 -16 -15 -13 -12
DST2011*04  X220   0 -12  -9  -8 -10 -11 -12 -11 -10 -11  -9  -8  -6  -6  -6  -5  -4  -4  -1  -3  -3  -2  -3  -4  -4  -7
DST2011*05  X220   0  -5  -6  -7  -5  -4  -3  -1  -2  -3  -2  -1  -1  -1   5   5   8   9  10   6   7   7   7   2  -1   1
DST2011*06  X220   0   2   3   2   3   6   2  -1  -3  -2  -3  -7  -5  -5  -6  -3  -7 -12 -13 -17 -11 -12 -13 -14 -12  -5
DST2011*07  X220   0 -10 -10  -8  -6  -4  -2  -4  -7  -9 -12 -14 -13 -11  -9  -8 -12 -12 -15 -15 -12 -15 -14 -17 -16 -11
DST2011*08  X220   0 -16 -15 -15 -13 -11 -11 -16 -15 -12 -11 -12 -12 -13 -12 -10 -10 -12 -12  -9  -6  -5  -5  -6  -8 -11
DST2011*09  X220   0 -10 -12 -11 -10  -8  -6  -5  -6  -7  -9  -8  -6  -7  -8  -8  -8  -8  -7  -6  -6  -6  -7  -7  -7  -8
DST2011*10  X220   0  -7  -6  -3  -2  -2  -2  -1   0   1   1   2   4   4   3   2   0  -2  -3  -4  -4  -2  -2  -3  -3  -1
DST2011*11  X220   0  -4  -5  -5  -4  -4  -5  -4  -3  -2  -3  -1   3   7  11  12   6   2   1   2   7   6   1  -9  -3   0
DST2011*12  X220   0  -6  -7  -8  -6  -4  -2   0  -5  -9 -11 -10  -4  -3  -1  -3  -4  -5  -5  -4  -3  -5  -5  -3  -3  -5
DST2011*13  X220   0  -6  -9 -12 -13 -14 -15 -16 -12  -8  -8  -9  -8  -8  -8  -8  -8 -10 -11 -10 -11 -10  -9  -6  -2 -10
DST2011*14  X220   0  -1  -3  -6  -5  -5  -5  -7  -7  -6  -3  -2   1   0  -2  -4  -4  -4  -4  -7  -8  -7  -4  -4  -7  -4
DST2011*15  X220   0 -10 -12 -11 -12 -10  -8  -6  -3  -1   0   0   0  -1  -2  -3  -6  -7  -7  -5  -3  -2  -3  -1   0  -5
DST2011*16  X220   0   1   0  -3  -2  -4  -4  -2  -2  -2  -2  -3  -5  -6  -7  -7  -5  -4  -4  -1   2   5   7   9  11  -1
DST2011*17  X220   0  10   6   3   1   1   2   3   4   7   3   1   2   0  -5  -8  -4  -2  -1  -1  -1   0   1   0  -2   1
DST2011*18  X220   0  -4  -4  -2  -1  -4  -7  -9 -10  -7  -4  -3  -3  -4  -4  -3  -2  -1  -2  -1   2   2   3   3   3  -3
DST2011*19  X220   0   4   0  -1  -2  -3  -3  -2  -1  -1  -2  -4  -5  -5  -3   0  -1  -1  -2  -1   1   2   5   3   1  -1
DST2011*20  X220   0  -6 -15 -21 -18 -18 -19 -23 -26 -25 -24 -18 -17 -16 -13 -11 -11 -16 -14 -15 -18 -15 -12  -8  -3 -16
DST2011*21  X220   0  -6  -9  -8  -8  -8 -12 -13 -14 -13 -10  -7  -7 -13 -17 -20 -20 -24 -23 -17 -12 -13 -21 -30 -35 -15
DST2011*22  X220   0 -22 -25 -25 -22 -28 -28 -42 -38 -45 -39 -33 -32 -29 -36 -36 -35 -40 -38 -35 -36 -39 -35 -27 -25 -33
DST2011*23  X220   0 -23 -25 -27 -26 -28 -31 -33 -33 -30 -27 -27 -26 -25 -25 -24 -23 -26 -25 -25 -24 -21 -21 -19 -17 -25
DST2011*24  X220   0 -20 -22 -25 -25 -25 -26 -25 -24 -22 -19 -19 -21 -23 -23 -23 -22 -22 -20 -20 -19 -17 -16 -12 -11 -21
DST2011*25  X220   0 -11 -12 -13 -15 -18 -21 -22 -21 -18 -17 -20 -21 -24 -27 -28 -26 -22 -23 -26 -26 -25 -23 -23 -21 -21
DST2011*26  X220   0 -18 -16 -15 -15 -15 -16 -16 -16 -12 -13 -17 -17 -17 -16 -13 -13  -9 -11 -12 -11  -8  -7  -5  -6 -13
DST2011*27  X220   0  -4  -4 -10 -10  -9 -12 -12 -12 -18 -24 -22 -17 -17 -16 -19 -17 -16 -14 -12 -10  -7  -6  -4  -6 -12
DST2011*28  X220   0 -15 -20 -23 -22 -23 -25 -26 -25 -22 -23 -23 -23 -21 -23 -25 -20 -18 -16 -15 -13 -15 -13 -11  -6 -19
DST2011*29  X220   0  -4  -4  -6  -6 -10  -8  -7 -13 -16 -15 -15 -15 -16 -15 -14 -14 -16 -14 -11 -11 -11 -10  -9  -8 -11
DST2011*30  X220   0  -8 -10 -12  -8  -9  -3  -6  -5  -8  -9 -11 -10 -12 -15 -16 -16 -15 -15 -16 -14 -14 -13 -15 -16 -12
DST2012*01  X220   0 -16 -15 -16 -16 -16 -16 -14 -13 -13 -13 -12 -11 -12 -12 -12 -11 -10 -11 -13 -13 -12 -11 -12 -13 -13
DST2012*02  X220   0 -14 -14 -15 -14 -13 -14 -14 -15 -11  -7  -7  -5  -6  -4  -1   0   1   0  -1   0  -1   0   0  -2  -7
DST2012*03  X220   0   0   1  -2  -4  -4  -4  -4  -6  -7  -9 -10 -13 -12  -9  -6  -8 -15 -17 -17 -14 -11 -13 -13  -9  -9
DST2012*04  X220   0 -10 -11 -12 -11 -10  -8  -7  -7  -7  -9 -12 -13 -13 -13 -15 -14 -14 -13 -13 -11  -9  -8  -9  -7 -11
DST2012*05  X220   0  -5  -7  -8  -8  -8  -7  -6  -3  -5  -6  -8  -7  -9  -5  -5  -3  -2  -1   1   1  -3  -4  -5  -4  -5
DST2012*06  X220   0  -1  -4  -6  -9  -9  -5  -5  -7  -5  -3  -6  -8  -5   0   4   2  -1  -1   1   3   0  -1  -5  -6  -3
DST2012*07  X220   0  -4  -5  -7  -7  -6  -3  -5  -7  -4  -6  -8 -10 -12 -12  -9 -10 -12 -11 -11 -11  -9  -8  -7  -7  -8
DST2012*08  X220   0  -8  -8 -11 -14 -12  -9  -9 -10 -13 -16 -18 -12  -6  -5  -4   0   2  -3  -5  -3  -4  -6  -8 -11  -8
DST2012*09  X220   0 -11 -10  -9  -5  -7  -4  -5  -5  -4  -3  -3  -3  -3  -5  -3  -4  -2  -9 -10  -7  -9 -13 -13 -11  -7
DST2012*10  X220   0  -9  -8  11  13   6   4   3   1   0  -3  -4  -1  -2  -2  -2  -4  -7  -9  -8 -11 -11  -8  -4  -1  -2
DST2012*11  X220   0  -3  -7  -9   0  -1  -7 -11 -11 -12 -15 -12 -12 -14 -12 -13 -10 -10  -9  -8  -9 -10  -9  -9  -7  -9
DST2012*12  X220   0  -6  -6  -7  -9 -10 -11 -12 -13 -10  -7  -7  -7  -4  -3   0  -3  -2   0   2   2  -1  -3  -1  -3  -5
DST2012*13  X220   0  -3  -5  -7 -10 -14 -17 -19 -18 -15 -12 -11  -9  -8  -9 -11  -9 -10  -9  -8  -5  -9 -11 -12 -12 -11
DST2012*14  X220   0  -9  -8  -9  -9 -11  -9  -6  -6  -7 -10 -10 -10 -10 -11  -8  -3  -2  -3  -3  -4  -6 -10 -11 -12  -8
DST2012*15  X220   0 -11 -10  -9  -7  -8  -9 -11 -11 -12 -13 -11  -9  -5  -4   0   5   6   5   6   5   3   1   1  -1  -4
DST2012*16  X220   0   1   3  -1  -7  -7  -7  -4  -1   1   1  -3  -3  -4  -5  -5  -4  -1   0   1   0  -4  -4  -5  -3  -3
DST2012*17  X220   0   0   0   1   2  -1  -2  -2  -3  -2  -1  -2  -1  -3  -1   1  -2  -2  -2   0   1  -1  -3  -4  -5  -1
DST2012*18  X220   0  -5  -3  -1   2   1  -1  -2  -1   0   0   3   6   7   7   5   5   3   3   5   5   2   1  -1   0   2
DST2012*19  X220   0   1   1   2   5   2  -1  -1   0   0   8   8   6   1  -8  -5  -3  -4  -3  -5  -7  -9 -10 -11 -14  -2
DST2012*20  X220   0 -15 -16 -15 -12 -10 -11 -13 -14 -19 -19 -16 -12 -13 -16 -16 -13  -9  -3   0   0   0  -3  -5  -3 -11
DST2012*21  X220   0  -1   1   3   0  -3  -8 -14 -17 -16  -5  -9  -6  -5  -6  -4  -7  -4  -4  -4  -5 -12 -16 -15  -4  -7
DST2012*22  X220   0  -6  -7 -15 -22 -20 -18 -15 -17 -24 -28 -26 -23 -19 -18 -15 -12  -7  -7  -5  -9 -14 -13 -14 -11 -15
DST2012*23  X220   0 -10 -12 -14 -12 -10 -10 -16 -15 -14 -17 -13 -13 -14 -15 -13 -12 -13 -13 -14 -15 -12 -11 -10  -8 -13
DST2012*24  X220   0  -7  -8  -9 -10 -12 -10 -13 -17 -23 -26 -20 -20 -17 -19 -20 -21 -19 -20 -20 -19 -17 -18 -18 -15 -17
DST2012*25  X220   0 -14 -13 -12 -12 -11 -11 -12 -10 -11 -13 -12 -11 -12 -12 -11 -11 -13 -11 -11 -12 -14 -15 -15 -12 -12
DST2012*26  X220   0  -8  -8  -9 -10 -14 -15 -12 -12 -12 -11  -9  -7  -6  -6  -5  -4  -7  -6  -5  -8 -10  -7  -3   4  -8
DST2012*27  X220   0   3  -1  -7  -7  -7  -9  -9 -11  -9 -10  -8  -2   0   0   0   0   1  -3  -4  -7  -8  -7  -7  -6  -5
DST2012*28  X220   0 -10 -15 -11  -8  -8  -8 -10 -12 -15 -19 -16 -15  -9  -9 -11  -9  -9  -6  -5  -8  -8  -9 -13 -12 -11
DST2012*29  X220   0 -10  -6  -4  -4  -6  -2   1   0  -7 -12  -9  -4  -2  -4  -5  -6  -7  -5  -6  -9  -8 -10 -11  -7  -6
DST2012*30  X220   0  -3  -1  -2  -4  -4  -1   1  -5 -15 -18 -15  -6  -5  -7 -13 -12 -12 -11 -11  -9  -8  -6  -8 -10  -8
DST2012*31  X220   0  -8  -7  -5  -4  -3  -6  -8 -10 -12 -14 -11 -10 -10  -9  -6  -6  -6  -7  -6  -3  -2  -1  -4  -3  -7
